drug_id,smiles
0,O=C(Nc1cc(C)cc(c1)C)Nc1ccc(cc1)c1c(C)sc2c1c(N)ncn2
1,S=C1NC(=O)C(=C2C(=O)Nc3c2cc(Br)cc3)S1
2,COC(=O)c1c(C)n2c(c1c1ccc(cc1)NC(=O)Nc1ccccc1)c(N)ncn2
3,ON=C1c2cc(ccc2-c2c1cccc2)NS(=O)(=O)c1cccc(c1)Br
4,FC(c1cc(ccc1Cn1nnc(c1)c1ccc2c(c1)cn[nH]2)C(F)(F)F)(F)F
5,Cc1nnc(o1)c1sc2c(c1)c(cnc2)Oc1ccc(cc1)C(F)(F)F
6,CCCc1noc(c1)c1ccc2c(c1)cn[nH]2
7,NCCNS(=O)(=O)c1cccc(c1)C(=O)Nc1ccc(cc1)c1n[nH]c(=O)c2c1cccc2
8,O=C(Nc1ccnc2c1cccc2F)Nc1cccc(n1)C(F)(F)F
9,CCCCOc1ncnc2c1c(c[nH]2)c1ccccc1
10,N#Cc1cnc2c(c1Nc1ccc3c(c1C)cc[nH]3)cc(s2)C=CC(=O)N1CCCC1
11,Nc1n[nH]c2c1cc(cc2)c1nnn(c1)Cc1ccccc1
12,COc1cccc(c1)c1cn2c(c1)c(=O)[nH]c1c2cccc1
13,OCC(NN1C(=O)c2c(C1=O)c1c(c3c2c2ccc(cc2n3C2CC(O)C(C(O2)CO)O)O)[nH]c2c1ccc(c2)O)CO
14,CNc1sc(c(n1)C)c1nc(ncc1C#N)Nc1cccc(c1)N1CCNCCC1
15,O=C1NCCc2c1cc([nH]2)c1ccncc1
16,CC(Cn1c(N)nc2c1cc(cc2)c1c(nc2n1ccs2)c1ccc(cc1)F)C
17,OCC1OC(OC(=O)c2cc(O)c(c(c2)O)O)C2C(C1OC(=O)C1=CC(=O)C(C3(C1c1c(C(=O)O2)cc(c(c1O3)O)O)O)(O)O)O
18,OCC(NC(=O)c1ccc(cc1)c1ccncc1)Cc1ccc(cc1)Cl
19,O=C1Nc2c(C1=Cc1cn(c3c1cccc3)C)nccc2
20,O=C(c1cccc(c1)[N+](=O)[O-])NN=Cc1ccc(o1)Sc1nc2c([nH]1)cccc2
21,CCN(c1ccc(cc1)Nc1nc(NC2CC2)c2c(n1)nc[nH]2)C(=O)C
22,Fc1ccc(cc1)c1nc2n(c1c1ccnc(n1)NC1CCN(CC1)C(=O)C)cco2
23,COc1cc(cc(c1OC)OC)C1=C(CNC1=O)c1c[nH]c2c1cccc2
24,Nc1ncc(cc1OC(c1c(Cl)ccc(c1Cl)F)C)c1cnn(c1)C1CCNCC1
25,COc1cc2ncnc(c2cc1CN(CC(=O)N)C)Nc1cccc(c1F)Cl
26,O=C1NC(=O)c2c1c1c3ccccc3n3c1c1c2c2ccccc2n1C1N(C3CC1)Cc1ccccc1
27,COCCOCC#Cc1scc(c1)c1n[nH]c2-c3c(C(=O)c12)cc(cc3)CN1CCN(CC1)C
28,Fc1cc(F)c(cc1c1ncoc1c1ccc2n(c1)c(nn2)C(C)C)F
29,C1CCN(CC1)c1ncnc2c1c(c[nH]2)c1ccccc1
30,CCOc1nc(NC(=O)C)cc(c1C#N)N
31,Oc1cccc(c1)Nc1ncnc2c1c(Cl)cs2
32,CNC(=O)C(N(Cc1cc2c(ncnc2cc1OC)Nc1cccc(c1F)Cl)C)C
33,Brc1ccc2c(c1)c(n[nH]2)c1ccccc1
34,COc1cccc(c1)CNC(=O)c1cnc(nc1)c1ccncc1
35,NC(Cc1c[nH]c2c1cccc2)COc1cncc(c1)c1ccc2c(c1)CC(=O)N2
36,O=C1C(=O)C(=C1NCc1ccccc1F)Nc1ccncc1
37,O=C(Nc1cccc(c1)C)Nc1ccc(cc1)c1cnc2n(c1N)ncc2c1cnn(c1)C
38,O=C(Nc1ccccc1)Nc1ccccc1
39,CN1CCN(CC1)c1nc(C=Cc2ccccc2)nc(c1)Nc1n[nH]c(c1)C
40,OCC(CNc1nccc(n1)c1c(nc2n1ccnc2CC1CC1)c1ccc(cc1)F)(C)C
41,c1ccc(cc1)CNc1sc2c(n1)ccc(c2)c1ccncc1
42,Oc1ccc2c(c1)c1c([nH]2)cc(c2c1C(=O)NC2=O)c1ccccc1Cl
43,OCc1ccc(cc1)c1sc(nc1C(=O)O)N1CCc2c(C1)c(ccc2)C(=O)Nc1nc2c(s1)cccc2
44,CN(CC(=O)NC(Cc1c[nH]c2c1cccc2)COc1cncc(c1)c1ccc2c(c1)ccnc2)C
45,CCC1N(C2CCCC2)c2nc(ncc2N(C1=O)C)Nc1ccc(cc1OC)C(=O)NC1CCCCC1
46,Cc1nc2cc(nn2c(c1)C(=O)N)C(C)(C)C
47,CCCCCCCCCCCCCCCCOCC(COCCCCCC[N+](C)(C)C)OC.[Br-]
48,CC(=O)Nc1cccc(c1)CNC1=C(C(=O)C1=O)Nc1ccc2c(c1)cn[nH]2
49,N#CCC(=O)N1CCC(C(C1)N(c1ncnc2c1cc[nH]2)C)C
50,OCc1ccc(o1)C(=O)NN=Cc1cc(C(=O)O)c(c(c1F)F)Nc1ccc(cc1F)I
51,O=C(Nc1cc(ccc1F)C(F)(F)F)Nc1ccc(cc1)c1csc2c1c(N)ncn2
52,COc1ccccc1CNc1ncc(c(n1)NC1CCCC1)C(=O)NC1CCN(CC1)C
53,Nc1nccc(n1)c1sc(nc1C)COc1ccccc1Cl
54,CCCC(=O)Nc1n[nH]c2c1cc(nn2)c1cccc(c1F)F
55,N#CC(=C1NNC(=C1C#N)N)C=C1C=CC(=O)C(=C1)OC
56,NC(=O)c1cccc(c1)c1cnc2c(c1)c(c[nH]2)c1ccccc1
57,NC1C2C1CN(C2)c1nc2c(cc1F)c(=O)c(cn2c1ccc(cc1F)F)C(=O)O
58,CCc1nc(c(s1)c1ccnc(c1)NC(=O)c1ccccc1)c1cccc(c1)C
59,c1ccc(cc1)c1cccc2n1ccn2
60,c1sc2c(-c3[nH]ncc3CC2)c1
61,COc1nccc(n1)c1n(cnc1c1ccc(cc1)F)C1CCNCC1
62,CCOC(=O)CSc1cnc(s1)NC(=O)C
63,N#Cc1ccc(cn1)c1n[nH]c2-c3c(Cc12)ccc(c3)OCCCCN1CCOCC1
64,Fc1ccc(c(c1)F)c1nc2n(c1c1ccc3n(n1)c(nn3)C(C)C)CCC2
65,COc1cccc(c1CNc1nc(NC2CCCCC2)nc2c1cc(Cl)cc2)OC
66,COc1ccc(cc1)C(=O)N1c2ccccc2Sc2c1cncc2Cl
67,O=C(Nc1ccc(c(c1)C)F)Cc1ccc(cc1)c1cccc2c1c(N)n[nH]2
68,O=c1c2CSCc2nc2n1[nH]c(c2)c1ccco1
69,C=C(C(C)C)CCC(C1CCC2C1(C)CCC(=O)C2CCc1cc(O)ccc1C)C
70,NCCOc1cncc(c1)C=Cc1ccncc1
71,O=C(Nc1cccc(c1)C(F)(F)F)Nc1cccc(c1)c1cn2ccnc2c(n1)NCc1ccncc1
72,NC(=O)c1sc2c(c1N)c(nn2C)C
73,Nc1ncnc2c1c(cn2C1CCCC1)c1ccc(cc1)Oc1ccccc1
74,C=CCc1cccc2c1oc(cc2=NO)c1ccccc1
75,O=C(c1ccccc1)Nc1n[nH]c2c1cc(cc2)c1nnn(c1)Cc1ccccc1
76,NCC(c1ccccc1)NC(=O)c1ccc(cc1)c1ccncc1
77,CC(C1CCCCC1)NC1=C(C(=O)C1=O)Nc1ccncc1
78,COC1C(CC2OC1(C)n1c3ccccc3c3c1c1n2c2ccccc2c1c1c3CNC1=O)[N+](CC)(C)C
79,CN1CCN(CC1)c1nc2ccccc2c(n1)C1=C(C(=O)NC1=O)c1c[nH]c2c1cccc2
80,N#Cc1ccc2c(c1)C(C(=O)N2)c1ccc2c(n1)CCCC2O
81,OCC(CNc1nccc(n1)c1c(nc2n1ccnc2C)c1ccc(cc1F)F)(C)C
82,Ic1ccc(cc1)Oc1cncc2c1cc(s2)c1[nH]oc(=O)n1
83,CCOc1nc(cc(c1C#N)N)C(=O)NCc1ccc(cc1)S(=O)(=O)C
84,Clc1ccc2c(c1)c(=O)c1c(n2O)n(nc1C)c1ccccc1
85,CCCCNc1nc(c(s1)C(=O)c1ccccc1)N
86,O=C(Nc1ccnc2c1cccc2C(F)(F)F)Nc1cccc(n1)C(F)(F)F
87,CCCc1ccc2c(c1)c(ccn2)NC(=O)Nc1cccc(n1)C(F)(F)F
88,O=C(c1sc2c(c1)c([nH]n2)c1ccccc1)NCC1CCCCC1
89,OCCCOc1cc2OCCCCCOc3nc(NC(=O)Nc2cc1Cl)cnc3C#N
90,N#CCCCCn1nc(c2c1ncnc2N)c1ccc(c(c1)O)F
91,N#Cc1c(N)cc(nc1c1ccccc1)NC(=O)C
92,CCOc1nc(NC(=O)Cc2cc(OC)c(cc2OC)S(=O)(=O)C)cc(c1Cl)N
93,O1CCC(CC1)Cn1nnc(c1)c1ccc2c(c1)cn[nH]2
94,OC(=O)C1CN(C1)Cc1ccc(cc1Cl)OCc1ccccc1
95,O=C1C(=O)C(=C1Nc1ccncc1)NCc1ccc(c(c1)Cl)Cl
96,O=C1NC(=O)c2c1c1c3ccccc3ccc1c1c2c2ccccc2[nH]1
97,Nc1nc(NCc2ccccc2N(S(=O)(=O)C)C)c2c(n1)[nH]cc2
98,Fc1ccc(c(c1)Cl)c1ncoc1c1ccc2n(c1)c(nn2)C(C)C
99,O=C(Nc1cc(C)cc(c1)C)Nc1ccc(cc1)NC(=O)c1csc2c1c(N)ncn2
100,COC(=O)CCNCCNS(=O)(=O)c1cccc2c1ccnc2
101,O=C1NC(=O)C(=C1c1nc(nc2c1cccc2)N1CCNCC1)c1c[nH]c2c1cccc2
102,Cc1ccc(cc1)n1nc(c2c1n(O)c1ccc(cc1c2=O)Cl)C
103,COc1c(ccc2c1CCC(CC2)N1CCOCC1)Nc1ncc(c(n1)NC1C2C=CC(C1C(=O)N)C2)Cl
104,COc1ccccc1c1ccnc(n1)Nc1cccc(c1)S(=O)(=O)C
105,CN(CC(CNc1nccc(n1)c1c(nc2n1cco2)c1ccc(cc1)F)(C)C)C
106,CSc1nn(c(c1C(=O)N)N)c1ccccn1
107,O=C(Nc1cccc(c1)C(F)(F)F)Nc1ccc(cc1)c1noc2c1c(N)ncn2
108,COc1ccc(cc1Nc1nccc(n1)c1c(nc2n1ccs2)c1cccc(c1)NC(=O)c1c(F)cccc1F)CN(C)C
109,Clc1ccc(cc1)CNC(=O)c1sc2c(c1)c([nH]n2)c1ccccc1
110,Nc1n[nH]c2c1cc(cc2)c1nnn(c1c1ccccc1)Cc1ccccc1
111,CN1CCC(CC1)NC(=O)c1sc2c(c1)c([nH]n2)c1ccccc1
112,O=C(c1ccc2c(c1)nc1c(n2)[nH]c2c1cccc2)NC(C)(C)C
113,Clc1ccc(cc1)CNc1ccc2n(n1)c(nn2)c1ccccc1
114,CNC(=O)c1ccccc1Sc1ccc2c(c1)[nH]nc2C=Cc1ccccn1
115,COc1ccc2c(c1)nccc2NC(=O)Nc1nccc(c1)C(F)(F)F
116,CCCC(=O)Nc1nn(c2c1cc1ccccc1n2)C(=O)CC
117,O=C(CCn1c2c(c3c1cccc3)c1CNC(=O)c1c1c2[nH]c2c1cccc2)NCC1COCC1
118,CCN(CCCCNc1ncc2c(n1)nc(c(c2)c1c(Cl)cccc1Cl)NC(=O)NC(C)(C)C)CC
119,OCCn1ncc(c1)c1cnc2c(n1)n(nn2)Cc1ccc2c(c1)cccn2
120,NCC1CCC(CC1)CNc1nc(ncc1[N+](=O)[O-])NCc1ccccc1Cl
121,CC(Nc1c(nc2n1cccn2)c1ccc2c(c1)cn[nH]2)C
122,OCCCNc1ncnc2c1c(c[nH]2)c1ccccc1
123,NC(Cc1c[nH]c2c1cccc2)COc1cncc(c1)c1ccc2c(c1)c(C)[nH]n2
124,CN(Cc1ccn2c(c1O)nc(cc2=O)C)C
125,OC1CCC(CC1)n1nc(c2c1ncnc2N)I
126,Fc1cccc(c1)C(=O)Nc1ccc2c(c1)cn[nH]2
127,Cc1ccc(cc1)c1cc2c([nH]1)ncc(n2)Br
128,O=C1CCCc2c1c(=O)c1c(o2)cc(cc1)C(F)(F)F
129,O=C(Nc1cccc(c1)C)Nc1ccc(cc1)c1csc2c1c(N)ncc2C#CCNS(=O)(=O)C
130,COc1cccc(c1)C(NC(=O)c1ccc(c(c1)C)c1ccncc1)C
131,COc1cc2ncnc(c2cc1CN1CC(C1)C(=O)N)Nc1cccc(c1F)Cl
132,NCCCNCCCNC1=C(C(=O)NC1=O)c1cc2c([nH]1)cccc2
133,COc1cc(C)c(cc1NC(=O)Nc1cnc(cn1)C#N)Cl
134,O=C(Nc1ccccc1C)Nc1ccc(cc1)c1coc2c1c(N)ncn2
135,O=C1CC(C)(C)CC2=C1C(C1=C(C)NNC1=N2)c1ccccc1F
136,Nc1ncnc2c1c(nn2C1CCCC1)c1cnc2c(c1)cc[nH]2
137,O=C1NC(=O)c2c1c1c3ccccc3[nH]c1c1c2c2ccccc2[nH]1
138,CCN(C1CC2OC(C1OC)(C)n1c3ccccc3c3c1c1n2c2ccccc2c1c1c3CNC1=O)C
139,O=c1nc(cc([nH]1)c1ccccc1)c1ccc2c(c1)cn[nH]2
140,Cc1ccc(cc1)c1nn(c2c1c(N)ncn2)C(C)(C)C
141,O=C(C(Cc1c[nH]c2c1cccc2)N)Nc1cncc(c1)C=Cc1ccncc1
142,CN(CCCC(=O)Nc1n[nH]c2c1cc(nn2)c1cccc(c1F)F)C
143,Nc1ccc(cc1)c1csc2c1c(N)ncc2C=Cc1nc2c([nH]1)cccc2
144,COc1cc2nc(NC3CCC(CC3)O)cnc2cc1OC
145,OCCn1nc(c2c1ncnc2N)c1ccc(c(c1)OCC)OC
146,O=C(c1c(F)cccc1F)Nc1cnc2c(c1)c(c[nH]2)c1ccccc1
147,Fc1ccc(cc1)c1nc2n(c1c1ccc3c(c1)n(CC1CC1)c(n3)N)ccs2
148,NCCCOc1cc2C(=O)NCc2c(c1)c1ccc(cc1)Nc1nc2c(o1)cc(cc2)Cl
149,COc1ccc(cc1O)C=C1SC(=NC1=O)Nc1ccccc1
150,O=C(Nc1cccc(c1)F)Nc1ccc(cc1)c1csc2c1c(N)ncc2c1cnn(c1)C(C(=O)N)(C)C
151,O=C(Nc1cc(ccc1F)C(F)(F)F)Nc1ccc(cc1)c1c(C)sc2c1c(N)ncn2
152,Clc1ccc(c(c1)Cl)CNC1=C(C(=O)C1=O)Nc1ccc2c(c1)cn[nH]2
153,Cn1ncc(c1)Nc1ncc(c(n1)Nc1ccccc1C(=O)N)Cl
154,COc1cc2ncnc(c2cc1CN(C1CCNC1=O)C)Nc1cccc(c1F)Cl
155,CCN(CC#Cc1cnc(c2c1scc2c1ccc(cc1)NC(=O)Nc1cccc(c1)C)N)CC
156,Clc1cccc(c1)C(CNC1=CC=NC(=O)C1=C1Nc2c(N1)cc(cc2C)N1CCOCC1)O
157,OCC(c1cc(Cl)cc(c1)Cl)NC(=O)c1ccc(cc1)c1ccncc1
158,OCC(CNc1nccc(n1)c1c(nc2n1ccnc2OC)c1ccc(cc1)F)(C)C
159,N#Cc1cnc(cn1)NC(=O)Nc1ccc2c(c1)ccc(c2)C(=O)O
160,O=C(Nc1cccc(c1)F)Nc1ccc(cc1)c1csc2c1c(N)ncc2c1ccc(nc1)C
161,COc1cccc(c1)CNC(=O)c1sc2c(c1)c([nH]n2)c1ccccc1
162,O=C(Nc1ccc(cc1)C)Nc1ccc(cc1)c1coc2c1c(N)ncn2
163,COCc1nnn(c1C(=O)NNC(=C1C=CC(=O)C=C1O)C)c1nonc1N
164,COC1C(CC2OC1(C)n1c3ccccc3c3c1c1n2c2ccccc2c1c1c3CNC1=O)N(C(=O)c1cc(cc(c1)[N+](=O)[O-])[N+](=O)[O-])C
165,Clc1nc(NC2CCC(CC2)NS(=O)(=O)C)nc(c1)c1c[nH]c2c1cccn2
166,CCN(CCNC(=O)c1c(C)[nH]c(c1C)C=C1C(=O)Nc2c1cc(F)cc2)CC
167,CN1CCN(CC1)c1ccc(cc1)Nc1ncc2c(n1)n(C1CCCC1)c(n2)Nc1ccccc1
168,CN(C1CCN(CC1)c1ccc(nc1)Nc1nccc(n1)c1c([nH]nc1C(F)(F)F)C(C)C)C
169,COc1cc(ccc1O)C=C1SC(=O)NC1=O
170,CN1CCC(CC1)NC(=O)c1cnc(nc1NC1CCCC1)NCc1cc(Cl)ccc1Cl
171,OCCCn1c(NC(=O)c2cccc(c2)[N+](=O)[O-])nc2c1cccc2
172,Oc1ccc(c(c1)Cl)n1cc(C(=O)N)c(=O)c2c1cc(cc2)c1ccncc1
173,NNC(=O)c1cn(c2ccc(cc2C)O)c2c(c1=O)ccc(c2)c1ccncc1
174,COc1cc(ccc1C(=O)NC(c1cccc(c1)OC)C)c1ccncc1F
175,O=C(Nc1ccc(cc1)C)Nc1ccc(cc1)c1csc2c1c(N)ncc2c1cnn(c1)C(C(=O)N(C)C)C
176,Cc1oc(=O)c2c(n1)c1c(Cl)ccc(c1s2)Br
177,NC(=O)c1ccc(cc1)c1c[nH]c2c1c(Cl)ccn2
178,Nc1nn2c(n1)cc(cc2)c1cncc(c1)S(=O)(=O)NC(C)(C)C
179,Nc1ncnc2c1c(nn2C(C)C)c1ccc2c(c1)[nH]cc2
180,OCC(Cn1nc(c2c1ncnc2N)c1ccc(c(c1)OC)OC)C
181,Cc1c(cccc1O)NC(=O)c1cnn2c1nccc2c1ccccc1
182,OCC(NN1C(=O)c2c(C1=O)c1c(c3c2c2cc(O)ccc2n3C2OC(CO)C(C(C2O)O)O)[nH]c2c1ccc(c2)O)CO
183,CC(Cc1noc(c1)c1ccc2c(c1)c(N)n[nH]2)C
184,c1ccc(cc1)C1CCc2c(C1)cn[nH]2
185,O=C(Nc1cccc(c1)Br)Nc1ccc(cc1)c1csc2c1c(N)ncc2
186,OCC(CNc1nccc(n1)c1c(nc2n1ccnc2Cl)c1ccc(cc1)F)(C)C
187,O=C(Nc1cccc(c1)C)Nc1ccc(cc1)c1coc2c1c(N)ncn2
188,COc1nccc(n1)c1c(ncn1C1CCC(CC1)O)c1ccc(cc1)F
189,OCC(C(=O)NC(C(=O)NC(C(=O)NC(C(=O)NC(C(=O)O)CCCN=C(N)N)CCCN=C(N)N)CCCN=C(N)N)CCCN=C(N)N)NC(=O)C(NC(=O)C(NS(=O)(=O)c1cccc2c1ccnc2)C)C
190,OCC1OC(C(C(C1OC)O)O)n1c2c(Cl)cccc2c2c1c1[nH]c3c(c1c1c2C(=O)N(C1=O)C)cccc3Cl
191,NC(=O)C1C2C=CC(C1Nc1nc(ncc1Br)Nc1cnn(c1)C)C2
192,CN1CCC(CC1)NC(=O)c1cnc(nc1NC1COCC1O)Nc1cc(Cl)cc(c1)Cl
193,N#CC1=C(N)Oc2c(C1c1ccccc1F)c([nH]n2)C(C)(C)C
194,Clc1ccc2c(c1)c(c1ccccc1)c(c(=O)[nH]2)N
195,O=C(C1CCC(CC1)C(N)C)Nc1ccnc2c1cc[nH]2
196,O=C(Cc1cccc2c1cccc2)NNC1=C2C=CC(=O)C(=C2CCC1)C
197,O=c1nc2sccc2c([nH]1)N
198,NC(Cc1c[nH]c2c1cccc2)COc1cncc(c1)c1sc2c(c1)ccnc2
199,O=C(C1CCCN1)Nc1ccc(cc1)c1ccnc(n1)Nc1ccc(cc1)N1CCOCC1
200,Fc1ccc(c(c1)F)c1nc2n(c1c1ccnc(n1)NCCC(O)(C)C)ccnc2C
201,COc1ccc(cc1Cl)NC(=O)Nc1ccc(cc1)c1cccc2c1c(N)no2
202,NC(Cc1c[nH]c2c1cccc2)COc1cc(cnc1Cl)C=Cc1ccncc1
203,CCOC(=O)c1ccc2c(c1)c1CCNC(=O)c1[nH]2
204,O=C(Cc1ccccc1)Nc1cccc(c1)c1nc2n(c1c1ccnc(n1)Nc1ccc(cc1)N1CCOCC1)ccs2
205,Fc1ccc(cc1)c1nc2n(c1c1ccnc(n1)NC1CCNCC1)cco2
206,O=C(Nc1ccc(cc1C)c1cccc2c1CNC2=O)Nc1cccc(c1)C
207,COc1cc(ccc1OC)C=C1SC(=NC1=O)Nc1ccccc1
208,O=C(Nc1ccnc2c1ccc(c2)OC(F)F)Nc1cccc(n1)C(F)(F)F
209,FC1=CC(=C2NN(c3c2c(N)ncn3)C(C)C)C=CC1=O
210,CCCC(=O)Nc1n[nH]c2c1cc(cc2)c1nnn(c1c1ccccc1)Cc1ccccc1
211,Clc1nc(NC2CCOCC2)nc(c1)c1c[nH]c2c1cccn2
212,CC(N(C(=O)Nc1ccc2c(c1)nc(c(n2)c1ccco1)c1ccco1)C(C)C)C
213,OCCC(c1ccccc1)Nc1sc2c(n1)ccc(c2)c1ccncc1
214,N#Cc1ccc2c(c1)n(cn2)c1cncc(n1)NC(c1ccccc1F)C
215,CCc1ccc2c(c1)nccc2NC(=O)Nc1cccc(n1)C(F)(F)F
216,N#Cc1cnc2c(c1c1ccccc1)c(C)[nH]n2
217,COc1cc2c(cc1OC)ncn2c1cc(c(s1)C(=O)N)OCc1ccccc1C(F)(F)F
218,CN1CCN(CC1)CCCNc1cccc(n1)c1nc2c([nH]1)cccc2C(=O)N
219,COc1cc2c(cc1OC)ncnc2N1CCN(CC1)C(=O)Nc1ccc(cc1)Oc1ccccc1
220,O=C(CCn1c2c(c3c1cccc3)c1CNC(=O)c1c1c2[nH]c2c1cccc2)NCCN1CCCCC1
221,CC(Nc1nccc(n1)Nc1ncc(s1)c1ccccc1)C
222,CN(c1cc2sncc2cc1NC(=O)C(=O)O)C
223,O=C(c1ccncc1)Nc1n[nH]c2c1cc1ccccc1n2
224,O=C(Nc1ccnc2c1cccc2C(F)(F)F)Nc1cccc(n1)N1CCOCC1
225,OCC(COc1cc2OCCCCCOc3nc(NC(=O)Nc2cc1Cl)cnc3C#N)O
226,CCC1N(C2CCCC2)c2nc(ncc2N(C1=O)C)Nc1ccc(cc1OC)C(=O)NC1CCN(CC1)C
227,COCCN(C(=O)c1n(nnc1c1ccc2c(c1)cn[nH]2)Cc1ccccc1)C
228,OCC(=O)N1CCC(C(C1)N(c1ncnc2c1cc[nH]2)C)C
229,Clc1cc(NC2CCCCC2)nc(n1)c1c[nH]c2c1cccn2
230,CCCC(=O)Nc1cccc(c1)c1nc(Nc2ccc3c(c2)cn[nH]3)c2c(n1)ccc(c2)OCCN1CCCC1
231,c1ccc(cc1)Nc1scc(n1)c1ccc2c(c1)cn[nH]2
232,CCOc1nc(cc(c1C#N)N)C(=O)NCc1ccncc1
233,O=C(Nc1cc(C)cc(c1)C)Nc1ccc(c(c1)C(F)(F)F)c1cccc2c1CNC2=O
234,Nc1[nH]nc2c1c(c1ccccc1)c(nn2)c1ccccc1
235,Fc1cccc(c1)CNc1ncnc2c1[nH]cn2
236,[O-][N+](=O)c1ccc(cc1)Nc1nccc(n1)Nc1ccccc1C(=O)O
237,COc1cc(ccc1O)C=C1SC(=S)NC1=O
238,CCCC(=O)Nc1nc(Cl)cc(c1)c1c[nH]c2c1cccn2
239,CCNc1nc(c(s1)c1ccnc(n1)Nc1ccc(cc1)N1CCN(CC1)C(=O)C)C
240,Nc1ncnc2c1c(cn2C1CC(C1)CN1CCCC1)c1cccc(c1)OCc1ccccc1
241,S=C(Nc1ccc(cc1)F)NNC(=O)C(c1ccccc1)(c1ccccc1)O
242,CNC(=O)NC1CCC(CC1)Nc1nc(Cl)cc(n1)c1c[nH]c2c1cccn2
243,NC1CCCCC1Nc1ccc(c(n1)Nc1cccc(c1)Cl)C(=O)N
244,OC(=O)CCOc1ccc(cc1)n1nc(cc1NC(=O)C(=O)c1cccc2c1cccc2)C(C)(C)C
245,Brc1ccc(cc1O)c1nn(c2c1c(N)ncn2)C(C)C
246,Clc1ccc(cc1)Oc1cncc2c1cc(s2)c1nnc(o1)N
247,NCCN(S(=O)(=O)c1cccc2c1cccc2N(C)C)c1cncc(c1)c1ccc2c(c1)ccnc2
248,CCOC(=O)c1cn(c2ccc(cc2C)O)c2c(c1=O)ccc(c2)c1ccncc1
249,COc1cccc2c1Nc1cc(ccc1C(=O)N2)Nc1ccncc1
250,N#Cc1ccc(cc1)C(=O)Nc1n[nH]c2c1cc(cc2)c1nnn(c1)Cc1ccccc1
251,O=C1C(=Cc2ccccn2)CSCC1=Cc1ccccn1
252,Nc1ccc2c(c1)nn(c2C(=O)O)c1ccccc1
253,O=C(Nc1cccc(c1)C)Nc1ccc(cc1)c1cccc(c1)C(=O)N
254,O=C(C(Cc1cccc2c1cccc2)N)Nc1cncc(c1)C=Cc1ccncc1
255,CC(COc1cnc(c(c1)C=Cc1ccncc1)Cl)N
256,Nc1ncnc2c1c(nn2C(C)C)c1ccc2c(c1)ccn2C(=O)OC(C)(C)C
257,COc1cc(ccc1OC)C=C1C(=O)ON=C1c1ccc(cc1)Br
258,COc1cccc(c1)C(NC(=O)c1sc(nc1C)c1ccncc1)C
259,COc1ccc2c(c1)C(=Cc1cnc[nH]1)C(=O)N2
260,COCCn1nc(c(c1)c1ccncn1)c1ccc(cc1)Cl
261,CCN1CCC(CC1)n1cc(c2c1cccc2)C1=C(C(=O)NC1=O)c1cn(c2c1cccc2)C
262,NC(Cc1cccc(c1)OC(F)(F)F)COc1cncc(c1)c1ccc2c(c1)c(C)[nH]n2
263,N#Cc1ncc2nc1OCCCCOc1c(NC(=O)N2)cc(Cl)c(c1)NCc1cncs1
264,OCCCc1cc2OCCCCCOc3nc(NC(=O)Nc2cc1Cl)cnc3C#N
265,CS(=O)(=O)NCCOc1cncc(c1)c1ccc2c(c1)ccnc2
266,OC(=O)C1CN(C1)Cc1ccc(cc1C)OCc1ccc(c(c1)Cl)Cl
267,CN1CCN(CC1)c1ccc(cc1C)Nc1ncc(c(n1)NC1C2C=CC(C1C(=O)N)C2)F
268,Nc1ncnc2c1sc1c2c(N)ncn1
269,O=C1NC(=O)C(=C1c1cn(c2c1cccc2)C1CCN(C1)Cc1ccccc1)c1cn(c2c1cccc2)C
270,CC(n1nc(c2c1ncnc2N)c1ccc2c(c1)nccn2)C
271,O=C1NC(=O)C(=C1)c1c(c2cc3c(s2)cccc3)n(c2c1cccc2)CCCNC1=NCCN1
272,O=C1NCCc2c1cc([nH]2)c1ccnc(c1)c1cnc2c(c1)cccc2
273,CCOc1nc(cc(c1C#N)N)C(=O)NCc1ccccc1S(=O)(=O)N
274,O=C(Nc1nc(c(s1)c1ccc(cc1)n1cccn1)C)NCCC(=O)Nc1noc(c1)C
275,Oc1ccc(c(c1)C)n1c2cc(Cl)ccc2c(=O)c2c1nc(N)nc2N
276,O=c1nc2sccc2c2n1[nH]c(n2)c1ccncc1
277,COc1ccc(cc1O)c1nn(c2c1c(N)ncn2)C1CCCC1
278,CNC(=O)c1cnc(c2c1scc2c1ccc(cc1)NC(=O)Nc1cccc(c1)Cl)N
279,Nc1n[nH]c2c1cc(cc2)c1nnn(c1I)Cc1ccccc1
280,O=C(Nc1cccc(c1)C(F)(F)F)Nc1ccc(cc1)c1cccc2c1c(C)[nH]n2
281,OCC(CNc1nccc(n1)c1c(nc2n1ccnc2OCC(F)(F)F)c1ccc(cc1)F)(C)C
282,O=C(C=Cc1cnc(c2c1scc2c1ccc(cc1)Br)N)NCCCn1cncc1
283,O=C(Cc1cccc(c1)Cl)Nc1ccc(cc1)c1c(Br)sc2c1c(N)ncn2
284,O=C(N=C1C=CC=C2C1=CC=CC2=O)NC1=CNC=CN1
285,N#CCC(=O)N1CCC(C(C1)c1ncc2n1c1cc[nH]c1nc2)C
286,OC(=O)c1ccccc1Nc1ccnc(n1)Nc1ccc2c(c1)[nH]nc2
287,N#Cc1c(=O)[nH]c(=O)c2-c1c1cc(Cl)ccc1oc2N
288,NC(Cc1ccccc1)CNc1nc(c2ccncc2)c(c(=O)n1C)c1cccc(c1)C
289,Clc1nc(NC2CCCCC2)nc(c1)c1c[nH]c2c1cccn2
290,Nc1n[nH]c2c1cc(cc2)c1ccc(cc1)NS(=O)(=O)C
291,COc1cc(ccc1O)c1ccc2c(c1)c(n[nH]2)C(=O)Nc1ccccc1
292,Fc1ccccc1c1nccc(c1)c1cc2c([nH]1)CCNC2=O
293,NC(Cc1ccccc1)COc1cncc(c1)c1ccc2c(c1)c(C)[nH]n2
294,OC1CCN(CC1)c1ncnc2c1c(c[nH]2)c1ccccc1
295,O=C(Nc1cccc(c1)C)Nc1ccc(cc1)c1csc2c1c(N)ncc2c1cn[nH]c1
296,COc1ccc2c(c1)c1ccncc1[nH]2
297,O=C(Cc1ccccc1Cl)Nc1ccc2c(c1)[nH]nc2
298,COC(C(=O)N1Cc2c(C1)[nH]nc2NC(=O)c1ccc(cc1)N1CCN(CC1)C)c1ccccc1
299,CC(CC(=O)Nc1n[nH]c2c1CN(C2(C)C)C(=O)C1CCN(CC1)C)C
300,CC(c1ccccc1)NC1=C(C(=O)C1=O)Nc1ccncc1
301,OCCNc1ncc2c(c1)cc(cc2)c1cscc1
302,OCCNc1ncc2c(c1)cc(cc2)c1ccncc1
303,N#Cc1ccc(cc1)c1cccc(c1)c1[nH][nH]c2-c1c(C)cc(=O)n2
304,Nc1ccc(cn1)c1ccc2c(c1)CN(CCO2)C(=O)c1ccc(c(c1C)F)S(=O)(=O)C
305,Oc1ccc(cc1)Nc1scc(n1)c1c(C)nc2n1cccc2
306,N#Cc1ccc(nc1)NC(=O)Nc1ccnc2c1ccc(c2)C(F)(F)F
307,O=C1NC(=O)c2c1cc(N(c1ccccc1)C)c(c2)N(c1ccccc1)C
308,COc1cc(C=NNc2ncnc3c2[nH]c2c3cccc2)ccc1OC
309,NC(Cc1c[nH]c2c1cccc2)COc1cncc(c1)c1ccc(c(c1)C(=O)c1cccc(c1)Cl)N
310,O=C1CCCN1c1cccc(c1)Nc1nccc(n1)c1c(nc2n1ccs2)c1cccc(c1)NC(=O)c1c(F)cccc1F
311,NC(=O)c1sc2c(c1)c(cnc2)c1ccc(cc1)S(=O)(=O)C
312,CC(Cn1c(N)nc2c1cc(cc2F)c1c(nc2n1ccs2)c1ccc(cc1)F)C
313,Fc1cccc(c1)c1cncc2c1cc(s2)C(=O)N
314,COc1cc(OC)cc(c1)C(=O)Nc1n[nH]c2c1cc(cc2)c1nnn(c1)Cc1ccccc1
315,O=C(c1cccc(c1)C(F)(F)F)Nc1cccc(c1)c1ccnc2n1nc(c2)c1ccncc1
316,COc1ccc2c(c1)nccc2NC(=O)Nc1cccc(n1)Br
317,NC(=O)Cn1cc(c2c1cnc(n2)N)c1cc2cn[nH]c2c(c1)c1cc2c(s1)cccc2
318,CC(Nc1[nH][nH]c(=O)c1C=C1C=c2c(=N1)cccc2)C
319,CSc1ccc(cc1)c1[nH]c(c(n1)c1ccc(cc1)F)c1ccncc1
320,CNC1CC2OC(C1OC)(C)n1c3ccccc3c3c1c1n2c2ccccc2c1c1c3C(NC1=O)O
321,O=C(Nc1n[nH]c2c1CCC2)Cc1ccc(cc1)Cl
322,Clc1ccc(cc1)C(=O)Nc1n[nH]c2c1cc(cc2)c1nnn(c1)Cc1ccccc1
323,CN1CCN(CC1)c1cccc(c1)Nc1nccc(n1)c1c(nc2n1cccc2)C(=O)N
324,NC1CCC(CC1)Nc1cc(Cl)nc(n1)c1c[nH]c2c1cccn2
325,O=C(Nc1cccc(c1)C)Nc1ccc(cc1)NC(=O)c1csc2c1c(N)ncn2
326,O=C(Nc1cccc(c1)F)Nc1ccc(cc1)NC(=O)c1ccn2c1c(N)ncn2
327,CCOc1nc(cc(c1Cl)N)C(=O)NCc1ccc(cc1)S(=O)(=O)C
328,OCC(=O)N1CCC(CC1)c1[nH]nc(c1c1ccncn1)c1ccc(cc1F)Cl
329,FC(c1ccc(cc1)c1nnc2n1nc(cc2)NC1CC1)(F)F
330,OC(=O)c1csc2c1NCCNC2=O
331,COc1cncc(c1)C=Cc1ccncc1
332,CCc1nc2C(=O)NC(=O)c2c2c1cc(OC)c(c2)OC
333,O=C1c2nc3cccc(c3c(=O)n2-c2c1cc(cc2)[N+](=O)[O-])Br
334,N#Cc1ccc(cc1)C(=O)Nc1nc2c(n1CCC(=O)N)ccc(c2)N(C(=O)C1CCCCC1)C
335,COc1cccc(c1)Nc1nccc(n1)c1sc(=O)n(c1C)CC
336,COc1cc(OC)cc2c1cc(cn2)c1ccncc1
337,COc1cc2ncnc(c2cc1CN1CCN(CC1C(=O)N)C)Nc1cccc(c1F)Cl
338,NCC1CCC(CC1)CNc1nc(ncc1[N+](=O)[O-])NCc1ccccc1SC
339,CNC(=O)c1ccccc1Nc1nc(ncc1Cl)Nc1ccc(cc1OC)N1CCOCC1
340,CN(CCN1CCN(CCC1=O)C(=O)c1cc(sc1NC(=O)Nc1cccc(c1Cl)Cl)C(C)(C)C)C
341,NCCCOc1cncc(c1)C=Cc1ccncc1
342,Clc1ccc(cc1)C(=O)Nc1ccc2c(c1)[nH]nc2
343,CN(CC(COc1ccc(cc1)Nc1nccc(n1)Nc1cc(Cl)ccc1Cl)O)C
344,CCN(CCCNC(=O)c1cnc(c2c1scc2c1ccc(cc1)NC(=O)Nc1cccc(c1)C)N)CC
345,COc1cc(ccc1O)C=C1SC(=NC1=O)Nc1ccccc1
346,O=C(Nc1ccnc2c1cccc2)Nc1cnccn1
347,O=C(Nc1ccnc2c1cc(F)cc2F)Nc1nccnc1
348,C1CCC(CC1)Nc1c(nc2n1cccn2)c1ccc2c(c1)cn[nH]2
349,COC1=c2c(=O)cc(oc2=CC(=O)C1=C1Nc2c(N1)cccc2)C
350,Fc1ccc(c(c1)F)c1cncc2c1cc(s2)C(=O)N
351,CN(CCCN(C(=O)c1cccc(c1)n1nc(cc1NC(=O)Nc1cccc2c1cccc2)C(C)(C)C)C)C
352,O=C(Nc1cc(C)ccc1F)Nc1ccc(cc1)c1coc2c1c(N)ncc2C#CCN1CCOCC1
353,Clc1ccc(cc1)CNC1=C(C(=O)C1=O)Nc1ccncc1
354,O=C(Nc1cccc(c1)F)Nc1ccc(cc1)c1csc2c1c(N)ncc2
355,CC(Oc1n[nH]c(c1)Nc1nc(ncc1Cl)NC(c1ccc(cn1)F)C)C
356,Nc1ncnc2c1ccs2
357,O=C1C(=O)C(=C1Nc1ccncc1)NCc1cccc(c1)C(F)(F)F
358,NC(Cc1cccc(c1)C(F)(F)F)COc1cncc(c1)c1ncc2c(c1)c(C)[nH]n2
359,N#Cc1cnc2c(c1Nc1cc(OC)c(cc1Cl)Cl)sc(c2)c1ccc(cn1)CN1CCN(CC1)C
360,Cc1ccc(c(c1)C)Cn1nnc(c1)c1ccc2c(c1)cn[nH]2
361,c1ccn2c(n1)nc(c2)c1ccc2c(c1)cn[nH]2
362,O=C(Nc1ccc(cc1)C)Nc1ccc(cc1)NC(=O)c1csc2c1c(N)ncn2
363,CNC(=O)c1nccc(c1)Oc1ccc(cc1)NC(=O)Nc1cccc(c1)C(F)(F)F
364,O=C(Nc1ccnc2c1cc(C)cc2)Nc1cccc(n1)C(F)(F)F
365,CCCC(=O)Nc1n[nH]c2c1cc1ccccc1n2
366,O=C1Nc2ccccc2-c2c(C1)c1cc(ccc1[nH]2)[N+](=O)[O-]
367,COc1cc(Nc2ncc(c(n2)Nc2ccccc2C(=O)N)[N+](=O)[O-])cc(c1OC)OC
368,COC(=O)c1cc(cn1C)C(=O)c1cc(cn1C)NC(=O)CCn1c2c(c3c1cccc3)c1CNC(=O)c1c1c2[nH]c2c1cccc2
369,CC(COC(=O)Nc1ccc(cc1)c1cnc2n(c1N)ncc2c1ccc(cc1)N1CCN(CC1)C)C
370,N#Cc1cnc(cn1)NC(=O)Nc1cc(Cl)c(cc1OCC1CCC(C1)C(=O)O)C
371,COc1cccc(c1C1=NCc2c(-c3c1cc(Cl)cc3)nc(nc2)Nc1ccc(c(c1)OC)C(=O)O)F
372,CC(Oc1ccc(cc1Cl)c1noc(n1)c1ccc(cc1)NC1CCC(C1)C(=O)O)C
373,OCC(CNc1nccc(n1)c1c(nc2n1ccnc2)c1ccc(cc1)F)(C)C
374,Brc1ccc(cc1)C=CCNCCNS(=O)(=O)c1cccc2c1ccnc2
375,CCC(Nc1nc(NCc2ccccc2)c2c(n1)n(cn2)C(C)C)CO
376,C=CCn1c(=O)c2c(n1c1cccc(n1)C(O)(C)C)nc(nc2)Nc1ccc(cc1)N1CCN(CC1)C
377,c1ccc2c(-c3[nH]ncc3C2)c1
378,O=C(Nc1cc(C)cc(c1)C)Nc1ccc(cc1)c1cccc2c1cns2
379,Fc1ccc(c(c1)F)c1nc2n(c1c1ccnc(n1)NCC(C(=O)O)(C)C)ccnc2C
380,COCCNc1nccc(n1)c1c(nc2n1ccnc2)c1ccc(cc1)F
381,COc1ccc(cc1Nc1ncc2c(-c3n(C)nc(c3CC2)C(=O)N)n1)N1CCN(CC1)C
382,Cc1cc(n(n1)c1ncnc(c1)NN=Cc1ccco1)c1ccccc1
383,c1ccc(cc1)Cc1noc(c1)c1ccc2c(c1)cn[nH]2
384,N#Cc1ccc(cc1)C(=O)Nc1nc2c(n1C)ccc(c2)N(C(=O)C1CCCCC1)C
385,O=C(Nc1cc(ccc1F)C(F)(F)F)Nc1ccc(cc1Cl)c1n[nH]c(=O)cc1C
386,COc1cccc(c1)Nc1ncnc2c1cccc2
387,OCCCn1c(NC(=O)c2cccc(c2)[N+](=O)[O-])nc2c1ccc(c2)OC(=O)C(C)(C)C
388,COc1cc2c(cc1OC)ncnc2N1CCN(CC1)C(=S)NCc1ccc2c(c1)OCO2
389,COc1cc2ncnc(c2cc1CN1CCCC1)Nc1cccc(c1F)Cl
390,OC1CCC(CC1)Nc1cc(Cl)nc(n1)c1c[nH]c2c1cccn2
391,NCCOc1cncc(c1)c1ccc2c(c1)c(C)[nH]n2
392,O=C(Nc1cc(C)ccc1F)Nc1ccc(cc1)c1cncc2c1c(N)nn2C
393,COc1cc(OC)ccc1C(=O)Nc1nc2c(s1)cc(cc2)Cl
394,OC(=O)c1ccccc1Nc1ccnc(n1)Nc1ccc2c(c1)cn[nH]2
395,CCOC(=O)C1=C(N)n2c(=C(C1c1cccs1)C(=O)N)sc(=Cc1cccs1)c2=O
396,CCOc1nc(NC(=O)Cc2cc(OC)c(cc2OC)S(=O)(=O)C)cc(c1C#N)N
397,c1ccc(cc1)Cn1nnc(c1)c1ccc2c(c1)cn[nH]2
398,O=C(Nc1cc(ccc1Cl)c1nc2n(c1c1ccnc(n1)Nc1cccc(c1)N1CCOCC1)ccs2)Cc1ccccc1
399,CCOC(=O)Cc1nc2c([nH]1)cccc2N
400,CN(C1CCCCC1)Cc1cc(Cl)c(c2c1cccn2)O
401,O=C(Nc1ccc(c(c1)C(F)(F)F)F)Nc1ccc(cc1)c1cccc2c1cns2
402,O=c1nc2sc3c(c2c2n1[nH]c(n2)c1ccncc1)CCCC3
403,OCCn1ncc(c1)c1cnc(c2c1scc2c1ccc(cc1)NC(=O)Nc1cccc(c1)F)N
404,NCCC(c1ccc(c(c1)Cl)Cl)C(=O)Nc1ccc2c(c1)cn[nH]2
405,NCCc1nccn2c1nc(c2c1ccnc(n1)NCC(CO)(C)C)c1ccc(cc1)F
406,Brc1cnc2c(c1)c(c[nH]2)c1ccccc1
407,CN1CCC(CC1)(O)c1cn(c(n1)c1cccc(c1)C(F)(F)F)c1ccnc(n1)NC1CCCC1
408,OCCCn1c(NC(=O)c2cccc(c2)S(=O)(=O)C)nc2c1cccc2
409,Cc1cc(C)c2c(c1)nc(o2)Nc1ccc(cc1F)c1cccc(c1N)C(=O)N
410,Nc1nc(Cl)cc(c1)c1c[nH]c2c1cccn2
411,OCC(Nc1ncnc2c1c(c[nH]2)c1ccccc1)CO
412,OCC(NC(=O)c1ccc(cc1)c1ccncc1)Cc1ccccc1
413,Cc1ccc2c(c1)NC(=O)c1c(N2)cccc1
414,O=C1Nc2ccccc2-c2c(C1)c1cc(Br)ccc1[nH]2
415,O=C1NC(=O)c2c1cc(Nc1ccccc1)c(c2)Nc1ccccc1
416,N#Cc1c(C)c(=Cc2c(C)[nH]n(c2=O)c2ccc(c(c2)Cl)Cl)c(=O)n2c1nc1c2cccc1
417,NC1CCC(CC1)Nc1nccc(n1)c1c[nH]c2c1cccn2
418,O=C(Nc1ccccc1C)Nc1ccc(cc1)NC(=O)c1csc2c1c(N)ncn2
419,c1ccc(cc1)Cn1nnc(c1C1CC1)c1ccc2c(c1)cn[nH]2
420,CCOc1ccc(c(c1)O)C=C1SC(=NC1=O)N
421,OC(=O)c1ccccc1Nc1ncnc(n1)Nc1ccc2c(c1)[nH]nc2
422,N#Cc1ccc(cc1NCc1ccccc1)c1ccncc1
423,COC1C(COC(=O)CBr)OC(C(C1O)O)n1c2c(Cl)cccc2c2c1c1[nH]c3c(c1c1c2C(=O)NC1=O)cccc3Cl
424,CCCCNc1ns(=O)nc1Nc1ccc(cc1)F
425,N#Cc1ccc(cn1)c1n[nH]c2-c3c(Cc12)ccc(c3)OCCN1CCOCC1
426,OC1CCCC(C1)Nc1cc(Cl)nc(n1)c1c[nH]c2c1cccn2
427,CCN(CCNc1ccc(c2c1cccc2)O)CC
428,Fc1cccc(c1)CNc1cc(ccc1C(=O)N)c1ccncc1
429,FC(Oc1ccc(cc1)c1ccc2c(c1)c(c[nH]2)C1=CCNCC1)(F)F
430,Fc1cnc(nc1Nc1ccccc1)Nc1ccccc1
431,Oc1ccc(cc1)C(=O)NC1CNCCCC1OC(=O)c1cc(O)c(c(c1)O)C(=O)c1ccccc1C(=O)O
432,S=C(Nc1ccc(cc1C)Cl)NNC(=O)C(c1ccccc1)(c1ccccc1)O
433,O=C(Nc1cccc(c1)C(F)(F)F)Nc1ccc(cc1)c1cnc2n(c1N)ncc2c1ccc2c(c1)OCO2
434,Nc1cccc(c1)c1cc2cccnc2c(c1)C(=O)N
435,O=C(Cc1ccccc1)Nc1cccc(c1)c1nc2n(c1c1ccnc(n1)Nc1cccc(c1)N1CCCC1=O)ccs2
436,Clc1cccc(c1)C(=O)Nc1n[nH]c2c1cc(cc2)c1nnn(c1)Cc1ccccc1
437,CCS(=O)(=O)c1ccc(cc1)c1cncc2c1cc(s2)C(=O)N
438,OC(=O)COc1cccc(c1)n1nc(cc1NC(=O)C(=O)c1cccc2c1cccc2)C(C)(C)C
439,OCCn1ncc(c1)c1cnc(c2c1scc2c1ccc(c(c1)F)NC(=O)Nc1cccc(c1)C)N
440,O=c1[nH]n2c(c1Br)cccc2
441,O=C(Nc1ccc2c(c1)cn[nH]2)NCc1ccc(c(c1)Cl)Cl
442,O=C(Nc1cc(ccc1F)C(=O)O)Nc1ccc(cc1)c1cccc2c1c(N)n[nH]2
443,CC#Cc1ccc2c(c1)c(ccn2)NC(=O)Nc1cccc(n1)C(F)(F)F
444,FC(c1ccc2c(c1)c1ccncc1[nH]2)(F)F
445,COc1ccc(c2c1onc2N)c1ccc(cc1)NC(=O)Nc1cc(F)cc(c1)F
446,O=C(Nc1ccnc2c1cc(cc2)N1CC2C(C1)COC2)Nc1cnccn1
447,CC(=O)c1c(C)c2cnc(nc2n(c1=O)C1CCCC1)Nc1ccc(cn1)N1CCNCC1
448,Fc1cccc(c1)C(=O)Nc1n[nH]c2c1cc(cc2)c1nnn(c1)Cc1ccccc1
449,Cc1ccc(cc1OCc1ccccc1)c1[nH]nc2c1c(N)ncn2
450,CC(=O)c1cccc(c1)c1cnc2c(c1)cc[nH]2
451,O=C(c1sc2c(c1)c([nH]n2)c1ccccc1)NCc1ccc(cc1)N(C)C
452,OCC(CNc1nccc(n1)c1c(nc2n1ccnc2OC(C)C)c1ccc(cc1F)F)(C)C
453,O=C(c1ccc(cc1)N(C)C)Nc1n[nH]c2c1cc(cc2)c1nnn(c1)Cc1ccccc1
454,Fc1ccc(c(c1)F)c1nc2n(c1c1ccnc(n1)NCC(O)(C)C)ccnc2C
455,N#CC(=C1Nc2c(N1)ccc(c2)C)C=C1C=C(OC)C(=O)C=C1Br
456,COC(=O)C(=O)Nc1cccc2-c3c(Cc12)c(n[nH]3)c1csc(c1)C#CCOc1ccccc1
457,COCCOc1cc2ncnc(c2cc1NC(=O)C1CCCN1C(=O)C=C)Nc1cccc(c1F)Cl
458,Clc1ccc2c(c1)c1[nH]cnc(=O)c1o2
459,O=C(Nc1ccccc1F)Nc1ccc(cc1)c1csc2c1c(N)ncc2c1ccoc1
460,COc1cc(ccc1O)c1ccc2c(c1)Nc1c(O)cccc1NC2=O
461,NCCCCCNC1=C(C(=O)NC1=O)c1cc2c([nH]1)cccc2
462,CSc1ccccc1Nc1nc(nc2c1ncnc2NCC1CC1)N1CCN(CC1)C1CCNCC1
463,COc1cc2ncnc(c2cc1CN(C(C(=O)N(C)C)C)C)Nc1cccc(c1F)Cl
464,O=C1C=CC(=C2NNC(=C2c2ccc(cc2)O)Nc2cccc(c2)Cl)C=C1
465,O=C(Nc1ccc(c(c1)C)C)Nc1ccc(cc1)c1cccc2c1CNC2=O
466,N#CCOc1ccc(cc1)Nc1nc(ncc1Br)Nc1cccc(c1)S(=O)(=O)N
467,Clc1ccc(c(c1)c1c(O)c(=O)[nH]c2c1c(Cl)cc(c2)Cl)O
468,OCC(c1ccccc1)NC(=O)N1CCC(=CC1)c1c[nH]c2c1cccn2
469,COc1cccc(c1)C(NC(=O)c1ccc(c(c1)F)c1ccncc1)C
470,Fc1ccc(cc1)c1nc2n(c1c1ccnc(n1)NC(c1ccccc1)C)cco2
471,COCOc1cccc(c1c1ccc(cc1C(=O)OC)NS(=O)(=O)C)OCOC
472,Fc1ccc(cc1)c1n(nnc1c1ccc2c(c1)c(N)n[nH]2)Cc1ccccc1
473,OCCOc1cc2OCCCCCOc3nc(NC(=O)Nc2cc1Cl)cnc3C#N
474,OCC(NN1C(=O)c2c(C1=O)c1c(c3c2c2ccccc2n3C2OC(CO)C(C(C2O)O)O)[nH]c2c1cc(O)cc2)CO
475,CCn1c2cc(Cl)c(cc2c(=O)c2c1[nH]oc2=O)O
476,O=C(Nc1cccc(c1)F)Nc1ccc(cc1)c1csc2c1c(N)ncc2c1ccoc1
477,O=C(c1cccc(c1)c1cnc2c(c1)cc[nH]2)N1CCOCC1
478,OCC(NN1C(=O)c2c(C1=O)c1c(c3c2c2ccc(cc2n3C2OC(CO)C(C(C2O)O)O)O)[nH]c2c1cccc2O)CO
479,N#Cc1cnc2c(c1Nc1ccc(c(c1)Cl)F)cc(nc2)NCCN1CCOCC1
480,COc1ccc(cc1)c1cnc2n(c1)ncc2Br
481,CCCCn1c(NC(=O)c2ccc(cc2)C#N)nc2c1ccc(c2)N(C(=O)C1CCCCC1)C
482,COc1cccc(c1)C(=O)Nc1cnc2c(c1)c(c[nH]2)c1ccccc1
483,Clc1csc2c1c(ncn2)Nc1ccccc1
484,N#CC1=C(N)Oc2c(C1c1ccccc1Cl)c(C)[nH]n2
485,O=C(Nc1ccnc2c1ccc(c2)C(F)(F)F)Nc1cnccn1
486,Clc1ccc(cc1)C(=O)Nc1c(sc2c1c(Cl)c(cc2)Cl)C(=O)N
487,Oc1cccc(c1)c1cccc2c1c(N)no2
488,Oc1cccc2c1c(NCc1ccc3c(c1)OCO3)ccc2S(=O)(=O)O
489,O=C(Nc1cccc(c1)F)Nc1ccc(cc1)c1csc2c1c(N)ncc2c1cnn(c1)C
490,CSc1ccc2c(c1)c(Cl)c1c(n2)C(=O)NCC1
491,OCC(CNc1nccc(n1)c1c(nc2n1ccnc2NC)c1ccc(cc1)F)(C)C
492,Fc1ccc(cc1)c1cncc2c1cc(s2)C(=O)N
493,COc1cc(ccc1O)c1ccc2c(c1)Nc1ccc(cc1NC2=O)C(=O)NCCNC(=O)C
494,OCC(NN1C(=O)c2c(C1=O)c1c(c3c2c2ccccc2n3C2OC(CO)C(C(C2O)O)O)[nH]c2c1cccc2O)CO
495,COc1cc(ccc1OC)c1nc(Nc2ncccc2C(=O)N)n2c(c1)ncc2
496,O=c1nc2sc3c(c2c2n1[nH]c(n2)c1cccnc1)CCCC3
497,COc1cc(ccc1OC)c1nc(Nc2ccccc2C(=O)N)n2c(c1)ncc2
498,Clc1cc(NC(=O)c2cccnc2)c2c(c1)c1ccncc1[nH]2
499,Nc1ccc(cc1)S(=O)(=O)Nc1ccc2c(c1)nc(c(n2)C)C
500,CSc1c[nH]c2c(c1=O)ccc1c2ccnc1
501,CCN(CCOP(=O)(O)O)CCCOc1ccc2c(c1)ncnc2Nc1n[nH]c(c1)CC(=O)Nc1cccc(c1)F
502,O=C(Nc1cc(C)ccc1F)Nc1ccc(cc1)c1cccc2c1c(N)nn2C
503,COc1ccc(c2c1onc2N)c1ccc(cc1)NC(=O)Nc1ccc(c(c1)C)F
504,CCOc1nc(cc(c1C#N)N)C(=O)NCc1cccnc1
505,COc1ccc(cc1)C(=O)Nc1cnc2c(c1)c(c[nH]2)c1ccccc1
506,O=C(Nc1ncc(s1)[N+](=O)[O-])NCc1ccccc1
507,CC(C(C)(C)C)NC1=C(C(=O)C1=O)Nc1ccncc1
508,COc1ccc2c(c1)ccc(c2)c1c(nc(n1C)c1ccc(cc1C)S(=O)C)c1ccncc1
509,NC(=N)SCCCn1c2ccccc2c(c1c1cc2c(s1)cccc2)C1=C(C(=O)C)C(=O)NC1=O
510,O=C(Nc1ccccc1)NNC=C1C=C(Br)C(=O)C(=C1)Br
511,NC(COc1cncc(c1)C=Cc1ccncc1)COCc1ccccc1
512,COC1C(CC2OC1(C)n1c3ccccc3c3c1c1n2c2ccccc2c1c1c3CNC1=O)[N+](C)(C)C
513,N#Cc1ccc2c(c1)C(=C1NC=C(C=C1)CN1CCOCC1)C(=O)N2
514,NC(Cc1ccccc1)CNc1nc(c2ccncc2)c(c(=O)n1C)c1ccc2c(c1)cccc2
515,OC1CCCN(C1)C(=O)c1noc(c1)c1ccc2c(c1)cn[nH]2
516,CN1CCN(CC1)c1ccc(cc1)Nc1nc(c(s1)C(=O)c1c(Cl)cccc1Cl)N
517,NCC(c1cn(c2c1cccc2)C)c1cncc(c1)C=Cc1ccncc1
518,OCCCNc1cncc(c1)c1cncc(n1)Nc1cccc(c1)Cl
519,O=C(CC(O)(C)C)NCCn1ccc2c1c(ncn2)Nc1ccc(c(c1)Cl)Oc1cccc(c1)C(F)(F)F
520,OC1OC2CC(=O)c3cc(O)c(c(c3-c3c(O)c(O)c4c5c3c(=O)oc3c5c(c(-c5c(C(=O)OC2C(C1O)O)cc(O)c(c5O)O)c(O)c3O)c(=O)o4)O)O
521,NCCCN(C(=O)c1cccc(c1)n1nc(cc1NC(=O)Nc1cccc2c1cccc2)C(C)(C)C)C(C)C
522,NCCCn1cc(c2c1cnc(n2)N)c1cc2cn[nH]c2c(c1)c1cc2c(s1)cccc2
523,O=C(Nc1cccc(c1)C)Cc1ccc(cc1)c1cccc2c1c(N)n[nH]2
524,O=C(Nc1cccnc1)NCCCCCCNC(=O)Nc1cccnc1
525,O=C(Nc1cc(C)cc(c1)C)Nc1ccc2-c3c(CCc2c1)sc1c3c(N)ncn1
526,OCc1cccc(c1)c1nn(c2c1c(N)ncn2)C(C)C
527,Clc1ccc(cc1)CCNC(=O)c1sc2c(c1)c([nH]n2)C
528,COc1cc2CCN(c2cc1Nc1nc(Nc2cccc(c2C(=O)N)F)c2c(n1)[nH]cc2)C(=O)CN(C)C
529,Cc1csc(n1)NC(=O)c1sc2c(c1N)ccc(n2)c1ccncc1
530,O=C(Nc1cccc(c1)C)Nc1ccc(cc1)c1csc2c1c(N)ncn2
531,Cn1cnc2c1c(=O)n(C)c(=O)n2C
532,O=C(c1cc(O)c(c(c1)O)O)OC1CC(CC(C1OC(=O)c1cc(O)c(c(c1)O)O)OC(=O)c1cc(O)c(c(c1)O)O)(OC(=O)c1cc(O)c(c(c1)O)O)C(=O)O
533,CN1CCN(CC1)C1CCC(CC1)n1cc(c2c1ncnc2N)c1ccc(cc1)Oc1ccccc1
534,FC(c1cccc(c1)c1nnc2n1nc(cc2)NC1CCNCC1)(F)F
535,O=C(Nc1cccc(c1N(C)C)c1nc2n(c1c1ccnc(n1)Nc1cccc(c1)N1CCOCC1)ccs2)Cc1ccccc1
536,NC1CCN(C1)c1c(F)cc2c(c1F)n1C(C)CSc1c(c2=O)C(=O)O
537,O=C1C(=O)C(=C1Nc1ccncc1)NCc1ccc(c(c1)C)C
538,N#Cc1ccc(cn1)c1n[nH]c2-c3c(Cc12)cc(c(c3)OC)C#C
539,Brc1ccc2c(c1)c(=O)[nH][nH]2
540,COc1ccc(cc1)CNC1=C(C(=O)C1=O)Nc1ccc2c(c1)cn[nH]2
541,CN1C2CCC1n1c3ccccc3c3c1c1n2c2ccccc2c1c1c3C(=O)NC1=O
542,CN(C(=O)c1n(nnc1c1ccc2c(c1)cn[nH]2)Cc1ccccc1)C
543,COc1cc(c(cc1CC(=O)Nc1cc(N)c(c(n1)OC(C)C)C#N)OC)S(=O)(=O)C
544,Fc1ccc(c(c1)F)c1nc2n(c1c1ccc3n(n1)c(nn3)C(O)(C)C)CCC2
545,Fc1cc2c(=O)c3c(=O)[nH]sc3n(c2c(c1NCc1ccccc1)F)C1CC1
546,O=C(Nc1cccc(c1)C(F)(F)F)Nc1ccc(cc1)c1ccc(=O)[nH]n1
547,COc1ccccc1CNc1ncc(c(n1)NC1CCCC1)C(=O)NCCCN1CCCC1=O
548,CC(=O)c1cccc(c1)c1nn(c2c1c(N)ncn2)C(C)C
549,Oc1ccc(cc1)Nc1cc2C(=O)NC(=O)c2cc1Nc1ccc(cc1)O
550,N#CC(c1ccc(cc1)n1c(=O)n(c2c1c1cc(ccc1nc2)c1cnc2c(c1)cccc2)C)(C)C
551,N#CC(Oc1cccc(c1Cl)C(=O)Nc1cc(ccc1F)N(c1ccc2c(n1)sc(n2)NC(=O)C1CC1)C)(C)C
552,Cc1cc(nnc1NCCN1CCOCC1)c1ccccc1
553,CCc1cccc(c1)NC(=O)Nc1ccc2-c3c(CCc2c1)sc1c3c(N)ncn1
554,CCn1c(nc2c1cc(nc2)Oc1cccc(c1)NC(=O)c1ccc(cc1)OCCN1CCOCC1)c1nonc1N
555,O=C(c1nnn(c1c1cccs1)c1nonc1N)NN=Cc1cccs1
556,NNc1nc(OCCc2ccccn2)nc(c1)N1CCOCC1
557,OCC1OC(OC(=O)c2cc(O)c(c(c2)O)O)C(C(C1O)O)O
558,Cc1ccc(c(c1)c1ccc2n(c1)c(N)nn2)F
559,Fc1ccc(cc1)c1[nH]c(c(n1)c1ccc(cc1)F)c1ccncc1
560,O=C(Nc1cc(ccc1F)C(F)(F)F)Nc1ccc(cc1)c1csc2c1c(N)ncc2c1ccncc1
561,NC(=O)c1cc2c(s1)cncc2
562,O=C(Nc1ccnc2c1ccc(c2)C(F)(F)F)Nc1cccc(n1)C(F)(F)F
563,CN1CCN(CC1)c1ccc(cn1)c1cnc2c(c1)N(CCN2)Cc1cc(Cl)ccc1C(F)(F)F
564,NCC(Cc1ccccc1)COc1cncc(c1)c1ccc2c(c1)c(C)[nH]n2
565,Fc1ccc(cc1)c1nc2n(c1c1ccnc(n1)NCC1CC1)ccnc2
566,c1ccc(cc1)c1ccnc2c1cc[nH]2
567,Brc1ccc(cc1)Oc1cncc2c1cc(s2)C(=O)N
568,O=C1Nc2ccccc2Nc2c1c(N)ncn2
569,NCCNCCNC1=C(C(=O)NC1=O)c1cc2c([nH]1)cccc2
570,O=C(c1nnn(c1c1ccccc1)c1nonc1N)NN=Cc1ccncc1
571,CCCOc1nc(NC(=O)C)cc(c1C#N)N
572,Fc1ccc(cc1)c1nc2n(c1c1ccncc1)ccs2
573,NC1CCN(C1)c1cc2c(cc1F)c(=O)c(c1n2C(C)CS1)C(=O)O
574,NC(Cc1c[nH]c2c1cccc2)COc1cncc(c1)c1ccc2c(c1)ccnc2
575,O=C(C(NC(=O)C(NC(=O)C(NC(=O)C(NS(=O)(=O)c1ccc(c2c1cccc2)N(C)C)C)C)C)CCCN=C(N)N)NC(C(=O)NC(C(=O)NC(C(=O)O)CCCN=C(N)N)CCCN=C(N)N)CCCN=C(N)N
576,O=C1Nc2c(C1)cc(cn2)c1ccccc1
577,O=C(Nc1ccccc1C)Nc1ccc2-c3c(CCc2c1)sc1c3c(N)ncn1
578,O=C(Nc1ccc(cc1)OC(F)F)Nc1ccc(cc1)c1csc2c1c(N)ncc2c1cnn(c1)C
579,O=C(Cc1ccccc1)Nc1cccc(c1)c1nc2n(c1c1ccnc(n1)Nc1cccc(c1)N1CCOCC1)ccs2
580,CCCCC(=O)Nc1nc(Cl)cc(c1)c1c[nH]c2c1cccn2
581,NC(Cc1c[nH]c2c1cccc2)COc1cncc(c1)C=Cc1ccncc1
582,O=C(c1ccccc1NCc1ccncc1)Nc1cccc(c1)C(F)(F)F
583,Nc1nccn2c1c(nc2C1CC(C1)CN1CCCC1)c1cccc(c1)OCc1ccccc1
584,CCN(CCCNc1cccc(n1)c1nc2c([nH]1)cccc2C(=O)N)CC
585,NC(Cc1c[nH]c2c1cccc2)COc1cncc(c1)c1ccc2c(c1)C(=Cc1ccco1)C(=O)N2
586,CCN1N(C2CCCC2)c2nc(ncc2N(C1=O)C)Nc1ccc(cc1OC)C(=O)NC1CCN(CC1)C
587,COc1cc(cc(c1OC)OC)c1ccc2c(c1)NC(=O)c1c(N2)cc(cc1)c1ccccc1NS(=O)(=O)C
588,O=C(Nc1cccc(c1)C)Nc1ccc(cc1)c1cccc2c1c(N)n[nH]2
589,OCC1OC(C(C1O)O)n1nc(c2c1ncnc2N)I
590,Clc1ccc(cc1)C(=O)Nc1cnc2c(c1)c(c[nH]2)c1ccccc1
591,Nc1ncnc2c1c(c1cccc(c1)OCc1ccccc1)c(n2C1CC(C1)CN1CCCC1)C
592,CC(C1CCC(CC1)C(=O)Nc1ccncc1)N
593,CCCCn1c(NC(=O)c2cccc(c2)C#N)nc2c1ccc(c2)N(C(=O)C1CCCCC1)C
594,OC(Cc1c[nH]c2c1cccc2)COc1cncc(c1)C=Cc1ccncc1
595,CCOC(=O)c1cccc2c1nc([nH]2)c1ccc(cc1)N1CCC(C1)N
596,NCC1CCN(C1)c1nc2[nH]cc(c(=O)c2c(c1Cl)C)C(=O)O
597,O=C(Nc1cc(C)ccc1F)Nc1ccc(cc1)c1ccc(c2c1c(N)n[nH]2)OCCCn1cccc1
598,O=C(C1CC1c1ccccc1)Nc1cc2N=CC3=CNNC(=O)c(c1)c23
599,CC(COn1c2ccc(cc2c(=O)c2c1n(C)nc2C)Cl)C
600,COCC(=O)Nc1cccc2-c3c(Cc12)c(n[nH]3)c1csc(c1)C#CCOc1ccccc1
601,N#Cc1sc2c(c1NC(=O)c1ccc(cc1)C)c(Cl)c(cc2)Cl
602,OCC(C(C)C)NC(=O)c1cccc(c1)n1nc(cc1NC(=O)Nc1cccc2c1cccc2)C(C)(C)C
603,NS(=O)(=O)c1cccc(c1)Nc1ncc2c(n1)n(cc2)c1ccccc1
604,CNCC(=O)NC1CCC(CC1)Nc1nc(Cl)cc(n1)c1c[nH]c2c1cccn2
605,O=C(Nc1ccnc2c1cccc2C(F)(F)F)Nc1cnccn1
606,NC1CCCCC1Nc1nccc(n1)c1c[nH]c2c1cccn2
607,Cc1cccc(c1)C1(CC1C(=O)Nc1ccncc1)c1cccc(c1)C
608,CCCCNC(=O)c1cn(C(CC)CC)c(=O)c2c1cc(OC)c(c2)OC
609,CCCn1ncc(c1)c1cnc(c2c1scc2c1ccc(cc1)NC(=O)Nc1cccc(c1)F)N
610,CCN(CCOc1ccc(cc1)c1[nH]c2c(n1)c(ccc2)C(=O)N)CC
611,O=C(Nc1cccc(c1)C)Nc1ccc(cc1)c1cccc2c1CNC2=O
612,Clc1ccc(cc1O)c1nn(c2c1c(N)ncn2)C(C)C
613,CC(=O)Nc1ccc(cc1)n1nc2c(n1)ccc(n2)N
614,NC(Cc1cccc(c1)Cl)COc1cncc(c1)c1ccc2c(c1)c(C)[nH]n2
615,NC(=O)c1sc2c(c1)c(cnc2N)c1ccc(cc1)Nc1nc2c(o1)cccc2
616,OCCNC(=O)COc1cccc(c1)n1nc(cc1NC(=O)C(=O)c1cccc2c1cccc2)C(C)(C)C
617,CC1CNCCN1S(=O)(=O)c1cccc2c1ccnc2.Cl.Cl
618,O=C(Nc1cc(C)ccc1F)Nc1ccc(cc1)c1nsc2c1c(N)ncn2
619,Cc1ccc(cc1)CNC1=C(C(=O)C1=O)Nc1ccncc1
620,Nc1n[nH]c2c1cc(cc2)c1nnn(c1C)Cc1ccccc1
621,COCC#Cc1cccc2-c3c(Cc12)c([nH]n3)c1cccs1
622,O=C(Nc1cc(C)ccc1F)Nc1ccc(cc1)c1cncc2c1c(N)n[nH]2
623,CNC(=O)C=Cc1cnc(c2c1scc2c1cc(F)c2c(c1)cc([nH]2)C)N
624,Clc1ccc(cc1Cl)c1[nH]ncc1c1ccncn1
625,O=C(Nc1ccnc2c1cc(cc2)C(F)(F)F)Nc1cnccn1
626,O=C1NCc2c1cccc2c1ccc(cc1)Nc1nc2c(o1)cccc2
627,O=C(Nc1cccc(c1)C(F)(F)F)Nc1ccc(cc1)C1=Nc2c(N)ncnc2NCC1
628,CNc1cncc(n1)c1c[nH]c(=O)c(c1)NC(=O)c1ccc(cc1)N1CCCC1CN1CCCC1
629,O=C(Nc1cccc(c1)C)Nc1ccc(cc1)c1cccc2c1cn[nH]2
630,Fc1ccc(cc1C(=O)N1CCN(CC1)c1ncccn1)Cc1n[nH]c(=O)c2c1CCCC2
631,Fc1ccc(cc1)c1nn(cc1c1ccncn1)C
632,O=C(Nc1ccc(cc1)C)Nc1ccc(cc1)c1csc2c1c(N)ncc2c1cnn(c1)C
633,Clc1ccc(cc1)c1cc(Nc2ncnc(n2)N)cc(c1O)CNC(=O)C(F)(F)F
634,Nc1ncnc2c1c(nn2C(C)C)c1ccc2c(c1)cn[nH]2
635,OCCCn1cnc(c1c1ccncc1)c1ccc(cc1)F
636,O=C(Nc1cc(nn1c1cccc(c1)C(=O)NCCCCC(=O)O)C(C)(C)C)Nc1cccc2c1cccc2
637,O=C(Nc1ncc(s1)CCNc1ncnc2c1scc2)Nc1cccc(c1)Cl
638,O=C(Nc1ccnc2c1cccc2Cl)Nc1cccc(n1)C(F)(F)F
639,O=C(Nc1ccc(nn1)c1ccccc1)CCCCCCCCCCn1nc(ccc1=N)c1ccccc1
640,Fc1ccc(c(c1)F)c1nc2n(c1c1ccnc(n1)NCC(O)(C)C)ccnc2CC1CC1
641,Fc1cc2CN(CCn3c2c(c1)c(c3)C1=C(C(=O)NC1=O)c1cnc2n1cccc2)C(=O)N1CCCCC1
642,COc1cc2CCN=C(c2cc1Cl)c1cccc(c1)Cl
643,COc1cc(cc(c1OC)OC)C1=C(C(=O)NC1=O)c1c[nH]c2c1cccc2
644,COc1ccc(c2c1onc2N)c1ccc(cc1)NC(=O)Nc1cccc(c1)Br
645,CCCNC(=O)c1ccc(cc1)Nc1nc(CC)c2c(n1)[nH]cc2
646,CN1CCN(CC1)c1ccc(c(c1)NC1CCOCC1)C(=O)Nc1n[nH]c2c1cc(cc2)Cc1cc(F)cc(c1)F
647,O=C1Nc2ccccc2Nc2c1ccnn2
648,O=S(=O)(c1cccc2c1ccnc2)N1CCNCCC1
649,OC(=O)c1c2CCC(=C3CCCC3)c2nc2c1cccc2
650,c1ccc(cc1)CNc1scc(n1)c1ccc2c(c1)cn[nH]2
651,O=C(Nc1ccnc2c1cccc2F)Nc1cnccn1
652,O=C(c1cccc(c1)C(=O)Nc1cc(cc(c1)C(=NN=C(N)N)C)C(=NN=C(N)N)C)Nc1cc(cc(c1)C(=NN=C(N)N)C)C(=NN=C(N)N)C
653,COC1C(CC2OC1(C)n1c3ccccc3c3c1c1n2c2ccccc2c1c1c3CNC1=O)N(C(=O)C)C
654,NC(=O)c1sc2c(c1)c(cnc2)c1ccc(c(c1F)F)Br
655,COc1cc(ccc1O)c1ccc2c(c1)Nc1ccc(cc1NC2=O)C(=O)NCc1cccc(c1)F
656,Nc1ccc(cc1)S(=O)(=O)Nc1nc(cc(n1)c1ccc(cc1)[N+](=O)[O-])c1ccc(cc1)N(C)C
657,O=C(Nc1cc(C)cc(c1)C)Nc1ccc(c(c1)C)c1cccc2c1CNC2=O
658,Brc1cnc2c(c1)c(N)[nH]n2
659,O=C1Nc2c(C1=Cc1c[nH]c3c1cccc3)cccc2
660,Clc1ccc(cc1)c1nn(c2c1c(N)ncn2)C(C)(C)C
661,OCC(CNc1nccc(n1)c1c(nc2n1ccnc2OCC(C)C)c1ccc(cc1)F)(C)C
662,O=C(Nc1snc(c1C(=O)N)OCc1c(F)cc(cc1F)Br)NCCCCN1CCCC1
663,NC(=O)C1CCCN(C1)C(=O)c1noc(c1)c1ccc2c(c1)cn[nH]2
664,N#Cc1c(=O)[nH]c(cc1c1ccc(s1)C)c1cc(Br)ccc1O
665,Clc1nc(NCc2ccccc2)cc(c1)c1c[nH]c2c1cccn2
666,Clc1nnc2c(c1)C(=O)Nc1c(N2)cccc1
667,NC(=N)SCCCn1c2ccccc2c(c1c1cc2c(s1)cccc2)C1=C(C(=O)NC1=O)C(=O)c1ccccc1
668,Clc1ccc(c(c1)Cl)CNC1=C(C(=O)C1=O)Nc1ccc2c(c1)cnn2C(=O)OC(C)(C)C
669,CN1CCC1COc1cncc(c1)CCc1ccncc1
670,N#CC1=C(N)n2c(=C(C1c1ccco1)C(=O)N)sc(=Cc1ccco1)c2=O
671,COc1cc(O)c2c(c1)c1c(C)cc(c(c1oc2=O)O)O
672,NCCNCCCCCNC1=C(C(=O)NC1=O)c1cc2c([nH]1)cccc2
673,CCN(CC#Cc1ccc2c(-c3[nH]nc(c3C2)c2ccc(nc2)C#N)c1)CC
674,S=C(Nc1ccc(cc1)Cl)NNC(=O)C(c1ccccc1)(c1ccccc1)O
675,Brc1ccc2c(-c3[nH]ncc3C2)c1
676,Clc1cncc2n1c(N)nn2
677,Cc1cccc(c1C=Cn1cnc2c1ncnc2Nc1ccc(cc1)P(=O)(C)C)C
678,OCC(CNc1nccc(n1)c1c(nc2n1cc(C)nc2C)c1ccc(cc1F)F)(C)C
679,Fc1ccc(cc1)c1nc(oc1c1ccnc(c1)NC1CCCCC1)C1(O)CCNCC1
680,c1ccc(cc1)Nc1ncnc2c1cccc2
681,OCc1noc(c1)c1ccc2c(c1)cn[nH]2
682,OCC(NC(=O)c1ccc(cc1F)c1ccncc1)Cc1ccccc1
683,CNC(=O)C(n1ncc(c1)c1cnc(c2c1scc2c1ccc(cc1)NC(=O)Nc1ccc(cc1)C)N)C
684,Cn1ncc(c1)Nc1ncc(c(n1)Nc1ccccc1C(=O)N)Br
685,CN1CCN(CC1)CCOc1cc(OC2CCOCC2)c2c(c1)ncnc2Nc1c(Cl)ccc2c1OCO2
686,Oc1ccc(cc1O)c1cnc(o1)Nc1ccc(cc1)S(=O)(=O)N
687,CCCCC#Cc1ccc(cc1)CN1CC(C1)C(=O)O
688,Oc1cccc(c1)c1c(nn2c1nccc2c1ccc(cc1)N1CC2CC1CN2C)c1ccncc1
689,Oc1cccc(c1)Nc1nccc(n1)Nc1ccccc1C(=O)O
690,O=C(Nc1cccc(c1)C)Nc1ccc(cc1)c1ccc2c(c1N)nccn2
691,Fc1ccc2c(c1)n(cn2)c1ncc2c(n1)n(c(=O)[nH]2)C1CCOc2c1cccc2F
692,Fc1ccc(cc1)c1cccc2c1c(N)n[nH]2
693,CCCS(=O)(=O)Nc1ccc(cc1)c1ccc2c(c1)c(n[nH]2)NC(=O)CC
694,N#Cc1c(C)c(=Cc2c(C)[nH]n(c2=O)c2cccc(c2)Br)c(=O)n2c1nc1c2cccc1
695,N#CCc1cccc(c1)c1nn(c2c1c(N)ncn2)C(C)C
696,Cc1ccc(nc1)Nc1nc2c([nH]1)cc(cc2)[N+](=O)[O-]
697,NC(=NCCCC(C(=O)c1nc2c(s1)cccc2)NC(=O)C1CCC2N1CC(N)(CC2)Cc1ccccc1)N
698,NCC1CCn2c(C1)c(C1=C(C(=O)NC1=O)c1cn(c3c1cccc3)C)c1c2cccc1
699,Clc1ccc(c2c1sc1c2[nH]cnc1=O)Cl
700,Fc1ccc(c(c1)F)c1nc2n(c1c1ccc3n(n1)c(nn3)CC(O)(C)C)cco2
701,CC(=O)NC1CCN(C1)c1nc2[nH]cc(c(=O)c2c(c1F)C)C(=O)O
702,CNc1ncnc2c1N=C(CCN2)c1ccc(cc1)NC(=O)Nc1cccc(c1)C(F)(F)F
703,CNCC#Cc1cnc(c2c1scc2c1ccc(cc1)NC(=O)Nc1cccc(c1)C)N
704,COc1ccc2c(c1)nccc2NC(=O)Nc1cccc(n1)C(F)(F)F
705,Clc1nc(N)nc(c1)c1c[nH]c2c1cccn2
706,COc1ccc(cc1)CNC(=O)Nc1ncc(s1)[N+](=O)[O-]
707,Cc1ccc(cc1Nc1ncnc2c1cnn2c1ccccc1)C(=O)Nc1nocc1
708,CN1CCC(C(C1)O)c1c(O)cc(c2c1oc(cc2=O)c1ccccc1Cl)O
709,CN1CCN(CC1)c1ccc(c(c1)Nc1nccc(n1)c1cc(cn1C)C(=O)N)OC(F)(F)F
710,OC(=O)CCC(c1ccc(c(c1)N)O)(c1ccc(c(c1)N)O)C
711,O=C1NN=C2N(C1)c1ccccc1OC2
712,NCCCNc1cc(ccc1C(=O)NC(c1cccc(c1)OC)C)c1ccncc1
713,Cc1ccc(cc1O)c1[nH]nc2c1c(N)ncn2
714,Clc1ccc2c(c1)c1nc[nH]n1c(=O)n2
715,COC(=O)c1cc(cn1C)NC(=O)CCn1c2c(c3c1cccc3)c1CNC(=O)c1c1c2[nH]c2c1cccc2
716,O=C1c2ccccc2-c2c3c1cccc3[nH]n2
717,OCC(CNc1nccc(n1)c1c(nc2n1ccnc2OC)c1ccc(cc1F)F)(C)C
718,N#Cc1ccc2c(c1)n(c1scc(n1)c1ccccc1)c(n2)N
719,NCCN(C(=O)c1cccc(c1)n1nc(cc1NC(=O)Nc1cccc2c1cccc2)C(C)(C)C)CCO
720,OC(=O)c1c(Nc2ccccc2)c2c(n1CCCOc1cccc3c1cccc3)cccc2c1ccccc1C
721,O=C(c1cccc(c1F)F)Nc1cnc2c(c1)c(c[nH]2)c1ccccc1
722,OC1CCC(CC1)Nc1nc(Cl)cc(n1)c1c[nH]c2c1cccn2
723,O=C1NC(=O)C(=C1Nc1ccccc1)Cl
724,O=C1C(=O)C(=C1NCCc1ccc(cc1)Oc1ccccc1)Nc1ccncc1
725,COCCOC1CCC(CC1)n1nc(c2c1ncnc2N)c1ccc(cc1)Nc1nc2c(o1)c(C)cc(c2)C
726,O=C1NC(=O)c2c1c1c3ccccc3n3c1c1c2c2ccccc2n1C1N(C3CCC1)Cc1ccccc1
727,CCCCCCCCCCCCCCCCOCC(COCC[N+](C)(C)C)OC.[Br-]
728,N#CC1=C(C(=O)NC1=O)c1c(c2cc3c(s2)cccc3)n(c2c1cccc2)CCCSC(=N)N
729,CN(CCCn1cc(c2c1cccc2)C1=C(C(=O)NC1=O)c1c[nH]c2c1cccc2)C
730,CC(=O)OCCn1[nH]c(c2-c1nc(=O)cc2C(F)(F)F)c1cccc(c1)Br
731,Oc1cc(C)c2c(c1)oc(=O)c1c2cc(O)cc1O
732,OC1CC(O)(CC(C1OC(=O)c1cc(O)c(c(c1)O)O)O)C(=O)O
733,Cc1ccccc1c1c2ccccc2n(c1C(=O)O)CCCOc1cccc2c1cccc2
734,Ic1nnc2c(c1)C(=O)Nc1c(N2)cccc1
735,O=C1N=C(NC1=Cc1ccc2c(c1)OCO2)Nc1ccccc1
736,Brc1ccc2c(c1)cc(nc2)Nc1ccncn1
737,Clc1cccc(c1)c1cn2c([nH]1)c(I)cnc2=O
738,Oc1ccc(cc1)SCCNc1ccc(cc1[N+](=O)[O-])S(=O)(=O)NC(=O)c1ccc(cc1)c1ccc(cc1)F
739,O=C1NCc2c1c1-c3ccccc3Cc1c1c2c2ccccc2[nH]1
740,CCOc1ccc(cc1)NC(=O)Nc1ccc(cc1)c1csc2c1c(N)ncc2c1cnn(c1)C
741,OCC(COc1ccc(cc1OC)c1ccc2c(c1)Nc1ccc(cc1NC2=O)CCOc1ccc(cc1)N1CCOCC1)O
742,O=C(Nc1ccccc1)Nc1ccc(cc1)NC(=O)c1csc2c1c(N)ncn2
743,NCc1cc(ccc1O)Nc1ncnc(n1)c1ccccc1
744,Oc1ccc(cc1)Nc1ncnc2c1c(Cl)cs2
745,CC(=O)N1CCC(CC1)Nc1ncc2c(-c3n(C)nc(c3CC2)C(=O)N)n1
746,NC1CCC(CC1)Nc1nc(Cl)cc(n1)c1c[nH]c2c1cccn2
747,O=C(Nc1nc2c(s1)cccc2)Cc1cccs1
748,NC(=O)c1sc2c(c1)c(cnc2)c1cc(cc(c1)C(F)(F)F)C(F)(F)F
749,Oc1ccc(c(c1)C)n1cc(C(=O)N)c(=O)c2c1cc(cc2)c1ccncc1
750,NCC(CNc1nc(F)cc(c1)c1c[nH]c2c1cccn2)(C)C
751,OC(=O)CCc1c(C)[nH]c(c1C)C=C1C(=O)Nc2c1cccc2
752,COc1cc2c(cc1OC)ncnc2N1CCN(CC1)C(=O)Nc1ccc(cc1)C(C)C
753,COc1ccc(c2c1onc2)c1ccc(cc1)N
754,COc1cc(ccc1NC(=O)c1cc2c(n1C)cccc2)c1nn(c2c1c(N)ncn2)C1CCC(CC1)N1CCN(CC1)C(=O)C
755,COc1ccc2c(c1)c(cn2C)c1cc2c([nH]1)nccn2
756,CN(c1ccc(c2c1cccc2)N)C
757,O=c1[nH]c2ccc(cc2n2c1ccc2)CN(S(=O)(=O)C)C1CC1
758,O=C(Nc1cccc(c1)Cl)Nc1ccc(cc1)c1ccc(c2c1c(N)n[nH]2)OCCCn1cccc1
759,O=C(NCc1cccnc1)NCCCCCCNC(=O)NCc1cccnc1
760,O=C(c1nnn(c1c1ccccc1)c1nonc1N)NN=Cc1cccs1
761,N#Cc1cncc(c1Nc1ccc2c(c1C)cc[nH]2)C=CCCN1CCCC(C1)N
762,COc1cc2c(cc1OC)ncnc2N1CCN(CC1)C(=O)Nc1ccc(cc1)C#N
763,Nc1nccc2n1c(nc2)c1ccccc1
764,O=C(c1cccc(c1)c1cnc2c(c1)cc[nH]2)NCc1ccccc1
765,Cc1ccc(cc1Nc1ncnn2c1c(C)c(c2)C(=O)c1ccccc1)C(=O)NC1CC1
766,N#Cc1ncc(nc1)NC(=O)Nc1cc(Cl)c(cc1OC)C(=O)O
767,O=C(Nc1cccc(c1)Br)Nc1ccc(cc1)c1ccc(c2c1c(N)n[nH]2)C
768,N#CC1=C(CC(C(C1=O)C(=O)c1ccccc1)c1ccc(cc1)Cl)c1ccccc1
769,O=C(Nc1cccc(c1)C)Nc1ccc(cc1)c1csc2c1c(N)ncc2
770,O=C(Nc1cccc2c1cn[nH]2)NCc1ccc(cc1)Cl
771,OCC(NN1C(=O)c2c(C1=O)c1c(c3c2c2cccc(c2[nH]3)O)n(c2c1cccc2O)C1OC(CO)C(C(C1O)O)O)CO
772,O=C(Nc1ccc(c(c1)C)C)Nc1ccc(cc1)c1csc2c1c(N)ncn2
773,OCC(Nc1ccc(cc1OC)c1nn(c2c1c(N)ncn2)C(C)C)C
774,COc1cccc(c1)C(NC(=O)c1ccc(cc1)c1ccncn1)C
775,OC1OC2CC(=O)c3cc(O)c(c(c3-c3c(O)c(O)c4c5c3c(=O)oc3c5c(c(-c5c(C(=O)OC2C2C1OC(=O)c1cc(O)c(c(c1-c1c(C(=O)O2)cc(c(c1O)O)O)O)O)cc(O)c(c5O)O)c(O)c3O)c(=O)o4)O)O
776,CC(Oc1[nH][nH]c(=O)c1C=C1C=Nc2c1cccc2)C
777,OCc1ccc(c(c1)NC(=O)Nc1ccc(cc1)c1cccc2c1c(N)n[nH]2)F
778,Clc1nnc2c(c1)C(=O)Nc1c(N2)c(ccc1)C(=O)N
779,CCCCCCCCCCCCCCCCOCCC[N+](C)(C)C.[Br-]
780,O=C1Nc2ccccc2Nc2c1cccc2
781,OC(=O)COc1ccc(cc1)n1nc(cc1NC(=O)C(=O)c1cccc2c1cccc2)C(C)(C)C
782,CCNC(=O)c1cnc(c2c1scc2c1ccc(cc1)NC(=O)Nc1cccc(c1)F)N
783,COc1cc(Nc2ncnc(n2)N2CCCc3c2ccc(c3)C)cc(c1OC)OC
784,COc1cccc(c1)C(NC(=O)N1CCC(=CC1)c1c[nH]c2c1cccn2)C
785,Nc1ccc2c(c1)C(c1ccccc1)c1c(N2C)ccc(c1)N
786,COc1cccc(c1)C(NC(=O)c1ccc(cc1)c1ccncc1)C
787,COc1ccccc1CN=C(Nc1nccc(n1)c1cccs1)N
788,O=C(Nc1cccc(c1)C)Nc1ccc(cc1)c1csc2c1c(N)ncc2C#CCN1CCCC1
789,Cc1cc(C)c2c(n1)sc1c2ncnc1N
790,Nc1nccc(n1)c1ccc2c(c1)[nH]nc2N
791,CC(Cn1ncc(c1)c1cnc(c2c1scc2c1ccc(cc1)NC(=O)Nc1cccc(c1)C)N)O
792,O=C(Nc1ccnc2c1cc(F)cc2)Nc1cccc(n1)C(F)(F)F
793,Cc1ccc(cc1)C(=O)Nc1c(sc2c1c(Cl)c(cc2)Cl)C(=O)N
794,Nc1nc(c(s1)c1ccnc(n1)Nc1ccc(cc1)N1CCOCC1)C
795,NC(=O)c1cccc2c1[nH]nc2
796,Clc1cc(NCc2ccccc2)nc(n1)Nc1n[nH]c(c1)C
797,OCC(CNc1nccc(n1)c1c(nc2n1ccnc2C)c1ccc(cc1)F)(C)C
798,COc1cc(ccc1OC)C(=O)Nc1n[nH]c2c1cc(cc2)c1nnn(c1)Cc1ccccc1
799,CC(c1ccc2=NC(=C3NNc4c3cccc4)N=c2c1)(C)C
800,CC(CNc1nccc(c1)c1[nH]c2c(c1c1ccc(cc1)F)nccc2)O
801,Cc1cccc(c1)c1cccc2c1c(N)no2
802,CCNc1nc2cc(OC)c(cc2nc1NCC)Cl
803,O=C1Nc2c(C1)cc(cc2)Nc1ncc(c(n1)NCc1cccnc1N(S(=O)(=O)C)C)C(F)(F)F
804,OCCC(c1ccccc1)NC(=O)c1ccc(cc1)c1ccncc1
805,CC(=O)N1CCN(CC1)C1CCC(CC1)n1nc(c2c1ncnc2N)c1ccc(cc1)NC(=O)c1cc2c(n1C)cccc2
806,OC(=O)c1cnc2-c(c1=O)c(C)[nH]s2
807,CCN(CCNC(=O)C=Cc1cnc(c2c1scc2c1ccc(cc1)NC(=O)Nc1cccc(c1)C)N)CC
808,NCCNc1ccc(c2c1cc([nH]2)c1ccc(cc1)C)C(=O)N
809,CC(N(C(=O)c1n(nnc1c1ccc2c(c1)cn[nH]2)Cc1ccccc1)C)C
810,O=C(Nc1cccc(c1)Cl)Nc1ccc(cc1)c1csc2c1c(N)ncc2
811,COCC(CNc1nccc(n1)c1c(nc2n1ccnc2C)c1ccc(cc1)F)(C)C
812,N#Cc1ccc(nc1)NCCNc1ncc(c(n1)c1ccc(cc1Cl)Cl)c1ncc([nH]1)C
813,Brc1ccc(cc1)c1cccc2c1c(N)n[nH]2
814,OC(=O)C(F)(F)F.OC(=O)C(F)(F)F.N#CC(=C1Nc2c(S1)cccc2)c1ccnc(n1)NCCc1cccnc1
815,COC(=O)Nc1nc2c([nH]1)cc(cc2)C(=O)c1ccccc1
816,OC1C(COC(=O)c2cc(O)c(c(c2)O)O)OC(C(C1OC(=O)c1cc(O)c(c(c1)O)O)OC(=O)c1cc(O)c(c(c1)O)O)OC(=O)c1cc(O)c(c(c1)O)O
817,CCS(=O)(=O)Nc1ccc(cc1)c1ccc2c(c1)c(N)n[nH]2
818,c1ccc(cc1)CSc1n[nH]c(n1)c1ccncc1
819,N#Cc1c(C)c(=Cc2c(C)[nH]n(c2=O)c2ccccc2)c(=O)n2c1nc1c2cccc1
820,O=C(Nc1ccnc2c1ccc(c2Cl)Cl)Nc1cccc(n1)C(F)(F)F
821,N#Cc1ccc2c(c1)n(c1nccs1)c(n2)N
822,CN1CCN(CC1)c1ccc(cc1)Nc1ncc(c(n1)Nc1ccc2c(c1)cn[nH]2)Cl
823,Oc1cc(O)c2c(c1)OC(C(C2c1c(O)cc(c2c1OC1(Oc3c(C2C1O)c1OC(c2ccc(c(c2)O)O)C(C(c1c(c3)O)c1c(O)cc(c2c1OC(C(C2)O)c1ccc(c(c1)O)O)O)O)c1ccc(c(c1)O)O)O)O)c1ccc(c(c1)O)O
824,O=C(N1CCC(=CC1)c1c[nH]c2c1cccn2)NCCc1cccs1
825,COc1cc(ccc1N)c1ccc2c(c1)Nc1ccc(cc1NC2=O)C(C(=O)Nc1ccc(cc1)N1CCOCC1)(C)C
826,CCCNC(=O)c1ccc(cc1)Nc1nc(CCC(F)(F)F)c2c(n1)[nH]cc2
827,Cc1cc2nnc(n2c2c1cccc2)SCc1nc2n(c1)cccc2
828,CONC(=O)c1cc(Nc2ncnn3c2c(C(C)C)c(c3)NC(=O)OCCCS(=O)(=O)C)c(cc1F)F
829,Clc1ccc(c(c1)Cl)c1[nH]c(cc1C(=O)N)c1ccnc(n1)N
830,NCCN(C(=O)c1cccc(c1)n1nc(cc1NC(=O)Nc1cccc2c1cccc2)C(C)(C)C)CC
831,CN(c1cc(cc2c1c(N)n[nH]2)c1ccncc1)C
832,N#CCC(n1ncc(c1)c1ncnc2c1cc[nH]2)C1CCCC1
833,NCCn1cc(c2c1cnc(n2)N)c1cc2cn[nH]c2c(c1)c1cc2c(s1)cccc2
834,COC(=O)Nc1ccc(cc1)c1nc(N2CCOCC2)c2c(n1)n(nc2)C1CCN(CC1)C(=O)OC
835,COc1cc(ccc1N)c1nn(c2c1c(N)ncn2)C1CCCC1
836,OC(=O)C1CN(C1)Cc1ccc(cc1Cl)OCc1cccc(c1)C(F)(F)F
837,COc1cc2CCCCCC(=O)C=CCC(OC(=O)c2c(c1)O)C
838,COC(=O)N1CCC(CC1)n1ncc2c1nc(nc2N1CCOCC1)c1ccc(cc1)N
839,COc1ccc(cc1Nc1ncc(c(n1)Nc1ccccc1S(=O)(=O)NC)Br)N1CCN(CC1)C(=O)C
840,O=C(Nc1ccccc1)Nc1ccc(cc1)c1cccc2c1c(N)n[nH]2
841,CC(Cn1ncc(c1)c1cnc(c2c1scc2c1ccc(cc1)NC(=O)Nc1cccc(c1)F)N)O
842,NC(Cc1c[nH]c2c1cccc2)COc1cncc(c1)c1ccc2c(c1)oc(=O)[nH]2
843,Oc1cccc(c1)Nc1ccnc2n1nc(c2)c1cccc(c1)C(=O)NC1CC(C)(C)N(C(C1)(C)C)[O]
844,NC(=O)c1cccc2c1nc([nH]2)c1ccncc1
845,CNc1ncc2c(n1)ccc(c2)c1cc(ccc1C)C(=O)Nc1cc(ccc1OC1CCN(CC1)C)C(F)(F)F
846,OCCn1nc(c2c1-c1nc(ncc1CC2)Nc1cc(ccc1OC(F)(F)F)N1CCN(CC1)C)C(=O)N
847,O=C1NN=C2N(C1)C=C(C=C2)C
848,OC(=O)C1CN(C1)Cc1ccc(cc1)OCc1cccc(c1)C(F)(F)F
849,CCn1c(nc2c1c(cnc2)C(=O)N1CCC(C1)N)c1nonc1N
850,N#Cc1ccc(cn1)c1nn(c2c1c(N)ncn2)C(C)C
851,CCOC(=O)C1=c2sc(=Cc3ccco3)c(=O)n2C(=C(C1c1ccco1)C#N)N
852,CONC(=O)c1cc(Nc2ncnn3c2c(C(C)C)c(c3)c2nnc(o2)C)c(cc1F)F
853,CCc1c([nH]c2c1nccn2)c1ccc(cc1)C(O)(C)C
854,CN(CC(CNc1nccc(n1)c1c(nc2n1ccnc2)c1ccc(cc1)F)(C)C)C
855,Clc1ccc(cc1O)c1nn(c2c1c(N)ncn2)CC1CNCC1
856,COc1cc2N=C3NNC(=C3N=C(c2cc1F)c1ccccc1Cl)C
857,O=C1NCCc2c1cc([nH]2)c1ccnc(c1)C=Cc1ccccc1
858,Brc1cc2[nH]c(=O)[nH]c2nc1
859,Clc1ccc(c(c1)Cl)C1CC(=O)c2c(C1)[nH]c1c(c2=O)ccc(c1)Cl
860,COc1ccc(cc1)C(=O)N(C1CC2OC(C1OC)(C)n1c3ccccc3c3c1c1n2c2ccccc2c1c1c3CNC1=O)C
861,Clc1ccc(c(c1)F)c1[nH]c(cc1C(=O)N)c1ccnc(n1)N
862,Fc1ccc2c(c1)cc([nH]2)C(=O)N1CC2(c3c1cccc3)CCN(C2)C1CCCNC1
863,COc1cccc(c1)NC(=O)c1cnn2c1nccc2c1ccccc1
864,OC(=O)c1sc2c(c1)c(cnc2)c1ccccc1
865,O=c1[nH]n(c(c1)N)c1ccccn1
866,Nc1ncn2c(c1)nc(c2)c1ccccc1
867,O=C(Nc1cc(C)cc(c1)C)Nc1ccc(cc1)c1cccc2c1c(N)ns2
868,OCC1OC(C(C(C1OC)O)OC(=O)CBr)n1c2c(Cl)cccc2c2c1c1[nH]c3c(c1c1c2C(=O)NC1=O)cccc3Cl
869,O=C(Nc1ccc2c(c1)cn[nH]2)NCc1ccc(cc1)Br
870,O=C(Nc1cc(ccc1F)C(F)(F)F)Nc1ccc(cc1)C1=Nc2c(N)ncnc2NCC1
871,N#Cc1ccc(cc1)Nc1cc2C(=O)NC(=O)c2cc1Nc1ccc(cc1)C#N
872,O=c1nc[nH]c2c1cc([nH]2)c1ccnc(c1)C=Cc1ccc(cc1)CN1CCOCC1
873,Nc1nccc(n1)c1n(cnc1c1ccc(cc1)F)C1CCNCC1
874,COc1ccc(cc1O)c1nn(c2c1c(N)ncn2)C1CNCC1
875,N#CNC(=NCCCn1c2ccccc2c(c1c1cc2c(s1)cccc2)C1=C(C#N)C(=O)NC1=O)N
876,COc1cc(cc(c1OC)OC)C1=C(CNC1=O)c1cn(c2c1cccc2)COc1ccccc1
877,O=C(Nc1ccccc1)Nc1ccc(cc1)c1csc2c1c(N)ncn2
878,O=C(c1noc(c1)c1ccc2c(c1)cn[nH]2)N1CCCCC1
879,O=C1NC(=O)c2c1c1c(c3c2c2cccc(c2[nH]3)Cl)[nH]c2c1cccc2Cl
880,OCc1c(cccc1c1cc(Nc2ccc(cn2)C(=O)N2CCOCC2)c(=O)n(c1)C)NC(=O)c1ccc(cc1)C(C)(C)C
881,COCCN(C(C(=O)N)C)Cc1cc2c(ncnc2cc1OC)Nc1cccc(c1F)Cl
882,COc1cccc(c1)C(NC(=O)c1ccc(cc1)c1ccncc1C)C
883,CCOc1nc(NC(=O)Cc2cc(OC)ccc2OC)cc(c1C#N)N
884,CN1CCN(CC1)Cc1ccc2-c3c(Cc2c1)c(n[nH]3)c1csc(c1)C#CCOCC1CC1
885,Fc1ccc(cc1)c1nc2n(c1c1ccc3c(c1)n(c(n3)N)S(=O)(=O)C(C)C)ccs2
886,O=C(Nc1cc(cc(c1)C(=NN=C(N)N)C)C(=NN=C(N)N)C)NCCCCCCNC(=O)Nc1cc(cc(c1)C(=NN=C(N)N)C)C(=NN=C(N)N)C
887,N#Cc1c(N)cc(nc1c1ccc2c(c1)cccc2)NC(=O)C
888,O=C(NC(C)(C)C)Nc1nc2nc(N)ncc2cc1c1c(Cl)cccc1Cl
889,CC(Cc1nc(Nc2ccc(c(c2)Cl)N2CCOCC2)nc2c1cc[nH]2)C
890,NCCCNS(=O)(=O)c1cccc(c1)C(=O)Nc1ccc(cc1)c1n[nH]c(=O)c2c1cccc2
891,O=C1N=C(SC1=Cc1ccc2c(c1)cccn2)NCc1cccs1
892,Cc1nn(c(c1c1cccc2c1[nH]c(c2CCCOc1cccc2c1cccc2)C(=O)O)C)C
893,OCCNc1ncc2c(c1)cc(cc2)c1cccnc1
894,CCN(CCOc1ccc(cc1)Nc1ncc2c(n1)n(C)c(=O)c(c2)c1c(Cl)cccc1Cl)CC
895,CC(Nc1ncc(c(n1)Nc1ncc(s1)C)Br)C
896,COC1C(CC2OC1(C)n1c3ccccc3c3c1c1n2c2ccccc2c1c1c3CNC1=O)N(C(=O)C(F)(F)F)C
897,Brc1cc(cc(c1O)I)C(c1cc(Br)c(c(c1)I)O)(C)C
898,N#CC(=Cc1ccc(c(c1)O)O)C(=O)NCc1ccccc1
899,N#Cc1c(N)cc(nc1c1cscc1)NC(=O)C
900,O=C(N1CCOCC1)Oc1c(Cl)cc2c(c1Cl)[nH]c1c2ccnc1
901,OCCNCCN1C(=O)c2cccc3c2c(C1=O)ccc3NCCCC
902,Clc1cc2n[nH]nc2cc1Cl
903,OCC(Cn1ncc(c1)c1cnc(c2c1scc2c1ccc(cc1)NC(=O)Nc1ccc(cc1)OC)N)O
904,COc1cc(O)c2c(-c3cc(O)c(cc3COC2=O)O)c1
905,O=C(c1ccc(c(c1)c1ccc2c(c1)onc2C1CCNCC1)C)Nc1cccc(c1)N1CCOCC1
906,O=C(Nc1ccccc1C(F)(F)F)Nc1ccc(cc1)c1csc2c1c(N)ncc2
907,CCCS(=O)(=O)Nc1ccc(cc1)c1ccc2c(c1)c(n[nH]2)NC(=O)C
908,CNC(=O)C=Cc1cnc(c2c1scc2c1ccc2c(c1)nc(s2)C)N
909,O=C(c1ccc(c(c1)NC(=O)c1cnn(c1N)c1ccccc1F)C)Nc1ccon1
910,Clc1nc2c(s1)c([nH]n2)N
911,O=C(Nc1cccc(c1)C)Nc1ccc(cc1)c1csc2c1c(N)ncc2C#CC(N)(C)C
912,OCCn1ncc(c1)c1cnc(c2c1scc2c1ccc(cc1)NC(=O)Nc1ccc(cc1)OC)N
913,Nc1nccc(n1)c1c[nH]c2c1c(O)ccc2Br
914,C1NCC(C1)Oc1cncc(c1)C=Cc1ccncc1
915,CC(Oc1nccn2c1nc(c2c1ccnc(n1)NCC(O)(C)C)c1ccc(cc1F)F)C
916,OCCCn1cnc(c1c1ccncc1)c1ccccc1
917,Nc1ncnc2c1c(cn2C1CCC(CC1)N1CCCC1)c1cccc(c1)OCc1ccccc1
918,CC(=O)NCC(=O)N1C2CCC1c1c2ccc(c1)Nc1ncc(c(n1)NC1CCC1)C(F)(F)F
919,O=c1ccoc2c1cc(cc2)c1nn(c2c1c(N)ncn2)C(C)C
920,CNC(=O)c1nn(c2-c3nc(ncc3CC(c12)(C)C)Nc1ccc(cc1)N1CCN(CC1)C)C
921,O=C(Nc1ccc(c(c1)C(F)(F)F)Cl)Nc1ccc(cc1)Oc1ncnc2c1cn[nH]2
922,Fc1ccc(cn1)c1ccc2n(n1)ccn2
923,OCC1OC(CC1N=[N+]=[N-])n1cc(C)c(=O)[nH]c1=O
924,CSc1[nH]n(c2-c1c(=O)nc(n2)C)c1c(Cl)cc(cc1Cl)Cl
925,COc1ccc2c(c1)c(c[nH]2)C=C1C(=O)Nc2c1cccc2
926,COc1cc2ncnc(c2cc1CN(C1(CN(C1)C(C)C)C(=O)N)C)Nc1cccc(c1F)Cl
927,CCN1CCN(CC1)c1ccc(cc1)Nc1nccc(n1)c1c(nc2n1cccc2)c1cccc(c1)C(=O)Nc1ccccc1F
928,Oc1ccc2c(c1)c1c([nH]2)cc(c2c1C(=O)NC2=O)c1ccccc1
929,C1CCN(CC1)Cc1noc(c1)c1ccc2c(c1)cn[nH]2
930,O=C(Nc1cccc(c1)C(F)(F)F)Nc1ccc(cc1)c1cncc2c1c(N)nn2C
931,COc1cccc(c1)C=C1SC(=NC1=O)Nc1ccccc1
932,Cn1nc(c2c1-c1nc(ncc1CC2)NC1CCN(CC1)C(=O)c1ccccc1)C(=O)N
933,CNC(=O)C1CCCN1Cc1cc2c(ncnc2cc1OC)Nc1cccc(c1F)Cl
934,N#CC(=C1Nc2c(N1)cccc2)C=C1C=C(OC)C(=O)C=C1Br
935,CC(CCOc1c(cnc2c1cn[nH]2)C(=O)c1ccccc1)C
936,CN(CCCOc1cc2C(=O)NCc2c(c1)c1ccc(cc1)Nc1nc2c(o1)cccc2)C
937,N#Cc1c(C)c(C=O)c(=O)n2c1[nH]c1c2cccc1
938,CCCOc1cccc(c1)C(NC(=O)c1ccc(cc1)c1ccncc1F)C
939,COc1cccc(c1)C(NC(=O)c1cnc(nc1)c1ccncc1)C
940,Fc1ccc(c(c1)F)c1nc2n(c1c1ccc3n(n1)c(nn3)C(C)C)cco2
941,Clc1cc(Nc2cc(F)c(c(c2)F)Oc2ccnc3c2c(C)c[nH]3)nc(n1)N
942,COc1cc(ccc1O)c1ccc2c(c1)Nc1ccc(cc1NC2=O)C(=O)NCCCN(C)C
943,Clc1cc(C(=O)N)c2c(c1)[nH]c(n2)c1ccc(cc1F)C1CCCNC1
944,NC(Cc1c[nH]c2c1cccc2)COc1cncc(c1)c1ccc(c(c1)C(=O)c1ccccc1)N
945,OCC(C(C)C)Nc1nc(Nc2cccc(c2)Cl)c2c(n1)n(cn2)C(C)C
946,CCc1ccc2c(c1)c(ccn2)NC(=O)Nc1cccc(n1)C(F)(F)F
947,Nc1ncnc2c1c(c1cccc(c1)OCc1ccccc1)c(n2C1CCC(CC1)N1CCCC1)C
948,Cn1c(nc(c1c1ccnc(c1)NC(c1ccccc1)C)c1cccc(c1)C(F)(F)F)C1CCNCC1
949,COc1cc2ncnc(c2cc1CN1CCCC1CC(=O)N)Nc1cccc(c1F)Cl
950,O=C(Nc1ccccc1)Nc1ccc2-c3c(CCc2c1)sc1c3c(N)ncn1
951,CNC1CCN(C1)c1nc2[nH]cc(c(=O)c2c(c1Br)C)C(=O)O
952,CC1CNCCCN1S(=O)(=O)c1cccc2c1c(C)cnc2
953,N#Cc1ncc(nc1)NC(=O)Nc1cc(Cl)c(cc1OC1CCCC1)C
954,O=C1NC(=O)C(=C1c1cn(c2c1cccc2)CCCSC(=[NH2+])N)c1cccc2c1cccc2.[Br-]
955,NCCCCCCNC1=C(C(=O)NC1=O)c1cc2c([nH]1)cccc2
956,CN1CCCC1COc1cncc(c1)CCc1ccccc1
957,Fc1ccc(c(c1)F)Oc1cc2cnc(nc2n(c1=O)C)NC1CCOCC1
958,O=c1nc(NC2CCCCC2)[nH]c(c1)c1ccncc1
959,Oc1ccc2c(c1)[nH]c(n2)c1ccc(cc1)Sc1ccc(cc1)c1nc2c([nH]1)cc(cc2)O
960,O=c1cc(oc2c1cccc2c1ccccc1)N1CCOCC1
961,CCC(C#Cc1cnc(c2c1scc2c1ccc(cc1)NC(=O)Nc1cccc(c1)C)N)(CC)N
962,Nc1ncnc2c1c(nn2C1CCCC1)c1ccc2c(c1)cco2
963,CCCOn1c2ccc(cc2c(=O)c2c1n(C)nc2C)Cl
964,COc1ccc(cc1)N1Cc2cnc(nc2N(C1=O)C1CCC(C1)O)Nc1ccc(cc1)F
965,Clc1nc(NCC(CNS(=O)(=O)C)(C)C)cc(c1)c1c[nH]c2c1cccn2
966,Nc1ncnc2c1c(nn2C1CCCC1)c1ccc2c(c1)[nH]nc2
967,CCc1nccn2c1nc(c2c1ccnc(n1)NCC(O)(C)C)c1ccc(cc1F)F
968,C=CC(=O)NCc1coc(n1)c1c(ncnc1N)Nc1ccc(c(c1)Cl)OCc1ccccn1
969,CC(Nc1n[nH]c2c1cc(N)cc2)C
970,NC(=O)c1sc2c(c1)c(cnc2)c1ccccc1
971,O=C(Nc1cc(C)ccc1F)Nc1ccc(cc1)c1ccc2c(c1N)nccn2
972,COc1cc(Nc2nccc(n2)Nc2onc(c2)C2CCCCC2)cc(c1OC)OC
973,CCN1CCC(CC1)Nc1ccc2c(c1)C(=C(c1ncc[nH]1)c1ccc(cc1)Cl)C(=O)N2
974,CN1CCN(CC1)c1ccc(cc1)Nc1ncc2c(n1)n(cc2)C1CCCCC1
975,Clc1nc(cc(c1)c1c[nH]c2c1cccn2)NC(=O)c1c(F)cccc1F
976,NC(Cc1ccc(c(c1)Cl)Cl)COc1cncc(c1)c1ccc2c(c1)c(C)[nH]n2
977,COc1cccc(c1)NC(=O)N1CCC(CC1)c1nc2c([nH]1)cccc2C(=O)N
978,N#CCNC(=O)c1cccc(c1)n1nc(cc1NC(=O)Nc1cccc2c1cccc2)C(C)(C)C
979,Clc1ccc(cc1O)c1nn(c2c1c(N)ncn2)CCC1CCCNC1
980,O=C(CCC(=O)Nc1cc(ccc1Cl)C(F)(F)F)NNC=C1C=Nc2c1cccc2
981,C1CCC(CC1)Nc1nccc(n1)c1c[nH]c2c1cccn2
982,OC(=O)c1ccc(cc1O)N1C(=O)c2c(C1=O)cccc2
983,COc1cc(ccc1OC)c1nn(c2c1c(N)ncn2)C1CCC1
984,O=C1Nc2cc(CCOc3ccc(cc3)N3CCOCC3)ccc2Nc2c1ccc(c2)c1cn(c2c1ccnc2)Cc1cc(F)c(c(c1)F)F
985,NC(=O)c1sc(cc1OCc1ccccc1C(F)(F)F)n1cnc2c1cccc2
986,Clc1ccc(cc1)C(=O)Nc1ccc2c(c1)cn[nH]2
987,O=C(c1cc(F)cc(c1)F)Nc1n[nH]c2c1CN(C2(C)C)C(=O)C(C)(C)C
988,CN(C1CCN(CC1)c1ccc(nc1)Nc1nccc(n1)c1c(Cl)n[nH]c1C(C)C)C
989,O=C(OC(C)(C)C)Nc1ccnc2c1cc(cc2)c1nn(c2c1c(N)ncn2)C(C)C
990,O=C1NCc2c1cccc2c1ccc(cc1)Nc1nc2c([nH]1)cccc2
991,NCCN(C(=O)c1cccc(c1)n1nc(cc1NC(=O)Nc1cccc2c1cccc2)C(C)(C)C)C
992,S=C(NC(=O)c1ccc(cc1)[N+](=O)[O-])NC1=CC(=C2Nc3c(S2)cccc3)C(=O)C=C1
993,CNC(=O)COc1ccc(cc1)Nc1nc(ncc1F)Nc1ccc(c(c1)S(=O)(=O)N)C
994,O=C1NCc2c1cccc2c1cccs1
995,COC1C(CC2OC1(C)n1c3ccccc3c3c1c1n2c2ccccc2c1c1c3CNC1=O)N(c1ccccc1)C
996,COC1C(CC2OC1(C)n1c3ccccc3c3c1c1n2c2ccccc2c1c1c3CNC1=O)N(C(=O)CCC(=O)O)C
997,N#CC1c2c3ccc(c(c3n(c2C(=O)NC21CCNCC2)C)Cl)Cl
998,O=C1C(=O)C(=C1NCc1ccc(cc1)S(=O)(=O)N)Nc1ccc2c(c1)cnn2C(=O)OC(C)(C)C
999,O=C1NCc2c1c1c3ccccc3n3c1c1c2c2ccccc2n1C1(OC3CC1(O)C(=O)O)C
1000,CN(CCCn1c(NC(=O)c2ccc3c(c2)n2C(C)CCNC(=O)c2c3)nc2c1cccc2)C
1001,Clc1cccc(c1)Nc1cncc(n1)c1cncc(c1)NCCCn1cncn1
1002,Cc1cc2CN(CCn3c2c(c1)c(c3)C1=C(C(=O)NC1=O)c1cnc2n1cccc2)C(=O)N1CCCCC1
1003,CN1CCN(CC1)c1ccc(c(c1)Nc1nccc(n1)c1cc2c(n1C)CCNC2=O)OC(F)(F)F
1004,NCC(c1cccc(c1)OC)NC(=O)c1ccc(cc1)c1ccncc1
1005,CNC(=O)N1CCN(CC1)CCCOc1ccc2c(-c3[nH]nc(c3C2)c2ccc(nc2)C#N)c1
1006,O=C(Nc1nnc(s1)Sc1ncnc2c1ccc(c2)OCCCN1CCOCC1)Nc1ccc(cc1)C
1007,O=C1Nc2c(C1=Cc1[nH]c(cc1C)C)cccc2
1008,O=c1[nH]c2c([nH]1)cc(cn2)c1ccccc1
1009,COc1cc2c(cc1OC)cnc1c2C(=O)NC1=O
1010,O=C1Nc2c(C1=Cc1[nH]ccc1)cccc2
1011,N#CCCN(C(=O)c1cccc(c1)n1nc(cc1NC(=O)Nc1cccc2c1cccc2)C(C)(C)C)C
1012,CNC(=S)N(C1CC2OC(C1OC)(C)n1c3ccccc3c3c1c1n2c2ccccc2c1c1c3CNC1=O)C
1013,CCN(CCNC(=O)c1cccc(c1)n1nc(cc1NC(=O)Nc1cccc2c1cccc2)C(C)(C)C)CC
1014,O=c1[nH][nH]c2c1c(ccc2)c1ccccc1
1015,NC(Cc1c[nH]c2c1cccc2)COc1cncc(c1)c1sc2c(c1)cncc2
1016,COc1ccncc1C1=C(NNc2ccccc2)C(=O)N=N1
1017,O=C(Nc1cccc(c1)C)Nc1ccc2-c3c(CCc2c1)sc1c3c(N)ncn1
1018,CC(c1nnn(c1)c1ccc2c(c1)cn[nH]2)(O)C
1019,CONC(=O)c1cc(Nc2ncnn3c2c(C(C)C)c(c3)NC(=O)OCC2CCCO2)c(cc1F)F
1020,NNc1ccc2c(n1)ccc(c2)c1nn(c2c1c(N)ncn2)C(C)C
1021,CCN1CCN(CC1)c1ccc(cc1)Nc1ncnc(c1)N(C(=O)Nc1c(Cl)c(OC)cc(c1Cl)OC)C
1022,NC(=O)c1ccc2n(c1)cc(n2)c1ccc(o1)[N+](=O)[O-]
1023,CC(=O)c1c(C)c2cnc(nc2n(c1=O)C1CCCC1)Nc1ccc(cc1)N1CCNCC1
1024,CCCCN(C(=O)c1ccc2=NC(=C3NNc4c3cccc4)N=c2c1)CCC#N
1025,NC1CCCCC1Nc1cnc(c(n1)Nc1cccc(c1)C)C(=O)N
1026,N#Cc1ccc2c(c1)c(cn2C)c1cc2c([nH]1)ncc(n2)Br
1027,Cc1ccc(cc1)NCc1ccc(nc1)c1ccc(cc1)F
1028,O=C(Nc1cc(ccc1F)C(F)(F)F)Nc1ccc(cc1)c1n[nH]c(=O)cc1C
1029,Cc1c(cccc1c1cc(Nc2ccc(cn2)C(=O)N2CCOCC2)c(=O)n(c1)C)NC(=O)c1ccc(cc1)C(C)(C)C
1030,Fc1ccc(cc1C)c1ncnc2c1cc[nH]2
1031,OCC(NN1C(=O)c2c(C1=O)c1c(c3c2c2ccc(cc2n3C2OC(C(C2O)O)CO)O)[nH]c2c1ccc(c2)O)CO
1032,c1ccc(cc1)COc1ccc(cc1)Nc1ncnc2c1cccc2
1033,COC1CN(C(C1)C(=O)N)Cc1cc2c(ncnc2cc1OC)Nc1cccc(c1F)Cl
1034,COc1cccc(c1)C(NC(=O)c1cnc(s1)c1ccncc1)C
1035,CCNNc1cc(C)c(c2n1c1ccccc1n2)C#N
1036,OCC(c1nnc2n1nc(cc2)c1c(nc2n1CCC2)c1ccc(cc1F)F)(C)C
1037,N#CCc1ccc(cc1OC)c1ccc2c(c1)Nc1ccc(cc1NC2=O)CCOc1ccc(cc1)N1CCOCC1
1038,S=c1[nH]nc2n1c1n[nH]c(=S)n1c1c2c2CCCc2s1
1039,OC1NC(=O)c2c1c1c([nH]c3c1cccc3)c1c2c2ccccc2[nH]1
1040,OCC(NN1C(=O)c2c(C1=O)c1c(c3c2c2ccc(cc2n3C2OC(C(C2)O)CO)O)[nH]c2c1ccc(c2)O)CO
1041,O=C1NC(=O)C2=C1c1cn(c3c1cccc3)CCOCCOCCOCCn1cc2c2cccnc12
1042,CC1CCC(CN1)N1CCC2(C1)CN(c1c2cccc1)C(=O)c1cc2c([nH]1)cc(cc2)F
1043,Nc1ncnc2c1N=C(CCN2)c1ccccc1
1044,OCC(NN1C(=O)c2c(C1=O)c1c(c3c2c2ccc(cc2n3C2OC(CO)C(C(C2O)O)O)O)[nH]c2c1ccc(c2)O)CO
1045,CNC(=O)c1cnc(c2c1scc2c1ccc(cc1)NC(=O)Nc1cc(C)ccc1F)N
1046,Nc1ncnc2c1c(nn2C1CCCC1)c1ccc2c(c1)[nH]cc2
1047,CN1CCC(CC1)C(=O)n1nc(c2c1ccc(c2)c1nnn(c1)Cc1ccccc1)N
1048,OCC(NN1C(=O)c2c(C1=O)c1c(c3c2c2ccc(cc2n3C2OC(CO)C(C(C2O)O)O)O)[nH]c2c1cc(O)cc2O)CO
1049,c1ccc(cc1)Cn1nnc(c1)c1ccc2c(c1)c(n[nH]2)c1ccccc1
1050,CN(CCCNC(=O)Nc1cc(cc(c1)C(=NN=C(N)N)C)C(=NN=C(N)N)C)CCCNC(=O)Nc1cc(cc(c1)C(=NN=C(N)N)C)C(=NN=C(N)N)C
1051,Fc1cc(F)c(cc1NCc1cnc(s1)Nc1ccccn1)C(=O)NC1CC1
1052,CNC(=O)c1nn(c2-c3c(CCc12)cnc(n3)NC1CCN(CC1)C(=O)C1CCN(CC1)S(=O)(=O)C)C
1053,NCC(C(Cn1cc(c2c1ncnc2N)I)O)O
1054,O=C(Nc1cccc(c1)C)Nc1ccc(cc1)c1csc2c1c(N)ncc2C#Cc1cccnc1
1055,O=C(c1ccccc1NCc1ccncc1)Nc1cccc(c1)c1cncc2c1cccc2
1056,COc1ccc(cc1OC)Oc1ccnc2c1cc(OC)c(c2)OC
1057,Fc1cccc(c1)Nc1ncnc(n1)Nc1ccccc1C(=O)O
1058,Ic1ccc(c(c1)F)Nc1c(cc(c(c1F)F)CNCc1ccc(cc1)S(=O)(=O)C)C(=O)O
1059,NC(=O)Nc1cccc2-c3c(C(=O)c12)c(n[nH]3)c1csc(c1)Cl
1060,COc1cc2ncnc(c2cc1CN1CCCC1C(=O)N)Nc1ccc(c(c1)Cl)F
1061,CCn1c2cc(Cl)c(cc2c(=O)c2c1[nH]oc2=O)F
1062,Oc1cc(O)c2c(c1)OC1(C(C2c2c(O1)cc(c1c2OC(C(C1)O)c1ccc(c(c1)O)O)O)O)c1ccc(c(c1)O)O
1063,CCN(C(CO)(C)C)Cc1nsc(c1)Nc1nc(C)cn2c1ncc2c1c[nH]nc1.Cl
1064,Clc1cccc(c1)Oc1ccc(cc1Cl)Nc1ncnc2c1n(CCNC(=O)C(S(=O)(=O)C)(C)C)cc2.Cc1ccc(cc1)S(=O)(=O)O
1065,CCCNC(=O)c1ccc(cc1)Nc1nc(NCC(F)(F)F)c2c(n1)ccs2
1066,CCCc1cc(nc2c1c(N)c(s2)C(=O)N)N1CCCC(C1)O
1067,OCC1OC(OC(=O)C23CCC4(C(=CCC5C4(C)CCC4C5(C)CC(C5C4(CO)COC(=O)c4cc(O)c(c(c4-c4c(C(=O)O5)cc(O)c(c4O)O)O)O)O)C3CC(CC2)(C)C)C)C(C(C1O)O)O
1068,O=C(c1ccc2c(c1)c(C)c(n2Cc1ccccc1)C)Nc1ncn[nH]1
1069,Nc1nc(c(s1)c1ccnc(n1)Nc1cccc(c1)[N+](=O)[O-])C
1070,NC(Cc1ccccc1)COc1cncc(c1)c1ccc2c(c1)C(=Cc1[nH]ccc1)C(=O)N2
1071,CC(=C(c1cccc2c1[nH]c(c2CCCOc1cccc(c1Cl)Cl)C(=O)O)C)C
1072,c1ccc(cc1)c1[nH]ncc1c1ccncc1
1073,O=C1Nc2ccccc2Nc2c1ccc(c2)c1ccccc1S(=O)(=O)N(C)C
1074,O=C1NCc2c1c1c(sc3c1cccc3)c1c2c2ccccc2[nH]1
1075,COc1cccc(c1)C(NC(=O)c1ccc(s1)c1ccncc1)C
1076,COc1cc2ncnc(c2cc1CN1CCCC1C(=O)N)Nc1cccc(c1F)Cl
1077,COc1cc2c(cc1OC)ncnc2N1CCN(CC1)C(=O)Nc1ccc(cc1)[N+](=O)[O-]
1078,NC(Cc1c[nH]c2c1cccc2)COc1cncc(c1)c1ccc(cc1)F
1079,CC(CC=CC(C1CCC2C1(C)CCC(=O)C2CCc1cc(O)ccc1C)C)C
1080,CCOc1ccccc1c1cccc(c1)c1[nH][nH]c2-c1c(C)cc(=O)n2
1081,C#Cc1cn(c2c1c(N)ncn2)C1CCCC1
1082,O=C1N=NC(=O)c2c1cccc2NNc1c([nH]n(c1=O)c1ccccc1)c1ccccc1
1083,CN(C1CCCC(C1)Nc1nc(Cl)cc(n1)c1c[nH]c2c1cccn2)C
1084,CNC1CC2OC(C1OC)(C)n1c3ccccc3c3c1c1n2c2ccccc2c1c1c3COC1=O
1085,O=C(Nc1ccccc1c1ccccc1)Nc1sc2c(n1)c(O)ccc2
1086,Fc1c(NC(=O)c2cccc(c2)OC(F)(F)F)cc(c(c1F)F)Oc1cccc2c1[nH]c(=O)[nH]2
1087,CCCS(=O)(=O)Nc1ccc(cc1)c1ccc2c(c1)c(N)n[nH]2
1088,Clc1cc(ccc1N1CCOCC1)Nc1nc(NC2CC2)c2c(n1)ccs2
1089,Cc1cc(OCCCc2c([nH]c3c2cccc3c2ccccc2C)C(=O)O)c(c(c1)C)C
1090,NC(=O)COc1ccc(cc1)Nc1nc(ncc1C)Nc1cccc(c1)S(=O)(=O)N
1091,COc1cc(OC)c(cc1Nc1ccc2n(n1)c(nn2)c1ccccc1)Cl
1092,Fc1ccc(cc1O)c1nn(c2c1c(N)ncn2)Cc1ocnc1c1ccccc1
1093,OCC(C(C)C)Nc1nc(Nc2ccc(c(c2)Cl)C(=O)O)c2c(n1)n(cn2)C(C)C
1094,Fc1ccc(cc1)c1ncn(c1c1ccc2c(c1)cn[nH]2)CCN1CCOCC1
1095,CCN(CCCNC(=O)c1cnc(c2c1scc2c1ccc(cc1)NC(=O)Nc1cccc(c1)F)N)CC
1096,N#Cc1cnc2c(c1Nc1ccc(c(c1)Cl)F)cc(cc2Cl)NCc1cccc[n+]1[O-]
1097,Brc1scc(c1)c1[nH]nc(c1)Nc1ccc(cc1)N(C)C
1098,CCN1CCN(CC1)CCC=Cc1ccc2c(c1)ncc(c2Nc1ccc(c(c1)Cl)Sc1nccn1C)C#N
1099,Clc1ccc2c(c1)c(=O)c1c(n2O)n(nc1C(F)(F)F)C
1100,O=C(Nc1cccc(c1)C)Nc1ccc(cc1)c1csc2c1c(N)ncc2C#CCN1CCOCC1
1101,CC(=O)Nc1cc2n(n1)cccc2
1102,O=C(Nc1ccnc2c1ccc(c2)Cl)Nc1cccc(n1)C(F)(F)F
1103,NC(=O)c1cnn2c1nccc2c1ccccc1
1104,NCC(NC(=O)c1cc(c(s1)c1ccnc2c1cc[nH]2)Br)Cc1cccc(c1)F
1105,O=NC(=C1Nc2c(N1)cccc2)c1nc2c([nH]1)cccc2
1106,CC1NCCN(C1)c1ccc2c(n1)n1cncc1c(n2)Nc1c(C)cccc1Cl
1107,c1ccc2c(c1)n(nn2)Cc1nnn(c1)c1ccc2c(c1)cn[nH]2
1108,COc1ccc(c(c1)NC(=O)c1cnn2c1nccc2c1ccccc1)OC
1109,O=C(N(C)C)Nc1ccc2c(c1)nc(c(n2)c1ccco1)c1ccco1
1110,O=C(Nc1scc(n1)CCNc1ncnc2c1scc2)Nc1cccc(c1)Cl
1111,CC(CNC1CCC(CC1)Nc1nc(Cl)cc(n1)c1c[nH]c2c1cccn2)C
1112,CNC(=O)c1nccc(c1)Oc1ccc2c(c1)nc(o2)Nc1ccc(c(c1)OCC1CCCN1C)Cl
1113,O=C(c1cccc(c1)S(=O)(=O)N1CCOCC1)Nc1ccc(cc1)c1nc2c([nH]1)cccc2C(=O)N
1114,CC(NC(=O)COc1cccc(c1)c1nc(Nc2ccc3c(c2)cn[nH]3)c2c(n1)cccc2)C
1115,N#CC1=C(N)Oc2c(C1c1ccccc1I)c(C)[nH]n2
1116,NC1=NC(=O)C(=C2CCNC(=O)c3c2cc([nH]3)Br)N1
1117,CCCCCCCCCCCCCCCCCCOCC(COP(=O)(OCC[N+](C)(C)C)[O-])OC
1118,CSc1c[nH]c2c1c(NCCCO)ncn2
1119,NCC#Cc1cnc(c2c1scc2c1ccc(cc1)NC(=O)Nc1cccc(c1)C)N
1120,ON=C(C(=O)NCCc1ccc(c(c1)Br)O)Cc1cc(Br)c(c(c1)c1cc(CC(=NO)C(=O)NCCc2ccc(c(c2)Br)O)cc(c1O)Br)O
1121,O=c1ccc(c[nH]1)c1cnn2c1ncc(c2)c1ccc(cc1)OCCN1CCOCC1
1122,COc1ccc(cc1)n1ccc2c1nc(nc2)Nc1cc(OC)c(c(c1)OC)OC
1123,COc1cc(ccc1O)c1ccc2c(c1)Nc1ccc(cc1NC2=O)[N+](=O)[O-]
1124,CC(C(Nc1ncc(c(n1)Nc1nccs1)Cl)C)C
1125,NC1CCCC(C1)Nc1nc(Cl)cc(n1)c1c[nH]c2c1cccn2
1126,N#Cc1ncc2nc1OCCCCCOc1c(NC(=O)N2)cc(Cl)c(c1)NS(=O)(=O)C
1127,O=C(Nc1ccc(c(c1)C)F)Nc1ccc(cc1)c1ccnc2c1c(N)[nH]n2
1128,Clc1cccc(c1)Nc1cncc(n1)c1cncc(c1)NCCCn1cccn1
1129,CC(=O)c1ccccc1c1ncnc2c1cc[nH]2
1130,O=C(c1nnn(c1c1ccccc1)c1nonc1N)NN=C(c1ccco1)C
1131,Cc1ccc(c(c1)NC(=O)c1cc(nc2c1cccc2)c1ccco1)C
1132,COc1ccc(cc1CNC(=O)c1cc(N)c(c(n1)OC(C)C)C#N)OC
1133,CCNC(=O)Nc1nc2nc(NCCCCN(CC)CC)ncc2cc1c1c(Cl)cccc1Cl
1134,COc1ccc(c(c1)Nc1ccc2n(n1)c(nn2)c1ccccc1)OC
1135,Nc1nccc(n1)c1[nH]c(c(c1)C(=O)N)c1cccc(c1C)C
1136,OCCNc1nc(NCc2ccccc2)c2c(n1)n(C)cn2
1137,Fc1ccc(c(c1)F)c1nc2n(c1c1ccc3c(c1)n(nn3)C(C)C)cco2
1138,O=C(Nc1cccc(c1)C)Nc1ccc(cc1)c1noc2c1c(N)ncn2
1139,CNC(=O)c1sc2c(c1)c([nH]n2)c1ccccc1F
1140,COc1cccc(c1)C(NC(=O)c1sc(c(c1)C)c1ccc2c(c1)c(C)[nH]n2)C
1141,COCCOC1CCC(CC1)n1nc(c2c1ncnc2N)c1ccc(cc1)Nc1nc2c(o1)c(Cl)cc(c2)C
1142,COc1cc(O)c2c(c1)C(=O)C1=C(C2=O)C(O)C(C(C1O)(C)O)O
1143,CC(=O)N(C1=C(C(=O)C1=O)NC(C(C)(C)C)C)c1ccncc1
1144,CCc1c([nH]c2c1nccn2)c1ccc(cc1)C(=O)C
1145,Cc1[nH]c2c(c1)cc(cc2)c1csc2c1c(N)ncc2c1cccc(c1)S(=O)(=O)C
1146,NCC(n1nc(c2c1ncnc2N)c1ccc(c(c1)O)F)C
1147,CC(CC1NCCN(C1)c1ccc(c(n1)C(=O)c1cccnc1N)C(F)(F)F)C
1148,CN1CCC(CC1)c1sc(c(n1)c1ccc(cc1)F)c1ccnc(c1)NC(c1ccccc1)C
1149,[O-][N+](=O)c1cc(cc2c1sc([n+]2[O-])C(=O)N)SC(F)(F)F
1150,COc1cc2ncnc(c2cc1CN1CCCCC1C(=O)N)Nc1cccc(c1F)Cl
1151,CCN1c2cc(N)ccc2-c2c(C1(O)c1ccccc1)cc(cc2)N
1152,CNC(=O)C=Cc1cnc(c2c1scc2c1ccc2c(c1)OCO2)N
1153,O=C(Nc1cc(ccc1N(C)C)c1nc2n(c1c1ccnc(n1)Nc1cccc(c1)N1CCOCC1)ccs2)Cc1ccccc1
1154,Clc1cccc(c1)Nc1cncc(n1)c1cncc(c1)NCCCc1cccnc1
1155,Clc1nc(NC2CCC(CC2)N(C)C)nc(c1)c1c[nH]c2c1cccn2
1156,COc1ccc(cc1O)c1nn(c2c1c(N)ncn2)C1CCC(C1)C
1157,COc1cc2c(ncnc2cc1OCCn1nncc1)Nc1ccc(cc1F)Br
1158,CNCCNS(=O)(=O)c1cccc2c1ccnc2
1159,O=C(Nc1cccc(c1)F)Nc1ccc(cc1)c1ccc2c(c1)[nH]nc2
1160,Oc1cc2cccc[n+]2c2c1cccc2Cl.[Cl-]
1161,CC(Cn1c2ccc(cc2c2c1c1CCc3c(-c1c1c2CNC1=O)cn(n3)C)Nc1ncccn1)C
1162,Oc1cc(O)c2c(c1)oc(c(c2=O)O)c1ccc(c(c1)O)O
1163,COc1cc(ccc1NC(=O)c1cc2c(n1C)cccc2)c1csc2c1c(N)ncc2C=CC(=O)NCCN(C)C
1164,COC(=O)c1ccc(cc1)C(=O)N(C1CC2OC(C1OC)(C)n1c3ccccc3c3c1c1n2c2ccccc2c1c1c3CNC1=O)C
1165,CCCCCCC(CCCCCCCCCCCC1NC(C1O)CO)C
1166,NS(=O)(=O)c1cccc(c1)Nc1ncc2c(n1)n(cc2)Cc1ccccc1
1167,CCOC(=O)c1nc2n(c1C)c1cc(NC(=O)C)c(cc1[nH]c2=O)[N+](=O)[O-]
1168,N#Cc1ncc(nc1)NC(=O)Nc1cc(Cl)c(cc1OC)C=O
1169,c1ccc(cc1)CNc1nc(Nc2n[nH]c(c2)C2CC2)c2c(n1)ccs2
1170,c1cc2c([nH]1)ncc(c2)c1ccc2c(c1)[nH]nc2
1171,OCC1C2C1CN(C2)Cc1ccc(cc1)c1ccc2c(c1)c(ncn2)Nc1ccc(c(c1)OC)Oc1ccccc1
1172,Cc1ccc(cc1)CNc1ccc2n(n1)c(nn2)c1ccccc1
1173,O=C(Nc1cccc(c1)C)Nc1ccc(cc1)c1cncc2c1c(N)nn2C
1174,Cc1ccc(cc1O)c1nn(c2c1c(N)ncn2)C(C)C
1175,O=C(Nc1ccnc2c1c(F)ccc2F)Nc1cccc(n1)C(F)(F)F
1176,Oc1cnc2c(c1)cc(cc2)c1ccncc1
1177,CCC(n1nc(c2c1ncnc2N)c1ccc(c(c1)O)C)C
1178,COc1cc(ccc1C(=O)Nc1n[nH]c2c1cc(cc2)Cc1cc(F)cc(c1)F)N1CCN(CC1)C
1179,COc1ccc2c(c1)c(cn2C)c1cc2c([nH]1)ncc(n2)Br
1180,OCCN1CCN(CC1)Cc1ccc(cc1C(F)(F)F)NC(=O)c1ccc(c(c1)C#Cc1cnc(n1C)C(=O)NC)C
1181,Fc1ccc(c(c1)F)c1nc2n(c1c1ccnc(n1)NCC1(O)CC1)ccnc2C
1182,Brc1ccc(cc1O)c1nn(c2c1c(N)ncn2)C1CCCC1
1183,COc1ccc(cc1)Cn1ncc(c1N)NC(=O)c1cc(ccc1C)NC(=O)Nc1ccc(c(c1)C(F)(F)F)Cl
1184,NC(=O)c1csc2c1NCCC2=O
1185,Clc1cccc2c1[nH]cnc2=O
1186,COC(=O)c1sc2c(c1)c(cnc2)c1cccc(c1)F
1187,OCCNC(=O)c1ccc(c(c1)n1cnc(c(c1=O)Cl)OCc1ccc(cc1F)F)C
1188,CCOc1ccc(cc1OC)c1nn(c2c1c(N)ncn2)C(C)C
1189,OCC(N(Cc1cc2c(ncnc2cc1OC)Nc1cccc(c1F)Cl)C)C(=O)N
1190,CNc1ncnc(n1)c1cccnc1Oc1cc(ccc1C)NC(=O)c1cccc(c1)OC(C(F)F)(F)F
1191,O=c1cc(C)c2c([nH]1)[nH]n(c2=O)c1ccccc1
1192,Fc1ccc(c(c1)F)c1cc(cc2c1CNC(=O)N2c1c(Cl)cccc1Cl)C1CCNCC1
1193,Clc1nc(NC(=O)c2ccccc2)cc(c1)c1c[nH]c2c1cccn2
1194,Oc1cccc(c1)c1nn(c2c1c(N)ncn2)Cc1nc2cccc(c2c(=O)n1c1ccccc1C)C
1195,O=C1NC(=O)c2c1cc(Sc1ccccc1)c(c2)Sc1ccccc1
1196,Fc1ccc(cc1)C(=O)Nc1cccc(c1)C1Nc2ccc3c(c2C2C1CC=C2)cccc3
1197,CCN1CCN(CC1)CCCC(=O)Nc1n[nH]c2c1cc(nn2)c1cccc(c1F)F
1198,CCCOc1cccc(c1)C(NC(=O)c1ccc(cc1)c1ccncc1)C
1199,O=C(N1CCn2c3c(C1)cccc3c(c2)C1=C(C(=O)NC1=O)c1cnc2n1cccc2)N1CCOCC1
1200,Fc1cc(ccc1c1nc2c([nH]1)cccc2C(=O)N)C1CCCNC1
1201,O=C(c1ccc(cc1)N1CCOCC1)Nc1n[nH]c2c1sc(c2)C(=O)NC(c1ccccc1)CN1CCCC1
1202,COc1ccccc1C(=O)Nc1cc(Cl)cc2c1[nH]c1c2ccnc1
1203,CC(c1ccccc1)NC(=O)c1ccc(cc1)c1ccncc1
1204,O=c1[nH]c2c([nH]1)cc(cc2)c1nn(c2c1c(N)ncn2)C(C)C
1205,N#Cc1cccc(n1)NC(=O)Nc1ccnc2c1ccc(c2)C(F)(F)F
1206,Cc1ccnc(c1)Nc1cc(C)nc(n1)c1ccccc1
1207,CCOc1ccc(cc1O)c1nn(c2c1c(N)ncn2)C1CCCC1
1208,Nc1ncnc2c1c(nn2C(C)(C)C)c1cccc2c1cccc2
1209,CCCc1nc[nH]c1CNc1cc(Cl)c2c(c1)c(Nc1ccc(c(c1)Cl)F)c(cn2)C#N
1210,COc1cc2ncnc(c2cc1CN1CCCC1C(=O)N(C)C)Nc1cccc(c1F)Cl
1211,NC(=O)C=Cc1cnc2c(c1)cc(cc2)OC(c1c(Cl)ccc(c1Cl)F)C
1212,CN(C1CCCN(C1)c1ccc(cc1NC(=O)c1cc(ccc1F)C#Cc1cnc(nc1)N)C(F)(F)F)C
1213,COc1cc(Nc2ncc(c(n2)Nc2ccccc2S(=O)(=O)NC)Cl)cc(c1OC)OC
1214,N#Cc1cc(c2ccc(cc2)OC(F)(F)F)c(n(c1=O)C)COC(c1cncn1C)c1ccc(cc1)C#N
1215,COc1cc2c(cc1OC)ncn2c1cc(c(s1)C(=O)O)OCc1ccccc1C(F)(F)F
1216,O=C(Nc1cccc(c1)C)Nc1ccc(cc1)c1csc2c1c(N)ncc2c1cnn(c1)C
1217,Oc1cc(C=Cc2ccc(c(c2)O)O)cc(c1)O
1218,CSc1ccccc1Nc1nc(nc2c1ncnc2NCC1CC1)N1CCNCC1
1219,NCCNc1ccc(cn1)c1ccnc(n1)Nc1cc(OC)c(c(c1)OC)OC
1220,O=C1CC(O)C2c3c1c(O)ccc3-c1c3C2(O)CCC(=O)c3c(cc1)O
1221,COc1cc(ccc1OC)Nc1nccc(n1)NC1=C(C(=O)C1=O)NC(C(C)(C)C)C
1222,CCC(=O)Nc1ccc(c(c1)O)C(=O)N1CCNCC1
1223,C1CCN(CC1)CCOc1ccc(cc1)c1cnc2n(c1)ncc2c1ccncc1
1224,c1ccc(cc1)CNc1ncnc(c1)c1c[nH]c2c1cccn2
1225,O=C(c1cc(O)c(c(c1)O)O)OC1C(OC(=O)c2cc(O)c(c(c2)O)O)CC(CC1OC(=O)c1cc(O)c(c(c1)O)O)(O)C(=O)O
1226,N#Cc1cnc2c(c1Nc1ccc(c(c1)Cl)F)cc(cc2Br)NCc1ncn(c1)C
1227,Fc1ccc(c(c1)Cl)c1ccnc2c1cc[n+](c2c1c(Cl)cccc1Cl)[O-]
1228,Fc1ccc2c(c1)[nH]c1c2ccnc1C
1229,Clc1cccc2c1[nH]nc2N
1230,Fc1cccc(c1)c1cncc2c1cc(s2)C(=O)O
1231,CCCC(=O)Nc1n[nH]c2c1cc(cc2)c1nnn(c1)Cc1ccccc1
1232,Clc1ccc2c(c1)nnc1n2nnn1
1233,CC(=O)Nc1c(sc2c1c(Cl)c(cc2)Cl)C(=O)N
1234,Nc1nccn2c1c(nc2C1CC(C1)CN1CCC1)c1ccc2c(c1)nc(cc2)c1ccccc1
1235,COc1cc(ccc1O)c1ccc2c(c1)NC(=O)C2=Cc1[nH]ccc1
1236,c1ccc(cc1)Cc1nnn(c1)c1ccc2c(c1)cn[nH]2
1237,OCC1CCN(CC1)CCCOc1cc2ncnc(c2cc1OC)Nc1ncc(s1)CC(=O)Nc1cccc(c1)F
1238,Cc1[nH]nc2c1cc(cc2)c1cccnc1
1239,CN(CC(=O)NC1CCC(CC1)Nc1nc(Cl)cc(n1)c1c[nH]c2c1cccn2)C
1240,OCC(c1ccccc1)NC(=O)c1ccc(cc1)c1ccncc1
1241,COCC1OC(=O)C(=CN(CCCN(C)C)C)C2=C(O)C(=O)C3=C(C12C)C(OC(=O)C)CC1(C3CCC1O)C
1242,CNC(=O)OCCCn1c2ccccc2c(c1c1cc2c(s1)cccc2)C1=C(C#N)C(=O)NC1=O
1243,CN(CC#Cc1cnc(c2c1scc2c1ccc(cc1)NC(=O)Nc1cccc(c1)C)N)C
1244,OCCC1CCCCN1c1cc(NCc2ccc[n+](c2)[O-])n2c(n1)c(CC)cn2
1245,CCCc1cc(nc2c1c(N)c(s2)C(=O)N)N1CCC(CC1)O
1246,Cc1nc(Nc2snc(c2)CN2CCC(C2)(F)F)c2n(c1)c(cn2)c1c[nH]nc1.Cl
1247,NCCCOc1cc2C(=O)NCc2c(c1)c1ccc(cc1)Nc1nc2c(o1)cccc2
1248,Fc1ccc(cc1)c1nn2c(c1c1ccncc1)cccc2
1249,CN1CCC(CC1)n1cc(c2c1cccc2)C1=C(C(=O)NC1=O)c1c[nH]c2c1cccc2
1250,CC(Nc1ncnc2c1c(c[nH]2)c1ccccc1)(C)C
1251,c1ccc(cc1)C=Cc1ccc2n(n1)ccn2
1252,COc1cc2CCCC(O)CC(=O)C=CCC(OC(=O)c2c(c1)O)C
1253,O=C(Nc1cccc(c1)C)Nc1ccc(cc1)c1csc2c1c(N)nc(n2)N
1254,O=C1Nc2c(C1=Cc1cn[nH]c1c1ccccc1[N+](=O)[O-])cccc2
1255,NCCNc1nc(Cl)cc(c1)c1c[nH]c2c1cccn2
1256,Nc1ncnc2c1c(nn2C1CCCC1)c1ccc2c(c1)cccn2
1257,Oc1ccc(cc1)c1ccc2c(c1)NC(=O)C2=Cc1[nH]ccc1
1258,Clc1c(cccc1c1nc2n(c1c1ccnc(n1)Nc1cccc(c1)N1CCOCC1)ccs2)NC(=O)c1ccccc1F
1259,O=C(c1cc(O)c(c(c1)O)O)OCC1OC(C(C1O)(O)COC(=O)c1cc(O)c(c(c1)O)O)O
1260,O=C(c1cc(O)c(c(c1)O)O)OC1OC2COC(=O)c3cc(O)c(c(c3-c3c(C(=O)OC(C1OC(=O)c1cc(O)c(c(c1)O)O)C2OC(=O)c1cc(O)c(c(c1)O)O)cc(O)c(c3O)O)O)O
1261,O=C1NC(=O)C(=C1c1cn(c2c1cccc2)C1CCN(CC1)CC1CC1)c1cn(c2c1cccc2)C
1262,COc1cc(OC)cc(c1)c1cc2cnc(nc2nc1NC(=O)NC(C)(C)C)N
1263,CN(c1ncnc2c1[nH]cn2)C
1264,CN(CC(=O)Nc1n[nH]c2c1cc(cc2)c1nnn(c1)Cc1ccccc1)C
1265,COc1ccc(cc1)Nc1cc2C(=O)NC(=O)c2cc1Nc1ccccc1
1266,NC(=N)SCCCn1c2ccccc2c(c1c1ccc(cc1)c1ccccc1)C1=CC(=O)NC1=O
1267,COc1cc(OC)ccc1CNC1=C(C(=O)C1=O)Nc1ccncc1
1268,Oc1cc(C)c2c(c1)oc(=O)c1c2cc(cc1O)OS(=O)(=O)O
1269,Clc1ccc2=NC(=O)C(=C3NNC(C3)c3ccccc3)C(=c2c1)c1ccccc1
1270,CN1CCC(CC1)NC(=O)c1cnc(nc1NC1CCC(CC1)N(C)C)Nc1cc(Cl)cc(c1)Cl
1271,O=C1NC(=O)C(=C1c1cn(c2c1cccc2)C1CCNCC1)c1cn(c2c1cccc2)C
1272,CCCCCCCCCCCCCCCCOCC(COCCCC[N+](C)(C)C)OCC.[Br-]
1273,O=C(c1cnc(s1)NC(=O)C1CC1)Nc1c(C)cccc1Cl
1274,COC(=O)CCC(=O)NCCNS(=O)(=O)c1cccc2c1ccnc2
1275,CCc1cc2C(=O)c3c4ccc(cc4[nH]c3C(c2cc1N1CCN(CC1)C1COC1)(C)C)C#N
1276,OCCn1ncc(c1)c1cnc(c2c1scc2c1ccc(cc1)NC(=O)Nc1ccc(cc1)OC(F)F)N
1277,O=C(Nc1ccc(c(c1)C)F)Nc1ccc(cc1)c1cccc2c1c(N)n[nH]2
1278,OCc1ccc(cc1)Oc1ccc(cc1)c1cn(c2c1c(N)ncn2)C1COCC1
1279,OCC(CNC(=O)c1ccc(c(c1)C=Cc1ccc(cc1)Cl)OC)O
1280,Cc1nn(nc1Cn1nc(c2c1ncnc2N)c1ccc(c(c1)O)F)c1ccccc1
1281,COc1ccc(cc1)NC(=O)Nc1ccc(cc1)c1csc2c1c(N)ncc2c1cnn(c1)CC(O)(C)C
1282,COC(=O)c1ccccc1c1ccc2c(c1)Nc1ccccc1NC2=O
1283,Cc1ccc2c(c1)C(=O)Nc1c(N2)cccc1
1284,O=C(Nc1cccc(c1)C(F)(F)F)Nc1ccc(cc1)c1cnc2n(c1N)ncc2c1cnn(c1)C
1285,Oc1cc(O)c2c(c1)OC(C(C2)OC(=O)c1cc(O)c(c(c1)O)O)c1ccc(c(c1)O)O
1286,COc1cc2c(ccnc2cc1OC)Oc1ccc(cc1F)NC(=O)c1c(C)n(n(c1=O)c1ccccc1)C
1287,CCOC(=O)c1c(C)n(c2c1cc(O)c1c2cccc1)c1ccc(cc1)I
1288,O=C1C=CC(=C2NNC(=C2c2ccc(cc2)O)Nc2ccc(cc2)O)C=C1
1289,CCOc1ccc(cc1NC(=O)Cc1ccccc1)c1nc2n(c1c1ccnc(n1)Nc1cccc(c1)N1CCOCC1)ccs2
1290,CCN(C(=O)Nc1ccc2c(c1)nc(c(n2)c1ccco1)c1ccco1)CC
1291,COc1cc(ccc1OC)C1=NNc2c3c1ccc(c3ccc2)OC
1292,COCCOc1cc2ncnc(c2cc1NC(=O)C1CCCN1C(=O)C=C)Nc1ccc(c(c1F)Cl)F
1293,COC(=O)CN1Cc2c(C1=O)c1c3ccccc3n3c1c1c2c2ccccc2n1C1(C)OC3CC(C1OC)N(C(=O)c1ccccc1)C
1294,O=C(CCC(=O)O)NCCNS(=O)(=O)c1cccc2c1ccnc2
1295,BrCC(=O)OCCCCN1C(=O)c2c(C1=O)c1c3ccccc3[nH]c1c1c2c2ccccc2n1C1OC(CO)C(C(C1O)O)OC
1296,OCc1ccc(cc1)NC(=O)c1cnn2c1nccc2c1ccccc1
1297,OCC(NN1C(=O)c2c(C1=O)c1c(c3c2c2ccccc2n3C2OC(CO)C(C(C2O)O)O)[nH]c2c1ccc(c2)O)CO
1298,OC(=O)c1nc2ccnn2c(c1)c1cccs1
1299,COc1cc(cc(c1OC)OC)C1=C(CNC1=O)c1cn(c2c1cccc2)COC(C)(C)C
1300,N#Cc1c(C)c(=Cc2c(C)[nH]n(c2=O)c2ccc(cc2)C(=O)O)c(=O)n2c1nc1c2cccc1
1301,COc1ccc2c(c1)nccc2Oc1ccc(nc1)NC(=O)c1c(C)n(n(c1=O)c1ccccc1)CC(O)(C)C
1302,COc1ccc(cc1O)c1nn(c2c1c(N)ncn2)C1CNC1
1303,Cc1nc(Nc2snc(c2)CN2CCC(C2)(F)F)c2n(c1)c(cn2)c1c[nH]nc1
1304,OCC(c1nnc2n1nc(cc2)c1c(nc2n1cco2)c1ccc(cc1F)F)(C)C
1305,OCCCCNC(=O)c1cccc(c1)n1nc(cc1NC(=O)Nc1cccc2c1cccc2)C(C)(C)C
1306,O=C(Nc1ccc(nn1)c1ccccc1)CCCCCCCCCCn1nc(C)ccc1=N
1307,NCC(n1nc(c2c1ncnc2N)c1ccc(c(c1)O)Cl)C
1308,Clc1ccc(cc1O)c1nn(c2c1c(N)ncn2)C1COCC1
1309,Brc1ccc2c(c1)c(=O)nc[nH]2
1310,COc1ccc(cc1)C1=C(NNc2cccnc2)C(=O)N=N1
1311,CN(CC1OCCn2cc(c3c2cccc3)C2=C(c3cn(CC1)c1ccccc31)C(=O)NC2=O)C
1312,CCCCCCCCCCCCOc1ccc(cc1N=C(N)N)N=C(N)N
1313,O=c1c(Cl)cc2c(c1Cl)[nH]c1c2cc[nH]c1
1314,Fc1cccc(c1NC(=S)n1nc(nc1N)Nc1ccc(cc1)S(=O)(=O)N)F
1315,Nc1ncnc2c1c(cs2)c1ccccc1
1316,O=C(Nc1n[nH]c(c1)C1CC1)Cc1ccc2c(c1)cccc2
1317,Fc1ccc2c(c1)c1c(=O)[nH]ccc1c1c2[nH]c(n1)C(C)(C)C
1318,NC(=O)COc1ccc(cc1)n1nc(cc1NC(=O)C(=O)c1cccc2c1cccc2)C(C)(C)C
1319,O=CN(C(c1ccc(cc1)O)CS(=O)(=O)c1ccc(cc1)c1ccc(cc1)C(F)(F)F)O
1320,COc1cc2ncnc(c2cc1CN(C(C(=O)N)CN(C)C)C)Nc1cccc(c1F)Cl
1321,N#Cc1ncc2nc1OCC(O)C(O)COc1c(NC(=O)N2)cc(Cl)cc1
1322,CONC(=O)c1cc(Nc2ncnn3c2c(C(C)C)c(c3)c2nnc(o2)C(S(=O)(=O)C)(F)F)c(cc1F)F
1323,COc1cc2-c3[nH]nc(c3Cc2cc1OC)Nc1cccc(c1)F
1324,CCN1CCN(CC1)c1ccc(cc1)Nc1ncc(c(n1)Nc1ccc2c(c1)cn[nH]2)Cl
1325,O=C1CCCc2c1cnn2C
1326,Cc1ccccc1c1n(nnc1c1ccc2c(c1)c(N)n[nH]2)Cc1ccccc1
1327,Oc1ccc(cc1)C(=O)NC1CNCCCC1OC(=O)c1cc(O)c(c(c1)O)C(=O)c1c(O)cccc1C(=O)O
1328,COc1cc(O)c(c(c1)C1=C(C)CC(C1=O)O)C(=O)O
1329,CCCC(=O)Nc1n[nH]c2c1cc(cc2)c1cccc(c1F)F
1330,OCC1OC(C(C(C1OC)O)O)n1c2c(c3c1cccc3)c1C(=O)N(C(=O)c1c1c2[nH]c2c1cccc2)C
1331,COc1cc(cc(c1OC)OC)C1=C(CNC1=O)c1cn(c2c1cccc2)COCc1ccccc1
1332,Fc1ccc2c(c1)[nH]c(c2)C(=O)N1CC2(c3c1cccc3)CCN(C2)C1CNCC1
1333,O=C(N1CCC2(CC1)NCCc1c2[nH]c2c1cccc2)Cc1ccc(cc1)OC(F)(F)F
1334,CN(CCCNC(=O)CCn1c2c(c3c1cccc3)c1CNC(=O)c1c1c2[nH]c2c1cccc2)C
1335,Fc1cc(F)c(cc1c1ncoc1c1ccc2n(c1)c(nn2)C(C)(C)C)F
1336,OCC(NN1C(=O)c2c(C1=O)c1c3ccc(cc3[nH]c1c1c2c2ccc(cc2n1C1OCC(C1O)O)O)O)CO
1337,O=C(c1cc(O)c(c(c1)O)O)OC1OC2CC(=O)c3cc(O)c(c(c3-c3c(C(=O)OC2C2C1OC(=O)c1cc(O)c(c(c1-c1c(C(=O)O2)cc(c(c1O)O)O)O)O)cc(c(c3O)O)O)O)O
1338,NC(=O)c1sc2c(c1N)c(Cl)ccc2Br
1339,Nc1ncnc2c1c(nn2C1CCCC1)c1ccc2c(c1)cn[nH]2
1340,COC1C(CC2OC1(C)n1c3ccccc3c3c1c1n2c2ccccc2c1c1c3C(O)NC1=O)N(C(=O)c1ccccc1)C
1341,Clc1ccc(c(c1)CNc1ncc(c(n1)NC1CCCC1)C(=O)NCCCN1CCCC1=O)Cl
1342,Cc1nn(c2c1c1[nH]cnc(=O)c1s2)C
1343,Brc1ccc(cc1)c1cncc2c1cc(s2)C(=O)N
1344,FCCC1CNC(=O)c2c1[nH]c(c2)c1ccnc(n1)N
1345,O=C(Nc1ccc(cc1F)c1cccc2c1c(N)n[nH]2)Nc1cccc(c1)C(F)(F)F
1346,COc1cc(O)c2c(c1)C(=O)c1c(C2=O)c(O)c(c(c1)C)O
1347,COC1C(CC2OC1(C)n1c3ccccc3c3c1c1n2c2ccccc2c1c1c3CNC1=O)N(C(=O)OC(C)(C)C)C
1348,O=C1NCc2c1c1c([nH]c3c1cccc3)c1c2c2ccccc2[nH]1
1349,CCOc1ccccc1C=NNC(=O)c1nnn(c1N1CCCC1)c1nonc1N
1350,COc1cc(Br)cc(c1)c1nn(c2c1c(N)ncn2)C(C)C
1351,CNc1ncnc(n1)c1cccnc1Oc1ccc(c(c1)C(=O)Nc1cc(ccc1N(CCCN(C)C)C)C(F)(F)F)F
1352,COc1cc(O)c(c(c1)c1cc(O)c(cc1C)O)C(=O)O
1353,O=C1C=Cc2c(=C1)ccc(=C1NN(c3c1c(N)ncn3)C(C)C)c2
1354,CN1CCN(CC1)CCCNc1ncc2c(n1)nc(c(c2)c1c(Cl)cccc1Cl)NC(=O)NC(C)(C)C
1355,O=C1OC2COC(=O)c3cc(O)c(c(c3-c3c(C(=O)OC2C2OC(=O)c4c(-c5c1cc(O)c(c5O)O)c(O)c(O)c(c4-c1c4C(=O)OC2C(O)c4c(c(c1O)O)O)O)cc(O)c(c3O)O)O)O
1356,Fc1ccc2c(c1)c(cn2C)c1cc2c([nH]1)ncc(n2)Br
1357,OC1OC(C)C(C2C1OC(=O)c1cc(O)c(c(c1-c1c(C(=O)O2)cc(c(c1O)O)O)O)O)O
1358,OC1CCC(CC1)c1[nH]ncc1c1ccnc(n1)NC1CCCC1
1359,COc1cc2ncnc(c2cc1OC)N1CCN(CC1)C(=O)Nc1ccc(cc1)Br
1360,O=C1NC(=O)c2c1c1-c3ccccc3CCc1c1c2c2ccccc2[nH]1
1361,COc1cc2ncnc(c2cc1CN(C(C(=O)N)C)C)Nc1cccc(c1F)Cl
1362,O=c1cc2-c(cc1O)cc(c[nH]2)c1ccncc1
1363,OCC(CNc1cccc(c1)C1=C(C(=O)NC1=O)c1cn(c2c1cc(F)cc2)C)O
1364,NCC(Cc1ccc(cc1Cl)Cl)NC(=O)c1ccc(s1)c1ccnc(n1)NC
1365,C=C(C(C)C)CCC(C1CCC2C1(C)CCC(C2CCc1cc(O)ccc1C)O)C
1366,COc1cc2ncnc(c2cc1CN(C1(CCN(CC1)C)C(=O)N)C)Nc1cccc(c1F)Cl
1367,COC(=O)c1c(N)nc2n1cccc2
1368,CN1CCCN(CC1)c1cncc(n1)c1cccc(c1)C=CC(=O)O
1369,CC(OC(=O)N1CCn2c3c(C1)cccc3c(c2)C1=C(C(=O)NC1=O)c1cnc2n1cccc2)C
1370,CN1CCN(CC1)c1ccc(cc1)Nc1ncc2c(n1)n1c3ccccc3nc1n(c2=O)c1c(C)cccc1C
1371,O=C1Nc2cccnc2-c2c(C1)c1cc(Br)ccc1[nH]2
1372,Clc1ccc(cc1)c1cccc(c1)c1[nH][nH]c2-c1c(C)cc(=O)n2
1373,COC(=O)CCN1CCN(CC1)S(=O)(=O)c1cccc2c1ccnc2
1374,OCCCC(=O)Nc1cc(Cl)cc2c1[nH]c1c2ccnc1
1375,O=C1C(=O)C(=C1NC(c1ccccc1)C)Nc1ccnc(c1)c1cscc1
1376,Nc1ncnc2c1c(nn2C1CCCC1)c1cnc2c(c1)cccc2
1377,CNC(=O)c1[nH]nc(c1)c1ccccc1
1378,Fc1ccc(cc1)c1n(nnc1c1ccc2c(c1)c(C)[nH]n2)Cc1ccccc1
1379,CN(CCCn1c2ccccc2c(c1c1cc2c(s1)cccc2)C1=CC(=O)NC1=O)C
1380,OCC(NN1C(=O)c2c(C1=O)c1c(c3c2c2ccc(cc2n3C2OCC(C(C2O)O)O)O)[nH]c2c1ccc(c2)O)CO
1381,COc1cc2ncnc(c2cc1CN(C(C(=O)N)C)CCN(C)C)Nc1cccc(c1F)Cl
1382,COc1cc2c(ncnc2cc1OCCCN1CCOCC1)Nc1ccc(cc1)NC(=O)c1ccccc1
1383,CC(=O)Nc1cc(Cl)cc2c1[nH]c1c2ccnc1
1384,CCN1CCN(CC1)c1ccc(cc1)Nc1ncc(c(n1)Nc1ccc2c(c1)cn[nH]2)C#N
1385,COc1cc2ncnc(c2cc1CN1CCOCC1C(=O)N)Nc1cccc(c1F)Cl
1386,Clc1cc2c(c(c1OCC1CCCCC1)Cl)[nH]c1c2ccnc1
1387,CCOc1ccn(c(=O)c1C(=O)Nc1ccc(c(c1)F)Oc1ccnc(c1Cl)N)c1ccc(cc1)F
1388,OCC(c1cccc(c1)Cl)NC(=O)c1[nH]cc(c1)c1nc(ncc1C)Nc1ccc(cc1Cl)F
1389,Oc1cc(C)c2c(c1)oc1c(c2=O)c(O)cc(c1)O
1390,N#Cc1ccc2c(c1)n(c1nc3c(s1)CCCC3)c(n2)N
1391,COc1ccc(cc1O)c1nn(c2c1c(N)ncn2)C(C)C
1392,Fc1ccc(cc1)c1ccc(cc1)C(=O)NS(=O)(=O)c1ccc(c(c1)N)NC1CCCCC1
1393,NC(Cc1ccccc1)COc1cncc(c1)C=Cc1ccncc1
1394,OCC1CC2OC1n1c3c4n2c2ccccc2c4c2c(c3c3c1cccc3)C(=O)NC2=O
1395,O=C(Nc1cccc(c1)C(F)(F)F)Nc1ccc(cc1)c1ccc2c(c1N)nccn2
1396,COC(=O)C1(O)CC2OC1(C)n1c3ccccc3c3c1c1n2c2ccccc2c1c1c3CNC1=O
1397,Nc1nc(nn1c1ccccn1)Nc1ccc(cc1)C1CCC(CC1)N1CCOCC1
1398,OC(=O)CCC(C(=O)NCCCCCNC1=C(C(=O)NC1=O)c1cc2c([nH]1)cccc2)N
1399,O=c1nc2sc3c(c2c2n1[nH]c(n2)c1ccccc1)CCCC3
1400,COc1cc2ncnc(c2cc1OC)N1CCN(CC1)C(=S)NCc1ccccc1
1401,Cc1ccsc1C(=O)n1nc(nc1N)Nc1ccc(cc1)S(=O)(=O)N
1402,CCCc1cc(nc2c1c(N)c(s2)C(=O)N)N1CCC(CC1)N
1403,O=C(n1cc(c2c1cccc2)c1cncn1C1CCCCC1)OC(C)(C)C
1404,Fc1ccc(cc1)C(=O)Nc1n[nH]c2c1cc(cc2)c1nnn(c1)Cc1ccccc1
1405,Cc1cccc(c1)Nc1nccc(n1)NC1=C(C(=O)C1=O)NC(C(C)(C)C)C
1406,Nc1ncnc2n1c1ccccc1n2
1407,CNC1CC2OC(C1OC)(C)n1c3ccccc3c3c1c1n2c2ccc(cc2c1c1c3CNC1=O)O
1408,COc1cccc(c1)c1nn(c2c1c(N)ncn2)C(C)C
1409,Nc1n[nH]c2c1cc(cc2)Nc1ccc(cc1)NS(=O)(=O)C
1410,CN1CCN(CC1)c1ccc(cn1)c1cnc2c(c1)N(CCN2)Cc1c(F)ccc(c1Cl)F
1411,COc1cc(Nc2nccc(n2)c2ccc(nc2)N2CCNCC2)cc(c1OC)OC
1412,O=C(C(Cc1ccccc1)N)NCCCCCNC1=C(C(=O)NC1=O)c1cc2c([nH]1)cccc2
1413,Nc1ncnc2c1c(nn2C(C)C)c1ccc2c(c1)[nH]nc2
1414,O=C(c1cccc(c1)C(F)(F)F)Nc1ccc(c(c1)C(=O)Nc1cnc(c(c1)Cl)N)Cl
1415,COc1cc2c(Nc3cccc(c3)c3nc4c(s3)cccc4)nc(nc2cc1OC)Nc1n[nH]c(c1)C
1416,COCCN1CC(C1)(C(=O)N)N(Cc1cc2c(ncnc2cc1OC)Nc1cccc(c1F)Cl)C
1417,CNC1CC2OC(C1OC)(C)n1c3ccccc3c3c1c1n2c2ccccc2c1c1c3CNC1=O
1418,Cc1nnc(o1)c1ccc(c(c1)C)c1cc(ccc1C)C(=O)NC1CC1
1419,NCCCCCCCCC#Cc1cnc(c2c1scc2c1ccc(cc1)NC(=O)Nc1cccc(c1)C)N
1420,CCC1CC(CC1c1ncc2n1c1cc[nH]c1nc2)NS(=O)(=O)C1CC1
1421,NC(=N)SCCCn1c2ccccc2c(c1c1cc2c(o1)cccc2)C1=CC(=O)NC1=O
1422,COc1cc2c(cc1OC)ncc1c2c2ccc(c(c2nc1N)C)N
1423,Brc1ccc2c(c1)c1ccncc1[nH]2
1424,NCCOc1cccc(c1)Nc1ccnc(n1)N
1425,OCCNc1ncc2c(c1)cc(cc2)c1ccccc1
1426,O=c1[nH]c2[nH][nH]c(=O)c2c(c1)C(C)C
1427,O=C(CC1Nc2ccccc2NC1=O)Nc1ccc(cc1)N(C)C
1428,O=C(Nc1cccc(c1)C)Nc1ccc(cc1)c1cncc2c1c(N)n[nH]2
1429,N#Cc1ccc2c(c1)c1ccncc1[nH]2
1430,O=C(Nc1ccc(cc1)SC(F)F)Cc1ccc(cc1)c1cccnc1
1431,Nc1ncc2n1c(ccc2)c1ccccc1
1432,CN(c1ccc(cc1NC(=O)c1ccccc1)c1nc2n(c1c1ccnc(n1)Nc1cccc(c1)N1CCOCC1)ccs2)C
1433,Ic1cnc(=O)n2c1[nH]c(c2)c1ccccc1
1434,O=C1C(=Cc2ccccn2)CNCC1=Cc1ccccn1
1435,CCOc1nc(cc(c1C#N)N)C(=O)NCc1ccc(cc1)S(=O)(=O)N
1436,CCOc1cc(ccc1OC)c1nn(c2c1c(N)ncn2)C(C)C
1437,CNCc1ccc(cc1)c1[nH]c2c3c1CCNC(=O)c3cc(c2)F
1438,O=C1NC(=O)c2c1cc(NC1CCCCC1)c(c2)NC1CCCCC1
1439,NCCOCCOCCNC(=O)c1[nH]c2c(c1CCCOc1cccc3c1cccc3)cccc2c1c(C)cccc1Cl
1440,COc1cc2c(ccnc2cc1OC)Oc1ccc2c(c1)cccc2C(=O)Nc1ccc(cc1)Cl
1441,O=C1NC(=O)c2c1cc(c(c2)Nc1ccccc1)N(c1ccccc1)C
1442,CN1CCN(CC1)c1ccc2c(n1)nc(n2c1ccnc(n1)NC1CCCC1)c1ccc(cc1)F
1443,Nc1ncnc2c1c(nn2C(C)C)c1ccc(cc1)NS(=O)(=O)C
1444,O=C(c1ccc(cc1)c1ccncc1)NCc1ccccc1
1445,CC(c1c(Cl)ccc(c1Cl)F)Oc1ccc2c(c1)cccn2
1446,N#Cc1cncc(c1Nc1ccc2c(c1)cc[nH]2)c1ccc(c(c1)OC)OC
1447,Oc1cc(O)c2c(c1)OC(C(C2c1c(O)cc(c2c1OC(C(C2)OC(=O)c1cc(O)c(c(c1)O)O)c1ccc(c(c1)O)O)O)OC(=O)c1cc(O)c(c(c1)O)O)c1ccc(c(c1)O)O
1448,OC(=O)CC1C(=O)OC2C3COC(=O)c4cc(O)c(c(c4-c4c(C(=O)OC2C(OC(=O)c2c5C1C(O)C(=O)Oc5c(c(c2)O)O)C(O3)OC(=O)c1cc(O)c(c(c1)O)O)cc(O)c(c4O)O)O)O
1449,O=c1ccc2c([nH]1)ccc(c2)c1nn(c2c1c(N)ncn2)C1CCCC1
1450,NCC(=O)N(C1CC2OC(C1OC)(C)n1c3ccccc3c3c1c1n2c2ccccc2c1c1c3CNC1=O)C
1451,CSc1nc(Nc2snc(c2)C)c2n(c1)c(cn2)c1c[nH]nc1
1452,OCC1OC(C(C(C1OC)O)O)n1c2c(Cl)cccc2c2c1c1[nH]c3c(c1c1c2C(=O)NC1=O)cccc3Cl
1453,Nc1ncnc2c1c(nn2C(C)C)c1ccc2c(c1)CCO2
1454,OCCCn1c2c3Cc4c(-c3c3c(c2c2c1ccc(c2)COC(C)C)CNC3=O)cccc4
1455,CC(CCCC(C1CCC2C1(C)CCC(C2CCc1cc(O)ccc1C)O)C)C
1456,CC1CC2CN1CCn1[nH]c3c(c1=O)cccc3-c1nc3c(O2)cccc3[nH]c1=O
1457,COC(=O)c1cc(cn1C)C(=O)c1cc(cn1C)C(=O)c1cc(cn1C)NC(=O)CCn1c2c(c3c1cccc3)c1CNC(=O)c1c1c2[nH]c2c1cccc2
1458,NC(=O)c1nc2ccnn2c(c1)c1cccs1
1459,O=C1Nc2c(C1=CNc1ccc(cc1)S(=O)(=O)Nc1ccccn1)c1scnc1cc2
1460,CCc1nc(Nc2ccc(c(c2)Cl)N2CCOCC2)nc2c1cc[nH]2
1461,COc1cc2c(ccnc2cc1OCCCN1CCOCC1)Oc1ccc(cc1F)c1cnc(n(c1=O)C)Cc1ccccc1
1462,CCCNC(=O)c1ccc(cc1)Nc1nc(NCC(F)(F)F)c2c(n1)[nH]cc2
1463,O=C1C(=O)C(=C1NC(C)(C)C)Nc1ccnc(n1)Nc1ccc(cc1)c1ccncc1
1464,Brc1cnc2c(n1)cc([nH]2)c1cn(c2c1cccc2)C
1465,Oc1cc(O)c(c(c1)c1cc(O)c(cc1C)O)C(=O)O
1466,Clc1cc(NC2CCC(CC2)NS(=O)(=O)C)nc(n1)c1c[nH]c2c1cccn2
1467,CCN1C(=CC(=O)C)Sc2c1cc(OC)cc2
1468,O=C(Nc1ccnc2c1cc(Cl)cc2)Nc1cccc(n1)C(F)(F)F
1469,CN(CCCCNC(=O)c1cccc(c1)n1nc(cc1NC(=O)Nc1cccc2c1cccc2)C(C)(C)C)C
1470,O=C(Nc1cccc(c1)C(F)(F)F)Nc1ccc(cc1)c1ccc2c(c1)[nH]nc2N
1471,Fc1ccc(cc1)Nc1ncnc(n1)Nc1ccccc1C(=O)O
1472,CC(c1ccc2c(c1)[nH]c1c(c2=O)c(C)ccn1)C
1473,CC(=O)NC1CCCC(C1)Nc1nc(Cl)cc(n1)c1c[nH]c2c1cccn2
1474,CN1C2CCCC1n1c3ccccc3c3c1c1n2c2ccccc2c1c1c3C(=O)NC1=O
1475,CN1CC(Cc2ccccn2)C(=O)C(=Cc2ccccn2)C1
1476,COc1cc2c(c(c1c1c(OC)cc(c3c1C(=O)C1=C(C3=O)C(O)C(C(C1O)(C)O)O)O)O)C(=O)c1c(C2=O)cc(c(c1)O)C
1477,OC(=O)C1CN(C1)Cc1ccc(cc1C)OCc1cccc(c1)C(F)(F)F
1478,N#Cc1cc(F)c(nc1NC(c1ccc(cn1)F)C)Nc1n[nH]c(c1)C
1479,COc1cc2ncnc(c2cc1CN(C1(CN(C1)C)C(=O)N)C)Nc1cccc(c1F)Cl
1480,FC1=CC(=O)C(=CC1=C1NN(c2c1c(N)ncn2)C(C)C)F
1481,Nc1ncnc2c1c(nn2C(C)C)c1ccc2c(c1)cco2
1482,OC1C(COC(=O)c2cc(O)c(c(c2)O)O)OC(C(C1O)OC(=O)c1cc(O)c(c(c1)O)O)OC(=O)c1cc(O)c(c(c1)O)O
1483,Fc1ccc(cc1O)c1nn(c2c1c(N)ncn2)C1CCCC1
1484,Nc1nccc(n1)c1[nH]c(c(c1)C(=O)N)c1ccccc1
1485,Clc1cc(NC(=O)c2ccccc2)c2c(c1)c1ccncc1[nH]2
1486,O=C(C(N)(C)C)NCCn1ccc2c1c(ncn2)Nc1ccc(c(c1)Cl)Oc1cccc2c1cns2
1487,COC1C(O)CC2OC1(C)n1c3ccccc3c3c1c1n2c2ccccc2c1c1c3CNC1=O
1488,CC1CCC(CN1)N1CCC2(C1)CN(c1c2cccc1)C(=O)c1cc2c([nH]1)cccc2
1489,COc1cc2c(cc1OCCCN1CCOCC1)ncnc2N1CCN(CC1)C(=O)Nc1ccc(cc1)OC(C)C
1490,Clc1ccc2c(n1)ccc(c2)c1nn(c2c1c(N)ncn2)C(C)C
1491,COc1ccc(cc1O)c1nn(c2c1c(N)ncn2)C
1492,COc1nc(OC)ncc1c1nn(c2c1c(N)ncn2)C(C)C
1493,CN(Cc1ccc(cc1)c1cnn2c1nccc2c1cccc(c1)NC(=O)c1cccc(c1)C(F)(F)F)C
1494,NC(=NCCCC(C(=O)NCCNCCCCCNC1=C(C(=O)NC1=O)c1cc2c([nH]1)cccc2)N)N
1495,COc1cc2ncnc(c2cc1CN1CCC1C(=O)N)Nc1cccc(c1F)Cl
1496,O=C(c1sc2c(c1)c([nH]n2)c1ccccc1)NC1CCCCC1
1497,O=C(c1cc(O)c(c(c1)O)O)OC1C(OC(=O)c2cc(O)c(c(c2Oc2cc3C(=O)OC4C(COC(=O)c5c(-c3c(c2O)O)c(O)c(c(c5)O)O)OC(C(C4OC(=O)c2cc(O)c(c(c2)O)O)OC(=O)c2cc(O)c(c(c2)O)O)OC(=O)c2cc(O)c(c(c2)O)O)O)O)C(COC(=O)c2cc(O)c(c(c2)O)O)OC(C1OC(=O)c1cc(O)c(c(c1)O)O)OC(=O)c1cc(O)c(c(c1)O)O
1498,Fc1ccc(cc1O)c1nn(c2c1c(N)ncn2)C1CNCC1
1499,CNc1nc(c(s1)c1ccnc(n1)Nc1ccc(cc1)N1CCNCC1)C
1500,OCc1c(CO)c2c3ccccc3n3c2c2c1c1ccccc1n2C1(C)OC3CC(C1OC)NC
1501,CNC(=O)c1nc(cnc1N)c1ccc(c(c1)S(=O)(=O)Nc1cccc(c1F)F)Cl
1502,O=C(Nc1cccc(c1)C)Nc1ccc(c(c1)F)c1cccc2c1c(N)n[nH]2
1503,Nc1ncnc2c1c(nn2C(C)C)c1ccc2c(c1)cc[nH]2
1504,CNC(=O)Nc1cc(Cl)cc2c1[nH]c1c2ccnc1
1505,NC(Cc1c[nH]c2c1cccc2)COc1cncc(c1)c1ccc(c(c1)C(=O)c1ccccc1F)N
1506,O=C(NC1=CNNC1=C1N=c2c(=N1)ccc(c2)CN1CCOCC1)NC1CC1
1507,NC(=O)c1ccc(cc1)c1cc(OCCC(C)(C)C)c2c(c1)[nH]nc2N
1508,Oc1cc(O)c2c(c1)oc1c(c2=O)c(C)c(c(c1)O)O
1509,COCC1OC(=O)C(=CN(C(C)(C)C)CCO)C2=C(C(=O)C3=C(C12C)C(OC(=O)C)CC1(C3CCC1O)C)O
1510,CCCCC(CN(C1CC2OC(C1OC)(C)n1c3ccccc3c3c1c1n2c2ccccc2c1c1c3CNC1=O)C)O
1511,Nc1ccc(cc1)c1cccn2c1n[nH]c2=O
1512,Fc1ccc(c(c1)c1[nH]ncc1c1ccc2n(c1)c(nn2)C(C)C)F
1513,O=C(NC(C)(C)C)Nc1nc2nc(N)ncc2cc1c1c(C)c(C)cc(c1C)C
1514,COC1C(CC2OC1(C)n1c3ccccc3c3c1c1n2c2ccccc2c1c1c3CNC1=O)N(CC(=O)O)C
1515,O=C(CCn1c2c(c3c1cccc3)c1CNC(=O)c1c1c2[nH]c2c1cccc2)NCCC1CCCN1C
1516,O=Cc1ccc(cc1F)c1nn(c2c1c(N)ncn2)C(C)C
1517,OCC(C(=O)NC(C(=O)NC(C(=O)NC(C(=O)NC(C(=O)NC(C(=O)NC(C(=O)O)CCCN=C(N)N)CCCN=C(N)N)CCCN=C(N)N)CCCN=C(N)N)CCCN=C(N)N)CCCN=C(N)N)NC(=O)CCNCCNS(=O)(=O)c1cccc2c1ccnc2
1518,OCCCNc1nccc(c1)c1ncnc(n1)Nc1cccc(c1)Cl
1519,CC(=O)N1CCN(CC1)c1cnc2c(c1)c(NCc1cccc(c1)[N+](=O)[O-])cc(c2)C(F)(F)F
1520,COC1C(CC2OC1(C)n1c3ccccc3c3c1c1n2c2ccccc2c1c1c3CNC1=O)N(C(=O)CNC(=O)OC(C)(C)C)C
1521,OC1C=C(CC(C1O)OC(=O)c1cc(OC(=O)c2cc(O)c(c(c2)O)O)c(c(c1)O)O)C(=O)O
1522,CC(Oc1cccc2c1c(N)n[nH]2)COCC
1523,O=C(Nc1cccc2c1nsn2)NNC=C1C=CC(=O)C=C1O
1524,OCC(NN1C(=O)c2c(C1=O)c1c(c3c2c2ccccc2n3C2OC(CO)C(C(C2O)O)O)[nH]c2c1c(O)ccc2)CO
1525,Nc1n[nH]c2c1cc(cc2)c1nnn(c1C1CC1)Cc1ccccc1
1526,O=C1NC(=O)c2c1c1c3ccccc3[nH]c1c1c2c2ccccc2n1C(C)C
1527,OCCOCCNC(=O)c1cccc(c1)n1nc(cc1NC(=O)Nc1cccc2c1cccc2)C(C)(C)C
1528,O=C1NC(=O)C(=C1c1c[nH]c2c1cccc2)c1c[nH]c2c1cccc2
1529,C1CCC(CC1)CNc1nccc(n1)c1c[nH]c2c1cccn2
1530,COc1ccc(cc1)c1ocnc1C(=O)NCc1ccncc1
1531,OCC(NN1C(=O)c2c(C1=O)c1c(c3c2c2cc(O)ccc2n3C2OC(CO)C(C(C2O)O)O)[nH]c2c1cccc2O)CO
1532,OC1C(COC(=O)c2cc(O)c(c(c2)O)O)OC(C(C1O)O)OC(=O)c1cc(O)c(c(c1)O)O
1533,COc1ccc(cc1O)c1[nH]nc2c1c(N)ncn2
1534,COc1cc2c(ncnc2cc1OC)Nc1cccc(c1)Br
1535,Clc1ccc(c(c1)C(=O)Nc1cc(cc(c1)C(F)(F)F)C(F)(F)F)O
1536,Nc1ncnc2c1c(nn2C)c1cnc2c(c1)cc[nH]2
1537,COc1ccc(cc1)c1nn(c2c1c(N)ncn2)C(C)C
1538,Brc1ccc2c(c1)c(c[nH]2)c1ccnc(n1)N
1539,Cc1ccc(cc1)Nc1cc2C(=O)NC(=O)c2cc1Nc1ccc(cc1)C
1540,Clc1ccc(c(c1)CNc1ncc(c(n1)NC1CCCC1)C(=O)NCCCN1CCOC1=O)Cl
1541,Nc1nccn2c1c(nc2C1CC(C1)(C)O)c1ccc2c(c1)nc(cc2)c1ccccc1
1542,O=C(Nc1cccc(c1)C(F)(F)F)Nc1ccc(cc1)c1ccnc2c1c(N)nn2C
1543,O=C(Nc1cccc(c1)F)Nc1cccc(c1)c1ccc2c(c1)[nH]nc2
1544,COC1C(CC2OC1(C)n1c3ccccc3c3c1c1n2c2ccccc2c1c1c3C(=O)NC1=O)N(C(=O)c1ccccc1)C
1545,O=C(Nc1ccc(nn1)c1ccccc1)CCCCCCCCCCn1nc2-c3ccccc3CCc2cc1=N
1546,c1ccc(cc1)Nc1ccnc(n1)Nc1ccccc1
1547,CCOC(=O)c1cnn2c1nccc2c1cccc(c1)NC(=O)c1cccc(c1)C(F)(F)F
1548,Cc1ccc(cc1c1ccc2c(c1)onc2C1CCNCC1)C(=O)NC1CC1
1549,O=C(N1CCc2c1ccc(c2)c1cn(c2c1c(N)ncn2)C)Cc1cccc(c1)C(F)(F)F
1550,OC(=O)c1ccccc1Nc1ccnc(n1)Nc1ccc(c(c1)F)C
1551,CC(=O)c1ccc(cc1)c1nn(c2c1c(N)ncn2)C(C)C
1552,OCC(NN1C(=O)c2c(C1=O)c1c(c3c2c2ccc(cc2n3C2OC(CO)C(C(C2O)O)O)O)[nH]c2c1cc(O)cc2)CO
1553,Clc1cc2c(c(c1OCC1CC1)Cl)[nH]c1c2ccnc1
1554,OCCNC(=O)C1=Cc2c(ncnc2NCC1)Nc1ccc(c(c1)Cl)Oc1cccc2c1ccs2
1555,Brc1cc(O)c2c(c1)[nH]cc2c1ccnc(n1)N
1556,O=C1CCCN1Cc1ccc2c(c1)[nH]c(=O)c1n2ccc1
1557,O=C(Nc1cccc(c1)c1nc2n(c1c1ccnc(n1)Nc1ccccc1C)ccs2)Cc1ccccc1
1558,Clc1cc(NCc2ccccc2)c2c(c1)c1ccncc1[nH]2
1559,Fc1cccc(c1)Oc1cncc2c1cc(s2)C(=O)N
1560,Fc1ccc(cc1)n1cccc(c1=O)C(=O)Nc1ccc(c(c1)F)Oc1ncnc2c1c(cs2)c1ccccc1
1561,CC(CCCC(C1C(O)CC2C1(C)CCC(C2CCc1cc(O)ccc1C)O)C)C
1562,CN(CCOc1cccc(c1)c1nc2c([nH]1)cccc2C(=O)N)C
1563,CC(n1nc(c2c1ncnc2N)c1ccc2c(c1)c(=O)nc[nH]2)C
1564,CC(CC=CC(C1CCC2C1(C)CCC(C2CCc1cc(O)ccc1C)O)C)C
1565,Cc1ccc(cc1c1ccc2c(c1)cnc(n2)NCCN1CCOCC1)C(=O)Nc1cccc(c1)C(F)(F)F
1566,O=C(Nc1cccc2c1C1CCCN1C2=O)Nc1ccccn1
1567,Oc1cccc(c1)C(C(=O)N)NC1=C(C(=O)C1=O)Nc1ccncc1
1568,COC1C(CC2OC1(C)n1c3ccccc3c3c1c1n2c2ccccc2c1c1c3CNC1=O)N(Cc1ccccc1)C
1569,CC(Oc1ccc(cc1C(F)(F)F)c1noc(n1)c1ccc(cc1)NC1CCC(C1)C(=O)O)C
1570,OCCn1c2ccccc2c2c1c1CCc3c(-c1c1c2CNC1=O)ccc(c3)OC(C)C
1571,N#Cc1c(ncnc1NC1CCCC1)Nc1cc(ccc1C)C(=O)Nc1nocc1
1572,Oc1cc(O)c2c(c1)OC(C(C2c1c(O)cc(c2c1OC(c1ccc(c(c1)O)O)C(C2c1c(O)cc(c2c1OC(C(C2)O)c1ccc(c(c1)O)O)O)O)O)O)c1ccc(c(c1)O)O
1573,OC1C2COC(=O)c3cc(O)c(c(c3-c3c(C(=O)OC1C(C(O2)OC(=O)c1cc(O)c(c(c1)O)O)O)cc(O)c(c3O)O)O)O
1574,Fc1ccc(c(c1)C(=O)Nc1n[nH]c2c1cc(cc2)c1nnn(c1)Cc1ccccc1)F
1575,OCCCCNc1cncc(c1)c1cncc(n1)Nc1cccc(c1)Cl
1576,Brc1cccc(c1)Nc1ncnc2c1cc1[nH]cnc1c2
1577,c1ccc2c(c1)[nH]c1c2ccnc1
1578,Cc1nc(nn1C(=O)c1c(F)ccc(c1F)C)Nc1ccc(cc1)S(=O)(=O)N
1579,COc1ccc(cc1Nc1nccc(n1)c1c(nc2n1ccs2)c1cccc(c1)NC(=O)Cc1ccccc1)CN(C)C
1580,CN(CC=CC(=O)N(c1cc2c(cc1F)nc(c1n2cnc1)Nc1ccccc1C)C)C
1581,O=C1NCc2c1c1c(c3c2-c2ccccc2C3)[nH]c2c1cccc2
1582,O=C1NCCNc2c1c(N)ncn2
1583,CCN(CC=Cc1[nH]c(=O)c2c(c1C)ccc1c2n(C)c(n1)Nc1c(Cl)cccc1Cl)CC
1584,Brc1ccc2c(c1)[nH]cc2c1ccnc(n1)N
1585,O=C(c1ccc(cc1)c1cc(ccc1C)C(=O)NC1CC1)NCC1CC1
1586,COc1ccc(cc1)C1=C(NNc2cccc(c2)OC)C(=O)N=N1
1587,Cc1cccc(c1c1cc(C)c2c(c1)nnc(n2)Nc1ccc(cc1)OCCN1CCCC1)C
1588,COc1cc(O)c2c(c1)c1c(C)cc(cc1oc2=O)O
1589,O=C(c1sc2c(c1)c([nH]n2)c1ccccc1)NCCc1ccccc1
1590,OC1CC(CC(C1OC(=O)c1cc(O)c(c(c1)O)O)O)(OC(=O)c1cc(O)c(c(c1)O)O)C(=O)O
1591,OCC(C(=O)NC(C(=O)NC(C(=O)NC(C(=O)NC(C(=O)NC(C(=O)NC(C(=O)O)CCCN=C(N)N)CCCN=C(N)N)CCCN=C(N)N)CCCN=C(N)N)CCCN=C(N)N)CCCN=C(N)N)NC(=O)C(N)C
1592,Nc1ncnc2c1c(nn2C(C)C)c1ccc2c(c1)[nH]nc2N
1593,COc1cc2C=CCCCC(=O)C=CCC(OC(=O)c2c(c1)O)C
1594,CN1CCN(CC1)CC(=O)Nc1cccc2-c3c(Cc12)c(n[nH]3)c1csc(c1)C#CCOc1ccccc1
1595,CN(C1CCC(CC1)Nc1nc(ncc1c1onc(c1)C)Nc1cc(Cl)cc(c1)Cl)C
1596,NCCCCCCCNC1=C(C(=O)NC1=O)c1cc2c([nH]1)cccc2
1597,Cc1ccc(o1)c1ccc2c(c1)c(co2)c1ccc(cc1)S(=O)C
1598,c1scc(c1)c1n[nH]c2-c3c(Cc12)ccc(c3)Cn1cncc1
1599,Cc1cccc(c1)C=NNc1nc(OCCc2ccccn2)nc(c1)N1CCOCC1
1600,N#Cc1cccc(c1)c1nn(c2c1c(N)ncn2)C(C)C
1601,O=C1C=CC(=C2NN(c3c2c(N)ncn3)C(C)C)C(=C1)C
1602,CNC1CC2OC(C1OC)(C)n1c3c4n2c2ccc(cc2c4c2c(c3c3c1ccc(c3)O)COC2=O)O
1603,NC(=NCCCC(C(=O)NCCCCCNC1=C(C(=O)NC1=O)c1cc2c([nH]1)cccc2)N)N
1604,CN1CCN(CC1)NC(=O)Nc1cccc2-c3c(C(=O)c12)c([nH]n3)c1sc(nc1C)C
1605,N#Cc1cnc2c(c1Nc1ccc(c(c1)Cl)F)cc(cc2Br)NCc1n[nH]nc1
1606,CC(n1nc(c2c1ncnc2N)c1ccc2c(c1)c(N)ccn2)C
1607,CC(n1nc(c2c1ncnc2N)c1cnc2c(c1)nccn2)C
1608,NCCNS(=O)(=O)c1cccc2c1ccnc2
1609,O=Cc1ccc2c(c1)cc(s2)c1nn(c2c1c(N)ncn2)C(C)C
1610,Clc1ccc(cc1O)c1nn(c2c1c(N)ncn2)CC1CCCN1
1611,ClCC(NC(=O)C1CCN2N1CC(N)(CC2)Cc1ccccc1)CCCN=C(N)N
1612,OCC1OC(C(C(C1OC)O)O)n1c2c(Cl)cccc2c2c1c1[nH]c3c(c1c1c2C(=O)N(C1=O)CC(=O)CCl)cccc3Cl
1613,Clc1nc(NCCNS(=O)(=O)C)cc(c1)c1c[nH]c2c1cccn2
1614,C1Oc2c(O1)cc(cc2)c1ncnc2c1cc[nH]2
1615,O=C(Nc1cc(nn1c1ccccc1)C(C)(C)C)Nc1cccc(c1)Oc1cccc2c1[nH]c(=O)[nH]2
1616,Oc1cc(Br)cc(c1)c1nn(c2c1c(N)ncn2)C(C)C
1617,Fc1ccc(cc1O)c1nn(c2c1c(N)ncn2)C1COCC1
1618,OCC(C(=O)NC(C(=O)NC(C(=O)NC(C(=O)NC(C(=O)O)CCCN=C(N)N)CCCN=C(N)N)CCCN=C(N)N)CCCN=C(N)N)NC(=O)C(NC(=O)C(NC(=O)C(NC(=O)C(NS(=O)(=O)c1cccc2c1ccnc2)C)C)C)C
1619,O=C1NC(=O)c2c1cc1N(CCN(c1c2)c1ccccc1)c1ccccc1
1620,OC(=O)CC1C(=O)OC2C(COC(=O)c3cc(O)c(c(c3)O)O)OC(C(C2OC(=O)c2cc(O)c(c(c2)O)O)OC(=O)c2c3C1C(O)C(=O)Oc3c(c(c2)O)O)OC(=O)c1cc(O)c(c(c1)O)O
1621,CN1CCN(CC1)Cc1ccc2-c3c(Cc2c1)c(n[nH]3)c1csc(c1)C#CCOc1ccccc1
1622,O=C(Nc1cccc(c1)Cl)Nc1ccc(cc1)c1n[nH]c(=O)cc1C
1623,COc1cc(CN2CCCCC2)c(cc1NC(=O)Nc1cnc(cn1)C#N)Cl
1624,Clc1ccc(cc1O)c1nn(c2c1c(N)ncn2)CC1CCNCC1
1625,c1ccc(cc1)c1n[nH]c2c1oc1c2cccc1
1626,Cc1cc(Nc2ncc(s2)C(=O)Nc2c(C)cccc2Cl)nc(n1)C
1627,CCOC(=O)Cc1[nH]n2c(n1)c1cc(Br)ccc1nc2=O
1628,Cn1ncc(c1)c1cnc2c(c1)c(=O)c1cc(ccc1cc2)NS(=O)(=O)N(CC1COCCO1)C
1629,N#Cc1cnc2c(c1Nc1ccc(cc1)Cc1ccccc1)cc(nc2)NCCN1CCOCC1
1630,COc1cc(ccc1NC(=O)OC(C)(C)C)c1nn(c2c1c(N)ncn2)C(C)C
1631,Clc1nc(NC2CCCC(C2)NS(=O)(=O)C)nc(c1)c1c[nH]c2c1cccn2
1632,Nc1ccc(cc1)c1nc(N2CCOCC2)c2c(n1)n(nc2)C1CCN(CC1)C(=O)OC(C)(C)C
1633,Cc1[nH]cnc1c1nccc2c1[nH]c1c2cccc1
1634,OC1Cc2c(O)cc3c(c2OC1c1ccc(c(c1)O)O)C1C2OC(=O)C4C1(O3)C(=O)C(=C4c1c3C(=O)OC2C2OC(=O)c4cc(O)c(c(c4-c4c(C(=O)OCC2OC(=O)c2c(-c3c(c(c1O)O)O)c(O)c(c(c2)O)O)cc(c(c4O)O)O)O)O)O
1635,O=C(Nc1ccc(c(c1)C(F)(F)F)F)Nc1ccc(cc1)c1ccnc2c1c(N)nn2C
1636,CC1CCCN1CCc1[nH]c2c(c1)cc(cc2)c1ccc(cc1)OC(F)(F)F
1637,O=C(N1CCn2c3c(C1)cccc3c(c2)C1=C(C(=O)NC1=O)c1cnc2n1cccc2)N(C)C
1638,CCN1CCOCCn2cc(c3c2cccc3)C2=C(c3cn(CCOCC1)c1ccccc31)C(=O)NC2=O
1639,O=C1C(=Cc2ccccc2F)CNCC1=Cc1ccccc1F
1640,Nc1ccc(cc1O)c1nn(c2c1c(N)ncn2)C(C)C
1641,OCCCNC(=O)c1cccc(c1)n1nc(cc1NC(=O)Nc1cccc2c1cccc2)C(C)(C)C
1642,NC1=NC(=O)C(=Cc2ccc3c(c2)cccn3)S1
1643,COC1C(CC2OC1(C)n1c3ccccc3c3c1c1n2c2ccccc2c1c1c3CNC1=O)N(C(=O)c1cccc(c1)[N+](=O)[O-])C
1644,COc1cc2ncnc(c2cc1CNC(C(=O)N)C)Nc1cccc(c1F)Cl
1645,Fc1cccc(c1)Nc1nccc(n1)Nc1ccccc1C(=O)O
1646,Nc1ncnc2c1c(nn2C(C)C)c1cccc2c1cc[nH]2
1647,Clc1ccc(cc1O)c1nn(c2c1c(N)ncn2)C1CCC1
1648,Ic1ccc(cc1)Nc1cc2C(=O)NC(=O)c2cc1Nc1ccc(cc1)I
1649,Nc1ncnc2c1c(nn2C(C)C)c1ccc2c(c1)ccnc2
1650,O=C(Nc1ccc(cc1F)Oc1ncnc2c1n(C)cc2)Nc1cccc(c1)C(F)(F)F
1651,O=C(Nc1cc(C)cc(c1)C)Nc1ccc(cc1)c1cccc2c1c(N)no2
1652,CCCn1c(nc(c1c1ccnc(n1)NC1CCCCC1)c1ccc(c(c1)Cl)Cl)C1CCNCC1
1653,N#CCCn1c2ccccc2c2c1c1c(c3c2CNC3=O)c2c(n1C)cccc2
1654,Oc1ccc2c(c1)c1c(o2)ncc(c1c1ccccc1)O
1655,OC1OC2CC(=O)c3cc(O)c(c(c3-c3c(C(=O)OC2C2C1OC(=O)c1cc(O)c(c(c1-c1c(C(=O)O2)cc(c(c1O)O)O)O)O)cc(c(c3O)O)O)O)O
1656,Fc1ccc(cc1)Nc1cc2C(=O)NC(=O)c2cc1Nc1ccc(cc1)F
1657,COC(=O)c1cc(Nc2ccc(cc2)F)c(cc1C(=O)OC)Nc1ccc(cc1)F
1658,NC1=NC(=Cc2ccc3c(c2)OCO3)C(=O)N1C
1659,O=C(Nc1cccc(c1)C(=O)Nc1cc(ccc1C)C(=O)Nc1ccc(c2c1c(cc(c2)S(=O)(=O)O)S(=O)(=O)O)S(=O)(=O)O)Nc1cccc(c1)C(=O)Nc1cc(ccc1C)C(=O)Nc1ccc(c2c1c(cc(c2)S(=O)(=O)O)S(=O)(=O)O)S(=O)(=O)O
1660,CCCCCCCCCCCCCCCCCCSCC(C[N+](CCCO)(C)C)OC.[I-]
1661,Nc1ncnc2c1c(nn2C(C)C)c1cnc2c(c1)cc[nH]2
1662,COc1ccc(cc1)CNc1nc(F)cc(c1)c1c[nH]c2c1cccn2
1663,N#Cc1cnc2c(c1Nc1ccc(cc1)Oc1ccccc1)cc(nc2)NCCN1CCOCC1
1664,Clc1ccc2c(c1)C(=O)NS2(=O)=O
1665,COc1cccc(c1)C(=O)Nc1n[nH]c2c1cc(cc2)c1nnn(c1)Cc1ccccc1
1666,COc1cccc(c1)CNC(=O)c1ccc(cc1)c1ccncc1
1667,O=C(c1cccc(c1)c1nn(c2c1c(N)ncn2)C(C)C)NC1=NCCS1
1668,O=C1NC(=O)C(=C1n1ccc2c1cccc2)n1ccc2c1cccc2
1669,Oc1cccc(c1)Nc1nccc(n1)Nc1ccccc1C(=O)N
1670,COc1cc2ncnc(c2cc1CN(C1(CCN(CC1)C(C)C)C(=O)N)C)Nc1cccc(c1F)Cl
1671,NC(=N)SCCCn1cc(c2c1cccc2)C1=CC(=O)NC1=O
1672,NC(=N)SCCCn1cc(c2c1cccc2)C1=C(C(=O)NC1=O)c1cn(c2c1cccc2)C
1673,c1ccc2c(c1)C(=CNNc1nc3c([nH]1)cccc3)C=N2
1674,Clc1ccc(cc1O)c1nn(c2c1c(N)ncn2)C1CNCC1
1675,Clc1cc(NC(=O)N2CCOCC2)c2c(c1)c1ccncc1[nH]2
1676,Cc1cccc(n1)c1[nH]ncc1c1ccc2c(n1)cccn2
1677,Oc1cc(cc(c1O)Oc1c(O)c(O)c(c2-c3c(cc(c(c3O)O)O)C(=O)OCC3C(OC(=O)c12)C1OC(=O)c2cc(O)c(c(c2-c2c(C(=O)OC1C(O3)OC(=O)c1cc(O)c(c(c1)Oc1c(O)c(O)c(c3-c4c(cc(c(c4O)O)O)C(=O)OCC4C(OC(=O)c13)C1OC(=O)c3cc(O)c(c(c3-c3c(C(=O)OC1C(O4)OC(=O)c1cc(O)c(c(c1)O)O)cc(c(c3O)O)O)O)O)O)O)cc(c(c2O)O)O)O)O)O)C(=O)OC1OC2COC(=O)c3cc(O)c(c(c3-c3c(C(=O)OC2C2C1OC(=O)c1cc(O)c(c(c1-c1c(C(=O)O2)cc(c(c1O)O)O)O)O)c(Oc1cc(cc(c1O)O)C(=O)OC1OC2COC(=O)c4cc(O)c(c(c4-c4c(C(=O)OC2C2C1OC(=O)c1cc(O)c(c(c1-c1c(C(=O)O2)cc(c(c1O)O)O)O)O)cc(O)c(c4O)O)O)O)c(O)c(c3O)O)O)O
1678,COc1ccc(cc1)C(=O)Nc1cc(Cl)cc2c1[nH]c1c2ccnc1
1679,Fc1ccc2c(c1)c1ccncc1[nH]2
1680,O=c1cc(C)c2-c(n1)[nH][nH]c2c1cccc(c1)C(F)(F)F
1681,CNc1nccc(n1)c1cccnc1Oc1ccc(cc1)NC(=O)c1ccccc1Nc1ccccc1
1682,CN(CC1CCn2c(C1)c(C1=C(C(=O)NC1=O)c1cn(c3c1cccc3)C)c1c2cccc1)C.Cl
1683,N#Cc1cnc(c(c1Nc1ccc2c(c1C)cc[nH]2)C=Cc1cccc(c1)S(=O)(=O)N1CCN(CC1)C)C
1684,Nc1ncnc2c1c(nn2C(C)C)c1ccc2c(c1)cncc2
1685,COc1ccc(cc1)n1cnc2c1cc(cc2)c1nnc(o1)SCc1cccc(c1)C#N
1686,O=C1NCc2c1cccc2Br
1687,O=C(Nc1cc(ccc1F)C(F)(F)F)Nc1ccc(cc1)c1ccnc2c1c(N)[nH]n2
1688,O=C(N1CCn2c3c(C1)cccc3c(c2)C1=C(C(=O)NC1=O)c1cnc2n1cccc2)N1CCCCC1
1689,Cn1c(nc(c1c1ccnc(n1)NC(c1ccccc1)C)c1cccc(c1)C(F)(F)F)C1CCNCC1
1690,Nc1ncnc2c1c(nn2C(C)C)c1cc(F)c2c(c1)[nH]nc2
1691,Clc1cc(Cl)c2c(c1)c1ccncc1[nH]2
1692,Brc1ccc(cc1O)c1nn(c2c1c(N)ncn2)C
1693,COCCC(N(Cc1cc2c(ncnc2cc1OC)Nc1cccc(c1F)Cl)C)C(=O)N
1694,NC1CCCCC1Nc1nccc(n1)Nc1ccccc1C(=O)O
1695,O=C(Nc1cc(Cl)cc2c1[nH]c1c2ccnc1)Cc1ccccn1
1696,O=C1C(=O)C(=C1NC(c1ccccc1)C)Nc1ccnc(c1)c1ccco1
1697,C=Cc1ccc(cc1)c1cccc2n1c(N)nn2
1698,O=C(Nc1cccc(c1)Cl)Nc1ccc(cc1)c1cncc2c1c(N)nn2C
1699,OCC(c1ccc(c(c1)Cl)F)NC(=O)C1=CC(=C2NNC=C2c2cccc(c2)Cl)C=N1
1700,COC1C(CC2OC1(C)n1c3ccccc3c3c1c1n2c2ccccc2c1c1c3CNC1=O)N(C(=O)c1cnccn1)C
1701,O=C(Nc1ccnc2c1cc(F)c(c2)F)Nc1cccc(n1)C(F)(F)F
1702,O=C(c1ccccc1)Nc1cccc(c1)c1nc2n(c1c1ccnc(n1)Nc1ccccc1C)ccs2
1703,O=C1NC(=O)C2=C1c1cn(c3c1cccn3)CCOCCOCCOCCn1cc2c2cccnc12
1704,NC(=O)c1cc2c(s1)n(nc2C)C
1705,N#Cc1sc(cc1OCc1ccccc1S(=O)(=O)C)n1cnc2c1cc(OC)c(c2)OC
1706,Fc1ccc(cc1O)c1nn(c2c1c(N)ncn2)C1CNC1
1707,CNC(=O)c1nc(cnc1N)c1ccc(c(c1)S(=O)(=O)Nc1cccc(c1C)F)Cl
1708,OCC(NN1C(=O)c2c(C1=O)c1c(c3c2c2ccc(cc2[nH]3)O)n(c2c1ccc(c2)O)C1OC(C(C1O)O)C(CO)O)CO
1709,CN(CCNc1cncc(c1)c1cncc(n1)Nc1cccc(c1)Cl)C
1710,Nc1ncnc2c1c(nn2C(C)C)c1ccc(cc1)S(=O)(=O)N
1711,COC1C(CC2OC1(C)n1c3ccccc3c3c1c1n2c2ccccc2c1c1c3CNC1=O)N(C(=O)c1ccc(cc1)Cl)C
1712,Oc1cc(F)cc(c1)c1nn(c2c1c(N)ncn2)C1CCCC1
1713,CC(n1nc(c2c1ncnc2N)c1cncnc1)C
1714,O=C1C=CC(=C2NN(c3c2c(N)ncn3)C(C)C)C=C1
1715,COc1cc(ccc1OC)c1nn(c2c1c(N)ncn2)C1CCCC1
1716,COc1ccc(cc1O)c1nn(c2c1c(N)ncn2)CC
1717,O=C(Nc1ccccn1)Nc1ccccc1
1718,O=C(c1cc(O)c(c(c1)O)O)OC1C(OC(=O)c2cc(O)c(c(c2)O)O)C(OC2C1OC(=O)c1cc(O)c(c(c1-c1c(C(=O)C2)cc(c(c1O)O)O)O)O)OC(=O)c1cc(O)c(c(c1)O)O
1719,O=C(Nc1ccc(cc1)c1nc(nc(n1)N1C2COCC1CC2)C1CCOCC1)Nc1ccc(cc1)C(=O)N1CCN(CC1)C(C)C
1720,Nc1ncnc2c1c(nn2C(C)C)c1cccc(c1)S(=O)(=O)N
1721,Fc1ccc(cc1O)c1nn(c2c1c(N)ncn2)CC1CCNCC1
1722,Nc1ncnc2c1c(nn2C1CCCC1)c1cccc2c1cc[nH]2
1723,COCC1CC(COC)C2N(C1n1c3ccccc3c3c1c1n2c2ccccc2c1c1c3C(=O)NC1=O)Cc1ccccc1
1724,NC1CCCCC1Nc1nc(Cl)cc(n1)c1c[nH]c2c1cccn2
1725,O=Cc1sc(cc1C)c1nn(c2c1c(N)ncn2)C(C)C
1726,Oc1cccc(c1F)c1nn(c2c1c(N)ncn2)C(C)C
1727,O=C(Nc1ccc(cc1F)c1cccc2c1c(N)n[nH]2)Nc1cccc(c1)Cl
1728,CN1CCC(CC1)COc1ccc2c(c1)ncnc2Nc1ccc(cc1)NC(=O)Nc1cccc(c1)F
1729,COc1cc2c(ncnc2cc1OC)Oc1cccc(c1)NC(=O)Nc1noc(c1)C(C(F)(F)F)(C)C
1730,Cc1cccc(c1)c1ccc2c(c1)C(=O)NC2
1731,CN1CCN(CC1)c1ccc(cc1)Nc1ncc(cn1)NC(=O)c1cc(ccc1C)NC(=O)c1cccc(c1)C(F)(F)F
1732,CN1CCN(CC1)Cc1ccc2c(-c3[nH]nc(c3C2)c2cscc2)c1
1733,CNc1nccc(n1)c1cccnc1Oc1ccc(cc1C)NC(=O)c1cccc(c1)C(F)(F)F
1734,CCOc1nc(cc(c1Cl)N)C(=O)NCc1ccccc1S(=O)(=O)N
1735,CNc1nccc(n1)c1cccnc1Oc1ccc(cc1)Nc1nnc(c2c1cccc2)c1ccc(cc1)F
1736,CNC1CC2OC(C1OC)(C)n1c3ccccc3c3c1c1n2c2ccccc2c1c1c3C(=O)NC1O
1737,CC(=O)c1cccc(c1)c1ccc2n(n1)ccn2
1738,Cc1cccc(c1)C(=O)Nc1cccc(c1)C(Nc1cncc(n1)Cl)C
1739,Nc1nnc2n1cc(cc2)c1ccccc1
1740,O=Cc1c[nH]c2c1ccc(c2)c1nn(c2c1c(N)ncn2)C(C)C
1741,Clc1ccc(cc1)S(=O)(=O)CC(=O)NN=Cc1cc(C(=O)O)c(c(c1F)F)Nc1ccc(cc1F)I
1742,CCC1NCCN(C1)c1ccc(cn1)c1ccnc(n1)Nc1cc(OC)c(c(c1)OC)OC
1743,Nc1nccc(c1)c1cnn2c1ncc(c2)c1ccc(cc1)OCCN1CCOCC1
1744,Oc1cc2c(=O)oc3c4c2c(c1O)oc(=O)c4cc(c3O)O
1745,CCc1ccc(cc1)c1ccc2c(-c3[nH]ncc3S(=O)(=O)N2C)c1
1746,N#CC(=Cc1ccc(c(c1)O)O)C#N
1747,Oc1cc(F)cc(c1)c1nn(c2c1c(N)ncn2)C(C)C
1748,COC1C(CC2OC1(C)n1c3ccccc3c3c1c1n2c2ccccc2c1c1c3CNC1=O)N(C(=O)c1ccc(cc1)C(=O)O)C
1749,Clc1cc(NC(=O)c2ccccn2)c2c(c1)c1ccncc1[nH]2
1750,NC(=N)SCCCn1c(=O)c2c(c1=O)n1c3ccccc3cc1c1c3n2ccc3ccc1
1751,N#Cc1ccc2c(c1)[nH]c1c2C(=O)c2c(C1(C)C)cc(cc2)C1CCN(CC1)C1COC1
1752,COc1cccc(c1)C(=O)Nc1cc(Cl)cc2c1[nH]c1c2ccnc1
1753,Oc1cccc(c1)c1nn(c2c1c(N)ncn2)C(C)C
1754,OC1CCC(CC1)NC(=O)c1ccc2c(c1)CC1=C2NNC1=c1ccc(=C2C=CC(=O)C=C2)cc1
1755,CC1CNCCN1S(=O)(=O)c1cccc2c1ccnc2
1756,COc1cc(ccc1OC)c1nn(c2c1c(N)ncn2)C(C)(C)C
1757,COc1cc(ccc1F)c1nn(c2c1c(N)ncn2)C(C)C
1758,CC(=O)N(c1cc2C(=O)NC(=O)c2cc1Nc1ccccc1)c1ccccc1
1759,NC(Cc1c[nH]c2c1cccc2)COc1cncc(c1)c1ccc2c(c1)cc(nc2)N
1760,Clc1nc2ccccc2cc1c1nn(c2c1c(N)ncn2)C(C)C
1761,CCCc1cc(nc2c1c(N)c(s2)C(=O)N)N1CCNCC1
1762,O=C1NC(=O)C(=C1)c1c(c2ccc3c(c2)cccc3)n(c2c1cccc2)CCCSC(=[NH2+])N.[Br-]
1763,Clc1ccc(cc1)NC(=O)c1ccccc1NCc1ccncc1
1764,Nc1ncnc2c1c(nn2C)c1ccc2c(c1)cccn2
1765,CC(Oc1cc(ccc1C(=O)N)c1cc(cnc1N)c1scc(c1)CN(C)C)C=CC(F)(F)F
1766,COC(=O)CN(C1CC2OC(C1OC)(C)n1c3ccccc3c3c1c1n2c2ccccc2c1c1c3CNC1=O)C
1767,O=Cc1coc(c1)c1nn(c2c1c(N)ncn2)C(C)C
1768,COC(=O)N(C1CC2OC(C1OC)(C)n1c3ccccc3c3c1c1n2c2ccccc2c1c1c3CNC1=O)C
1769,Clc1cc(NS(=O)(=O)C)c2c(c1)c1ccncc1[nH]2
1770,COCOc1cc(ccc1Br)c1nn(c2c1c(N)ncn2)C(C)C
1771,CCNC(=O)NC1CCC(CC1)Nc1nc(Cl)cc(n1)c1c[nH]c2c1cccn2
1772,CCNc1nnc2n1cc(cc2)c1ocnc1c1ccc(cc1)F
1773,Nc1ncnc2c1c(nn2C1CCCC1)c1ccc2c(c1)ccn2C
1774,COc1ccc2c(c1Br)c1ccncc1[nH]2
1775,CCN(CCOc1ccc(cc1)Nc1ncnc(c1)NC(=O)Nc1c(Cl)cccc1Cl)CC
1776,OCC(C(CO)O)Nc1cc(NCc2ccccc2)n2c(n1)c(cn2)C(C)C
1777,COc1cc(Nc2nccc(n2)c2cccnc2)cc(c1OC)OC
1778,Nc1ccc2c(n1)ccc(c2)c1nn(c2c1c(N)ncn2)C(C)C
1779,Clc1cc(NC(=O)c2ccncc2)c2c(c1)c1ccncc1[nH]2
1780,Clc1cc2c3ccncc3[nH]c2c(c1)[N+](=O)[O-]
1781,NCC(CNc1nc(Cl)cc(n1)c1c[nH]c2c1cccn2)(C)C
1782,CCCCc1c2NC=CN=c2[nH]c1=C1C=CC(=O)C=C1
1783,O=C(Nc1cccc(c1)F)Nc1ccc(cc1)c1cccc2c1c(N)n[nH]2
1784,Fc1ccc(c(c1)F)c1ncoc1c1ccc2n(c1)c(nn2)C(C)(C)C
1785,COC1C(CC2OC1(C)n1c3ccccc3c3c1c1n2c2ccccc2c1c1c3CNC1=O)N(C(=O)c1cccc(c1)Cl)C
1786,OCC(NN1C(=O)c2c(C1=O)c1c(c3c2c2ccccc2[nH]3)n(c2c1cc(O)cc2)C1OC(CO)C(C(C1O)O)O)CO
1787,N#Cc1cncc(c1Nc1ccc2c(c1C)cc[nH]2)C=Cc1cccc(c1)S(=O)(=O)N1CCN(CC1)C
1788,CN1CCN(CC1)C(=O)c1sc2c(c1)c([nH]n2)c1ccccc1
1789,Clc1ccc2c(c1)ncc(c2)c1ccncc1
1790,CN(CC(=O)NC1CCCC(C1)Nc1nc(Cl)cc(n1)c1c[nH]c2c1cccn2)C
1791,COc1cc2CCN=C(c2cc1Cl)c1ccc(c(c1)Cl)Cl
1792,COc1ccc2=CC(=C3NNc4c3nccc4)N=c2c1
1793,O=C1Nc2ccccc2Nc2c1ccc(c2)c1ccncc1Cl
1794,FCCCN1CCC(CC1)c1cc2NC(=C3C(=CC=NC3=O)NCCn3ncc(c3)Cl)Nc2c(c1)C
1795,CC(c1nnc2n1cc(cc2)c1ocnc1c1ccccc1)C
1796,COc1c(Cl)cc2c(c1Cl)[nH]c1c2ccnc1
1797,CCn1c(=C(C(=O)O)C#N)sc(=CNc2ccccc2)c1=O
1798,OCC(C(=O)NC(C(=O)NC(C(=O)NC(C(=O)NC(C(=O)O)CCCN=C(N)N)CCCN=C(N)N)CCCN=C(N)N)CCCN=C(N)N)NC(=O)C(NC(=O)C(NS(=O)(=O)c1ccc(c2c1cccc2)N(C)C)C)C
1799,COCC(N(Cc1cc2c(ncnc2cc1OC)Nc1cccc(c1F)Cl)C)C(=O)N
1800,O=C1C=CC(=c2ccc(=C3NNC4=C3Cc3c4ccc(c3)C(=O)NCc3ccncc3)cc2)C=C1
1801,Clc1cc(Cl)c2c(c1)c1CN(CCc1[nH]2)C(=O)Nc1ccc(cc1)[N+](=O)[O-]
1802,O1CCN(CC1)CCOc1ccc(cc1)c1cnc2n(c1)ncc2c1c[nH]nc1
1803,Ic1ccc2c(c1)C(=CNCc1ccc(c(c1)O)c1ccoc1)C(=O)NC2=O
1804,COc1ccc(cc1)Nc1cc2C(=O)NC(=O)c2cc1Nc1ccc(cc1)OC
1805,Brc1ccc(cc1O)c1nn(c2c1c(N)ncn2)C1CCC1
1806,CC(Oc1n[nH]c(c1)n1cnc2c1nc(cc2)NC(c1ccc(cn1)F)C)C
1807,N#CC1=C(C(=O)NC1=O)c1c(c2cc3c(s2)cccc3)n(c2c1cccc2)CCCN=C(N)N
1808,OC1C2COC(=O)c3cc(Oc4c(cc(c(c4O)O)O)C(=O)O)c(c(c3-c3c(C(=O)OC1C(C(O2)OC(=O)c1cc(O)c(c(c1)O)O)O)cc(O)c(c3O)O)O)O
1809,COCC1CC(COC)C2NC1n1c3ccccc3c3c1c1n2c2ccccc2c1c1c3C(=O)NC1=O
1810,N#Cc1nc(C)nnc1c1ccccc1
1811,COc1cc2c(ccnc2cc1OCCCN1CCOCC1)Oc1ccc(cc1F)c1cnc(n(c1=O)C)Nc1ccc(cc1)F
1812,O=C(c1cc(cnc1N)c1cnn(c1)C1CCOCC1)NC(c1c(Cl)ccc(c1Cl)F)C
1813,N#CCc1ccc(cc1)c1nn(c2c1c(N)ncn2)C(C)C
1814,COC1C(CC2OC1(C)n1c3ccccc3c3c1c1n2c2ccccc2c1c1c3CNC1=O)N(C(=O)C1CCCCC1)C
1815,COC(=O)CCNS(=O)(=O)c1cccc2c1ccnc2
1816,CCOc1ccc(cc1OC)c1[nH]nc2c1c(N)ncn2
1817,Clc1ccc(cc1)c1ccc(o1)C(=O)Nc1ccc(cc1)N1CCNCC1
1818,O=C(c1cc(O)c(c(c1)O)O)OC1OC2COC(=O)c3cc(Oc4c(cc(c(c4O)O)O)C(=O)O)c(c(c3-c3c(C(=O)OC4C1OC(=O)c1cc(O)c(c5c1C1C(=CC(=O)C(C1(O5)O)(O)O)C(=O)OC24)O)cc(O)c(c3O)O)O)O
1819,OCC(NCc1ccc(cc1)CC(=O)Nc1ncc(s1)SCc1ncc(o1)C(C)(C)C)CO
1820,Clc1cc(NS(=O)(=O)c2ccccc2)c2c(c1)c1ccncc1[nH]2
1821,Nc1ncnc2c1c(nn2C(C)C)c1ccc2c(c1)OCCO2
1822,Oc1cccc(c1F)c1nn(c2c1c(N)ncn2)C1CCCC1
1823,COc1cc(C)c(cc1C(=O)N1CCN(CC1)C(=O)C)Sc1cnc(s1)NC(=O)c1ccc(cc1)CNC(C(C)(C)C)C
1824,OCC(NN1C(=O)c2c(C1=O)c1c(c3c2c2cc(O)ccc2n3C2OC(CO)C(C(C2O)O)O)[nH]c2c1cc(O)cc2)CO
1825,OC1C=C(CC(C1O)OC(=O)c1cc(O)c(c(c1)O)O)C(=O)O
1826,OCCn1c2ccccc2c2c1c1CCc3c(-c1c1c2CNC1=O)ccc(c3)OC
1827,COC(=O)Nc1cc(Cl)cc2c1[nH]c1c2ccnc1
1828,Oc1cc2OC(c3ccc(c(c3)O)O)C(Cc2c(c1)O)O
1829,CCOC(=O)C1=C2C(=NC1=O)c1c3c2cccc3ccc1
1830,COc1cc(cc(c1OC)OC)c1nn(c2c1c(N)ncn2)C(C)C
1831,NS(=O)(=O)c1ccc(cc1)Nc1nc(nc2c1[nH]cn2)N1CCOCC1
1832,O=C1NC(=O)c2c1cc(Nc1ccc(cc1)c1ccccc1)c(c2)Nc1ccc(cc1)c1ccccc1
1833,O=C1C(=O)C(=C1NC(c1ccccc1)C)Nc1ccnc(c1)c1ccccc1F
1834,COc1cc(ccc1N)c1ccc2c(c1)Nc1ccc(cc1NC2=O)CC(=O)Nc1ccc(cc1)N1CCOCC1
1835,OCC(NN1C(=O)c2c(C1=O)c1c(c3c2c2cc(O)cc(c2[nH]3)O)n(c2c1cc(O)cc2O)C1OC(CO)C(C(C1O)O)O)CO
1836,CCOc1c(Cl)cc2c(c1Cl)[nH]c1c2ccnc1
1837,CCCCNc1c(nc2n1cccn2)c1ccc2c(c1)cn[nH]2
1838,O=C(CCn1c2c(c3c1cccc3)c1CNC(=O)c1c1c2[nH]c2c1cccc2)NCCN1CCOCC1
1839,NC(=O)c1ccc(cc1NCc1ccccc1)c1ccncc1
1840,Clc1ccc2c(c1Nc1ncnc3c1c(OC1CCOCC1)cc(c3)OCCCN1CCCC1)OCO2
1841,OC1C(O)C2N(C(C1O)n1c3ccccc3c3c1c1n2c2ccccc2c1c1c3C(=O)NC1=O)Cc1ccccc1
1842,CN1C(=O)c2c(C1=O)cc(c(c2)Nc1ccccc1)Nc1ccccc1
1843,OCC(C(=O)NC(C(=O)NC(C(=O)NC(C(=O)NC(C(=O)NC(C(=O)NC(C(=O)O)CCCN=C(N)N)CCCN=C(N)N)CCCN=C(N)N)CCCN=C(N)N)CCCN=C(N)N)CCCN=C(N)N)NC(=O)C(NC(=O)C(NS(=O)(=O)c1cccc2c1ccnc2)C)C
1844,Nc1ncnc2c1c(nn2C(C)C)c1cccnc1
1845,CC(=O)c1c(nn(c(=O)c1N)C)c1ccccc1
1846,Nc1ncnc2c1c(nn2C(C)C)c1cccc(c1)NS(=O)(=O)C
1847,COc1cc2cc(cnc2cc1OC)c1ccncc1
1848,CC(N1CCC(CC1)n1cc(c2c1cccc2)C1=C(C(=O)NC1=O)c1cn(c2c1cccc2)C)C
1849,COc1c(OC)cccc1c1nn(c2c1c(N)ncn2)C(C)C
1850,CCN(CCCCNc1ncc2c(n1)nc(c(c2)c1c(Cl)cccc1Cl)NC(=O)Nc1ccccc1)CC
1851,Nc1ccc(cc1O)c1nn(c2c1c(N)ncn2)C1CCCC1
1852,O=c1ccc(c[nH]1)c1cnc(o1)Nc1ccc(cc1)S(=O)(=O)N
1853,NC(=NCCCC(C(=O)NC(C(=O)NC(C(=O)NC(C(=O)O)CCCN=C(N)N)CCCN=C(N)N)CCCN=C(N)N)NC(=O)C(NC(=O)C(NC(=O)C(NS(=O)(=O)c1cccc2c1ccnc2)C)C)C)N
1854,BrCC(=O)OC1C(O)C(OC)C(OC1n1c2c(c3c1cccc3)c1C(=O)NC(=O)c1c1c2[nH]c2c1cccc2)CO
1855,COc1cc(CCNc2ncc(c(n2)NC2CCCC2)C(=O)NCCCN2CCCC2=O)ccc1OC
1856,Nc1ncnc2c1c(nn2C1CCCC1)c1ccc2c(c1)ccn2C(=O)OC(C)(C)C
1857,NCC(CNc1nc(Cl)cc(c1)c1c[nH]c2c1cccn2)(C)C
1858,O=c1ccoc2c1cc(cc2)c1nn(c2c1c(N)ncn2)C
1859,O=C1NC(=O)C2=C1c1cn(c3c1cccc3)CCOCCOCCOCCn1cc2c2ccccc12
1860,Oc1cc(O)c2c(c1)OC(C(C2c1c(O)cc(c2c1OC(C(C2)O)c1ccc(c(c1)O)O)O)O)c1ccc(c(c1)O)O
1861,CCCCNc1ncnc(c1)c1c[nH]c2c1cccn2
1862,Cc1ccc(cc1O)c1nn(c2c1c(N)ncn2)C
1863,OCC(C(=O)NC(C(=O)NC(C(=O)NC(C(=O)NC(C(=O)O)CCCN=C(N)N)CCCN=C(N)N)CCCN=C(N)N)CCCN=C(N)N)NC(=O)C(NC(=O)C(NC(=O)C(NC(=O)C(NS(=O)(=O)c1ccc(c2c1cccc2)N(C)C)C)C)C)C
1864,COc1cc(ccc1N)c1nn(c2c1c(N)ncn2)C(C)C
1865,CCN(c1ccc(cc1)Nc1cc2C(=O)NC(=O)c2cc1Nc1ccc(cc1)N(CC)CC)CC
1866,O=C(c1cc(O)c(c(c1)O)O)OC1OC(COC(=O)c2cc(O)c(c(c2)O)O)C(C(C1OC(=O)c1cc(O)c(c(c1)O)O)OC(=O)c1cc(O)c(c(c1)O)O)OC(=O)c1cc(O)c(c(c1)O)O
1867,Clc1ncnc(c1)c1c[nH]c2c1cccn2
1868,OCC1OC(C(C(C1OC)O)OC(=O)C)n1c2c(Cl)cccc2c2c1c1[nH]c3c(c1c1c2C(=O)NC1=O)cccc3Cl
1869,Nc1ccc(c2c1C(=O)c1ccccc1C2=O)N
1870,N#Cc1cc(ccc1F)c1nn(c2c1c(N)ncn2)C(C)C
1871,CN(CCOc1ccc(cc1)C=Cc1nccc(c1)c1[nH]c2c(c1)c(=O)nc[nH]2)C
1872,NCc1ccc(cc1)c1cc2ccncc2cc1OC1CCNCC1
1873,OC1CCC(CC1)Nc1ccc2n(n1)c(nn2)c1cccc(c1)C(F)(F)F
1874,COc1ccc2c(c1)[nH]c1c2ccnc1C
1875,Oc1cc(O)c2c(c1)OC1(C(C2c2c(O1)cc(c1c2OC(c2ccc(c(c2)O)O)C(C1c1c(O)cc(c2c1OC(C(C2)O)c1ccc(c(c1)O)O)O)O)O)O)c1ccc(c(c1)O)O
1876,NC(=O)C1CC1c1cnc2c(c1)cc(cc2)OC(c1c(Cl)ccc(c1Cl)F)C
1877,COc1cc(F)c(cc1F)c1nn(c2c1c(N)ncn2)C(C)C
1878,N#Cc1ccc(cc1O)c1nn(c2c1c(N)ncn2)C(C)C
1879,Oc1cccc(c1)CNc1nccc(n1)Nc1ccccc1C(=O)O
1880,Fc1ccc(cc1O)c1nn(c2c1c(N)ncn2)C1CCC1
1881,COc1ccc(c2c1onc2N)c1ccc(cc1)NC(=O)Nc1ccc(cc1)OC(F)(F)F
1882,Oc1ccc(cc1O)c1cnn2c1ncc(c2)c1ccc(cc1)OCCN1CCOCC1
1883,NC(=O)c1cc(nc2n1ncc2c1cccc(c1)S(=O)(=O)C)c1ccccc1
1884,N#Cc1cnc2c(c1Nc1ccc(c(c1)Cl)F)cc(nc2)NCc1cccnc1
1885,Oc1ccc(cc1)C(=O)NC1CNCCCC1OC(=O)c1ccc(cc1)C(=O)c1c(O)cccc1C(=O)O
1886,Nc1n[nH]c2c1cc(cc2)c1onc(c1)Cc1ccccc1
1887,ClCC(NC(=O)C1CCCN1C(=O)C(Cc1ccccc1)N)CCCN=C(N)N
1888,N#Cc1cccc(c1)C(=O)Nc1n[nH]c2c1cc(cc2)c1nnn(c1)Cc1ccccc1
1889,O=C(c1cc(O)c(c(c1)O)O)OC1OC2COC(=O)c3cc(O)c(c(c3-c3c(C(=O)OC4C1OC(=O)c1cc(O)c(c5c1C1C6(C(=C)OC24)CC(=O)C(C1(O5)O)(OC16C(=O)OC2C1(O)OCC2O)O)O)cc(O)c(c3O)O)O)O
1890,COC(=O)CCCCN1CCN(CC1)S(=O)(=O)c1cccc2c1ccnc2
1891,CCCCN(C(=O)c1sc2c(c1)c([nH]n2)c1ccccc1)C
1892,O=C(Nc1ccc(c(c1)C)F)Nc1ccc(cc1)c1c(F)ccc2c1c(N)n[nH]2
1893,N#Cc1cnc2c(c1Nc1ccc(c(c1)Cl)F)cc(cc2F)NCc1cnc[nH]1
1894,[O-][N+](=O)c1ccc(c(c1)c1nccc2c1[nH]c1c2cccc1)Cl
1895,O1CCN(CC1)CCOc1ccc(cc1)c1cnc2n(c1)ncc2c1ccncc1
1896,COc1cc(cc(c1OC)OC)C1=C(C(=O)NC1)c1cn(c2c1cccc2)C
1897,O=C(Nc1cc(C)ccc1F)Nc1ccc(cc1)c1c(F)ccc2c1c(N)n[nH]2
1898,COc1cc2ncnc(c2cc1CN1CCC(C1)C(=O)N)Nc1cccc(c1F)Cl
1899,O=c1ccc2c([nH]1)ccc(c2)c1nn(c2c1c(N)ncn2)C(C)C
1900,COc1cc(O)c2c(c1)C(=O)c1c(C2=O)cc(c(c1)C)O
1901,O=C(c1cc(O)c(c(c1)O)O)OC1COC(=O)c2cc(O)c(c(c2-c2c(C(=O)OC1C1OC(=O)c3cc(O)c(c(c3-c3c4C(=O)OC1C(O)c4c(O)c(c3O)O)O)O)cc(O)c(c2O)O)O)O
1902,Cc1nnc(o1)c1ccc(c(c1)C)c1cc(ccc1C)NC(=O)c1ccnc(c1)N1CCCC1
1903,COC1C(CC2OC1(C)n1c3ccccc3c3c1c1n2c2ccccc2c1c1c3CNC1=O)N(C(=O)c1cccnc1)C
1904,COc1cc2c(ncnc2cc1OC)Nc1ccc(c(c1)Cl)F
1905,Nc1nccc2n1cc(n2)c1ccccc1
1906,CONC(=O)c1cc(Nc2ncnn3c2c(C(C)C)c(c3)c2nnc(o2)C(F)F)c(cc1F)F
1907,OC1CCN(C1)Cc1nc(=O)c2c([nH]1)c1cc(ccc1s2)c1ccc(cc1)O
1908,O=C1NC(=O)c2c1c1c3ccccc3[nH]c1c1c2c2ccccc2n1CC(F)(F)F
1909,COc1cc2c(ccnc2cc1OCCCN1CCOCC1)Oc1ccc(nc1)c1cnc(n(c1=O)C)Nc1ccc(cc1)F
1910,N#CCCCn1nc(c2c1ncnc2N)c1ccc(c(c1)O)F
1911,Oc1ccc(cc1)c1coc2c(c1=O)c(O)cc(c2)O
1912,CC(C(C1NCCN(C1)c1nc(c(cc1Cl)F)c1[nH]nc2c1cccn2)(O)C)C
1913,Oc1ccc(c(c1)Nc1ccnc(n1)Nc1cccc(c1)C(=O)N)C
1914,O=C1CCCc2c1c1C(=O)c3c(-c1n2C(C)C)cccc3
1915,OC1CCC(C1)n1cc(c2c1ncnc2N)c1ccc(cc1)Oc1ccccc1
1916,OC1C2OC(=O)c3cc(O)c(c(c3-c3c(C(=O)CC2OC(C1O)OC(=O)c1cc(O)c(c(c1)O)O)cc(c(c3O)O)O)O)O
1917,N#Cc1c(sc2c1CCCC2)NC(=O)c1cccc2c1cccc2
1918,O=C(c1cc(O)c(c(c1)O)O)OC1OC2COC(=O)c3cc(O)c(c(c3-c3c(C(=O)OC4C1OC(=O)c1cc(O)c(c5c1C1C(=CC(=O)C(C1(O5)O)(O)O)C(=O)OC24)O)cc(O)c(c3O)O)O)O
1919,NCCNC1=C(C(=O)NC1=O)c1cc2c([nH]1)cccc2
1920,Oc1cc(O)c2c(c1)OC(C(C2c1c(O)cc(c2c1OC(c1ccc(c(c1)O)O)C(C2c1c(O)cc(c2c1OC(C(C2)OC(=O)c1cc(O)c(c(c1)O)O)c1ccc(c(c1)O)O)O)OC(=O)c1cc(O)c(c(c1)O)O)O)OC(=O)c1cc(O)c(c(c1)O)O)c1ccc(c(c1)O)O
1921,OC1CCC(CC1)NCCCc1cccc2c1[nH]c1c2c2C(=O)NC(=O)c2c2c1ccc1c2n(C)cc1
1922,CC(CCCC(C1CCC2C1(C)CCC(=O)C2CCc1cc(O)ccc1C)C)C
1923,N#Cc1ccc(cc1F)c1nn(c2c1c(N)ncn2)C(C)C
1924,CNc1nc(cc(n1)c1ccc2c(c1)[nH]nc2N)N1CC(CCC1C)C(=O)NC1CCCCC1
1925,OCC1OC(C(C1O)O)(O)C1C2OC(=O)c3c1c(O)c(O)c(c3-c1c3C(=O)OC2C2OC(=O)c4cc(O)c(c(c4-c4c(C(=O)OCC2OC(=O)c2c(-c3c(c(c1O)O)O)c(O)c(c(c2)O)O)cc(c(c4O)O)O)O)O)O
1926,O=C1OC2C(COC(=O)c3cc(O)c(c(c3-c3c4c5c6c(c(-c7c1cc(O)c(c7O)O)c(O)c(O)c6oc4=O)c(=O)oc5c(O)c3O)O)O)OC(=O)c1cc(O)c(c(c1-c1c3C(=O)OC2C2OC(=O)c4c(C2O)c(O)c(c(c4-c3c(c(c1O)O)O)O)O)O)O
1927,OCC(NN1C(=O)c2c(C1=O)c1c(c3c2c2cccc(c2n3C2OC(CO)C(C(C2O)O)O)O)[nH]c2c1ccc(c2)O)CO
1928,N1CCC(CC1)Oc1cc2cnccc2cc1c1ccccc1
1929,NC(=O)CC(C(=O)NCc1cc(C(=O)O)c(c(c1F)F)Nc1ccc(cc1F)I)N
1930,N#Cc1cnc2c(c1Nc1ccc(c(c1)Cl)F)cc(cc2Cl)NCc1cnc[nH]1
1931,Clc1ccc2c(c1)c1ccncc1[nH]2
1932,COc1ccc(cc1)CNc1ccnc2c1c1ccccc1o2
1933,Fc1ccc(cc1O)c1nn(c2c1c(N)ncn2)C1CCCCCC1
1934,COC1C(CC2OC1(C)n1c3ccccc3c3c1c1n2c2ccccc2c1c1c3C(=O)NC1=O)N(OC(=O)C(C)(C)C)C
1935,[O-][N+](=O)c1cc(cc2c1sc([n+]2[O-])C(=O)N)C(F)(F)F
1936,CC1OC(C)CN(C1)C(c1nsc(c1)Nc1nc(C)cn2c1ncc2c1c[nH]nc1)C
1937,O=C1NCc2c1ccc(c2)c1ccc(c(c1)C)F
1938,O=C1NC(=O)C2=C1c1cn(c3c1cccn3)CCOCCOCCOCCOCCn1cc2c2cccnc12
1939,COc1c(N2CCNC(C2)C)c(F)cc2c1n(cc(c2=O)C(=O)O)C1CC1
1940,Clc1ccc(cc1O)c1nn(c2c1c(N)ncn2)CC1CCCNC1
1941,CN1CCC(CC1)n1cc(c2c1cccc2)C1=C(C(=O)NC1=O)c1cn(c2c1cccc2)C
1942,Nc1nn2c(n1)ncc(c2)c1ccccc1
1943,Nc1ncnc2c1c(nn2C1CCCC1)c1ccc2c(c1)c(=O)cco2
1944,O=C(c1cc(O)c(c(c1)O)O)OCC1OC(OC(=O)c2cc(O)c(c(c2)O)O)C2C(C1OC(=O)C1=CC(=O)C(C3(C1c1c(C(=O)O2)cc(c(c1O3)O)O)O)(O)O)OC(=O)c1cc(O)c(c(c1)O)O
1945,O=C1N=C(SC1=Cc1ccc2c(c1)cccn2)NC1CC1c1ccccc1
1946,NC(=NCCCC(C(=O)c1nc2c(s1)cccc2)NC(=O)C1CCN2N1CC(N)(CC2)Cc1ccccc1)N
1947,O=C1c2cc(Nc3ccccc3)c(cc2C(=O)N1c1ccccc1)Nc1ccccc1
1948,CCCCCCCCCCCCCCCCOCCC[n+]1ccccc1.[Br-]
1949,C=CCn1nc(c2c1ncnc2N)c1ccc(c(c1)OC)OCC
1950,OCC(NN1C(=O)c2c(C1=O)c1c(c3c2c2ccc(cc2n3C2OC(C)C(C(C2O)O)O)O)[nH]c2c1ccc(c2)O)CO
1951,O=S(=O)(c1cccc2c1ccnc2)N1CCNCC1
1952,N#Cc1cnc2c(c1Nc1ccc(c(c1)Cl)F)cc(cc2Br)NCc1nnn(c1)CCCN(C)C
1953,Nc1ccc2c(c1)cnn2C(=O)C
1954,Clc1ccc(c(c1)C(=O)Nc1ccc(cc1Cl)[N+](=O)[O-])O
1955,Nc1ncnc2c1c(nn2C1CCCC1)c1ccc2c(c1)cc[nH]2
1956,OCC1OC(C(C(C1OC)O)O)n1c2c(c3c1cccc3)c1C(=O)NC(=O)c1c1c2[nH]c2c1cccc2
1957,Nc1ncnc2c1c(nn2C(C)C)c1cnc2c(c1)cccc2
1958,c1cc(cc(c1)c1nc2c(s1)cccc2)Nc1ncnc2c1cc[nH]2
1959,O=C1NC(=O)C(=C1c1cn(c2c1cccc2)C1CCN(CC1)Cc1ccccc1)c1cn(c2c1cccc2)C
1960,COC1C(CC2OC1(C)n1c3ccccc3c3c1c1n2c2ccccc2c1c1c3CNC1=O)N(C(=O)c1ccccc1Cl)C
1961,COc1cc(ccc1OC)c1nn(c2c1c(N)ncn2)C(C)C
1962,CCS(=O)c1ccc(cc1)c1coc2c1cc(cc2)c1ccc(o1)C
1963,CCOc1ccc(cc1OC)c1nn(c2c1c(N)ncn2)C1CCCC1
1964,COC1C(CC2OC1(C)n1c3ccccc3c3c1c1n2c2ccccc2c1c1c3CN(C1=O)Cc1ccccc1)N(C(=O)c1ccccc1)C
1965,Clc1ccc2c(c1Nc1ccnc(n1)Nc1cccc(c1)S(=O)(=O)C)OCO2
1966,CCOc1ccc(cc1OC)c1nn(c2c1c(N)ncn2)C1CCCCC1
1967,Nc1n[nH]c2c1cccc2c1ccccc1
1968,O=c1[nH]nc2n1cccc2c1ccccc1
1969,CCn1c2ccccc2c2c1c1[nH]c3c(c1c1c2C(=O)NC1=O)cccc3
1970,O=C1NC(=O)c2c1c1c3c4c2c2ccccc2n4C2NC(n3c3c1cccc3)CCC2
1971,COc1cc2ncnc(c2cc1CN(C(C(=O)N)C)C(C)C)Nc1cccc(c1F)Cl
1972,O=C(Nc1ccc(c(c1)C)F)Nc1ccc(c(c1)F)c1cccc2c1c(N)n[nH]2
1973,Cc1ccc2c(n1)ccc(c2)c1nn(c2c1c(N)ncn2)C(C)C
1974,N#Cc1cnc2c(c1Nc1ccc3c(c1C)cc[nH]3)cc(s2)c1cc(OC)ccc1CN(C)C
1975,COC1=CC(=C2NN(c3c2c(N)ncn3)C(C)C)C=CC1=O
1976,CCCCCCCCCCCCCCCCn1cc[n+](c1C)Cc1ccccc1
1977,OCC(NN1C(=O)c2c(C1=O)c1c(c3c2c2cccc(c2n3C2OC(CO)C(C(C2O)O)O)O)[nH]c2c1cc(O)cc2)CO
1978,COCCN(C(=O)c1cccc(c1)n1nc(cc1NC(=O)Nc1cccc2c1cccc2)C(C)(C)C)C
1979,CCOC(=O)CC(=O)Nc1cccc2-c3c(Cc12)c(n[nH]3)c1csc(c1)C#CCOc1ccccc1
1980,CN(CC1CCn2c(C1)c(C1=C(C(=O)NC1=O)c1cn(c3c1cccc3)C)c1c2cccc1)C
1981,Fc1ccc(cc1O)c1nn(c2c1c(N)ncn2)C(C)C
1982,O=C1NC(=O)c2c1c1c3ccccc3n3c1c1c2c2ccccc2n1C1N(C3COC1)Cc1ccccc1
1983,OCC(NN1C(=O)c2c(C1=O)c1c(c3c2c2ccccc2[nH]3)n(c2c1cccc2O)C1OC(CO)C(C(C1O)O)O)CO
1984,O=C(c1cccc(c1)C(F)(F)F)Nc1cccc(c1)c1ncnc2c1cc(s2)c1ccncc1
1985,N#CCCN(C1CC2OC(C1OC)(C)n1c3ccccc3c3c1c1n2c2ccccc2c1c1c3CNC1=O)C
1986,O=C1NCc2c1c1c(c3c2-c2ccccc2CC3)[nH]c2c1cccc2
1987,CC(CCCC(C1C(O)CC2C1(C)CCC(=O)C2CCc1cc(O)ccc1C)C)C
1988,COC(=O)c1cc(Nc2ccccc2)c(cc1C(=O)OC)Nc1ccccc1
1989,O=C(Nc1cc(C)ccc1F)Nc1ccc(c(c1)F)c1cccc2c1c(N)n[nH]2
1990,COc1cc(N)nc2c1c(c1ccncc1)c([nH]2)c1ccc(cc1)F
1991,CCCn1c2c3[nH]c4c(c3c3c(c2c2c1cccc2)C(=O)NC3=O)cccc4
1992,CCN(CCCCNc1ncc2c(n1)nc(c(c2)c1cc(OC)cc(c1)OC)NC(=O)NC(C)(C)C)CC
1993,NC(=N)SCCCn1c2ccccc2c(c1c1cccc2c1cccc2)C1=CC(=O)NC1=O
1994,Clc1ccc(cc1)Nc1nnc(c2c1cccc2)Cc1ccncc1.OC(=O)CCC(=O)O
1995,Nc1ncnc2c1c(nn2C)c1ccc2c(c1)cccc2
1996,CCCCCCCCCCCCCCCCOCC(COCCCC[N+](C)(C)C)OC.[Br-]
1997,CN1CC(=Cc2ccccn2)C(=O)C(=Cc2ccccn2)C1
1998,NC(=O)c1cccc2c1nc([nH]2)c1cccc(n1)NCCN1CCCC1
1999,COC1C(CC2OC1(C)n1c3ccccc3c3c1c1n2c2ccccc2c1c1c3CNC1=O)N(S(=O)(=O)C)C
2000,COc1cc(O)c2c(c1)C1(OC2=O)C(=CC(=O)C1O)C
2001,NC(=O)c1ccc(cc1Cl)c1nn(c2c1c(N)ncn2)C(C)C
2002,OCC12COC(=O)c3cc(O)c(c(c3-c3c(C(=O)OC1C(O)CC1(C2CCC2(C1CC=C1C2(C)CCC2(C1CC(CC2)(C)C)C(=O)O)C)C)cc(O)c(c3O)O)O)O
2003,CCCCCCCCCCCCCCCCCC1OCC(O1)C[N+](CCCO)(C)C.[Br-]
2004,OCCNC(=O)c1ccc(cc1)c1ccnc2c1c(C=C1Oc3c(C1=O)c(O)ccc3)cn2C
2005,COc1cc2c(cc1OC)ncnc2N1CCN(CC1)C(=O)Nc1cscc1
2006,CC(n1nc(c2c1ncnc2N)c1ccn2c(c1)ncc2)C
2007,OC1OC(COC(=O)c2cc(O)c(c(c2)O)O)C(C(C1OC(=O)c1cc(O)c(c(c1)O)O)OC(=O)c1cc(O)c(c(c1)O)O)OC(=O)c1cc(O)c(c(c1)O)O
2008,CN1CC2C(C1)Cc1n(C2)c2ccccc2c1C1=C(C(=O)NC1=O)c1cn(c2c1cccc2)C
2009,Nc1ncnc2c1c(nn2C(C)C)c1ccc2c(c1)non2
2010,Nc1cccc(c1)Nc1nccc(n1)c1cccnc1
2011,N#Cc1cnc2c(c1Nc1ccc(cc1)Sc1ccccc1)cc(nc2)NCCN1CCOCC1
2012,O=C(c1cccc(c1)Oc1cccc2c1[nH]c(=O)[nH]2)Nc1cc(nn1c1ccccc1)C(C)(C)C
2013,Cc1ccc(cc1c1ccc2c(c1)onc2C1CCNCC1)NC(=O)c1ccnc(c1)N1CCCC1
2014,CC(NCc1ccc(cc1)NC1=CC(=c2ccc(=C3C=CC(=O)C=C3O)cc2)NN1)C
2015,Nc1sc2c(-c3c(C2)cccc3)n1
2016,COc1cc(Nc2nccc(n2)N(c2ccc(cc2OC)OC)C(=O)Oc2c(C)cccc2C)cc(c1OCCCN1CCN(CC1)C)OC
2017,COc1ccc(cc1)c1n[nH]c2-c3c(C(=O)c12)cccc3
2018,N#Cc1c(NC(=O)c2cccc3c2cccc3)sc2c1CCCN2C(=O)C1CC1
2019,NC(=N)SCCCn1c2ccccc2c(c1c1ccc2c(c1)C(C)(C)CCC2(C)C)C1=CC(=O)NC1=O
2020,CCCCCCCCCCCCCCCCOCC(C[N+](C)(C)C)OC.[Br-]
2021,NC(Cc1c[nH]c2c1cccc2)COc1cnc(c(c1)c1ccc2c(c1)ccnc2)Cl
2022,COc1cc2cc3c(cc2cc1OCCN1CCOCC1)ncc(c3Nc1cc(OC)c(cc1Cl)Cl)C#N
2023,CC(n1nc(c2c1ncnc2N)c1ccc2c(c1)cccn2)C
2024,COCCOCC#Cc1scc(c1)c1n[nH]c2-c3c(Cc12)ccc(c3)Cn1cncn1
2025,Clc1ccc(cc1)c1ccc2c(c1)C(=O)NC2
2026,FC(c1cccc(c1)CNc1ncnc(c1)c1c[nH]c2c1cccn2)(F)F
2027,Cc1nnc(o1)c1ccc(c(c1)C)c1cc(ccc1C)C(=O)Nc1cccc(c1)N1CCOCC1
2028,NCCCn1c2ccccc2c(c1c1cc2c(s1)cccc2)C1=C(C#N)C(=O)NC1=O
2029,OCC(NN1C(=O)c2c(C1=O)c1c(c3c2c2ccccc2[nH]3)n(c2c1ccc(c2)O)C1OC(CO)C(C(C1O)O)O)CO
2030,OC1C(OC(=O)c2cc(O)c(c(c2)O)O)CC(=CC1OC(=O)c1cc(O)c(c(c1)O)O)C(=O)O
2031,Fc1cc(CNc2nc(=O)cc([nH]2)c2ccncc2)cc(c1)F
2032,OCC(NN1C(=O)c2c(C1=O)c1c(c3c2c2ccccc2[nH]3)n(c2c1c(O)ccc2)C1OC(CO)C(C(C1O)O)O)CO
2033,Clc1ccc(cc1O)c1nn(c2c1c(N)ncn2)C1CCCC1
2034,COc1ccc(cc1OC)C(=O)NCc1cccc(c1)C(=O)Nc1ccc2c(c1)CNCC2
2035,CNC1CC2OC(C1OC)(C)n1c3ccccc3c3c1c1n2c2ccccc2c1c1c3C(=O)NC1=O
2036,Nc1ncnc2c1c(nn2C(C)C)c1ccc2c(c1)ccn2C
2037,Cc1nccc(c1)c1ccc2c(c1)Nc1ccccc1NC2=O
2038,NS(=O)(=O)c1ccc(cc1)c1cc2ccncc2cc1OC1CCNCC1
2039,OC1C(OC(=O)c2cc(O)c(c(c2)O)O)C(COC(=O)c2cc(O)c(c(c2)O)O)OC(C1O)OC(=O)c1cc(O)c(c(c1)O)O
2040,CONC(=O)c1ccc(c(c1)Nc1nc(nc(n1)N1CCCN(CC1)C)N(CC(C)(C)C)C)C
2041,O=C(C(Cc1ccccc1)N)NCCNCCCCCNC1=C(C(=O)NC1=O)c1cc2c([nH]1)cccc2
2042,COCCOCC(=O)Nc1cccc2-c3c(Cc12)c(n[nH]3)c1csc(c1)C#CCOc1ccccc1
2043,COc1ccc(cc1)CNC(=O)c1sc2c(c1)c([nH]n2)c1ccccc1
2044,O=C(c1cccc(c1)C(F)(F)F)Nc1cccc(c1)Oc1ccc2n(n1)ccn2
2045,O=C1NCc2c1cc(cc2)c1ccccc1
2046,Cc1[nH]nc(c1)Nc1ccnc(n1)Nc1cccc(c1)c1nc2c(s1)cccc2
2047,O=C(c1cc(O)c(c(c1)O)O)OC1C(COC(=O)c2cc(O)c(c(c2)O)O)OC(C1(O)COC(=O)c1cc(O)c(c(c1)O)O)O
2048,BrCC(=O)OC1C(OC)C(CO)OC(C1O)n1c2c(c3c1cccc3)c1C(=O)NC(=O)c1c1c2[nH]c2c1cccc2
2049,CCOc1ccc2c(c1)ccc(c2)c1nn(c2c1c(N)ncn2)C
2050,COc1cc2c(ncnc2cc1OCC1CCN(CC1)C)Nc1ccc(cc1F)Br.Cl
2051,CC1CCC(C1)n1nc(c2c1ncnc2N)c1ccc(c(c1)O)F
2052,OC1CC(CC(C1OC(=O)c1cc(O)c(c(c1)O)O)OC(=O)c1cc(O)c(c(c1)O)O)(OC(=O)c1cc(O)c(c(c1)O)O)C(=O)O
2053,NC(=N)SCCCn1c2ccccc2c(c1c1ccccc1)C1=CC(=O)NC1=O
2054,Nc1ncnc2c1c(nn2C)c1ccc2c(c1)[nH]cc2
2055,Nc1ncnc2c1c(nn2C1CCCC1)c1ccn2c(c1)ncc2
2056,O=Cc1c(F)cc(cc1F)c1nn(c2c1c(N)ncn2)C(C)C
2057,COC1C(CC2OC1(C)n1c3ccccc3c3c1c1n2c2ccccc2c1c1c3COC1=O)N(C)C
2058,C#Cc1ncc(cc1c1ccc2c(c1)ccnc2)OCC(Cc1c[nH]c2c1cccc2)N
2059,O=C1NC(=O)c2c1c1c3c4c2c2ccccc2n4C2NC(n3c3c1cccc3)CC2
2060,O=C1NC(=O)c2c1c1c3c4c2c2ccccc2n4C2NC(n3c3c1cccc3)COC2
2061,OC1Cc2c(O)cc(c(c2OC1c1ccc(c(c1)O)O)C1C2OC(=O)c3c1c(O)c(O)c(c3-c1c3C(=O)OC2C2OC(=O)c4cc(O)c(c(c4-c4c(C(=O)OCC2OC(=O)c2c(-c3c(c(c1O)O)O)c(O)c(c(c2)O)O)cc(c(c4O)O)O)O)O)O)O
2062,Cc1ccc2c(n1)cc(cc2)c1nn(c2c1c(N)ncn2)C(C)C
2063,CCCCCCCCCCCCCCCCSCC(C[N+](C)(C)C)OC.[Br-]
2064,OCC(NN1C(=O)c2c(C1=O)c1c(c3c2c2ccc(cc2n3C2OC(CO)C(C(C2O)O)OC2OC(CO)C(C(C2O)O)O)O)[nH]c2c1ccc(c2)O)CO
2065,CCS(=O)(=O)Nc1ccc2c(c1)C(=C(c1ccccc1)Nc1ccc(cc1)CN1CCCCC1)C(=O)N2
2066,NC(=N)SCCCn1c2ccccc2c(c1c1cc2c(s1)cccc2)C1=C(N(C)C)C(=O)NC1=O
2067,Cc1sc2c(c1C)c1nc([nH]n1c(=O)n2)c1ccncc1
