drug_id,protein_id,affinity
0,0,7.366531544420414
0,1,5.0
0,2,5.0
0,3,5.0
0,4,5.0
0,5,5.0
0,6,5.0
0,7,5.0
0,8,5.0
0,9,5.0
0,10,5.0
0,11,5.0
0,12,5.0
0,13,5.0
0,14,5.0
0,15,5.0
0,16,5.0
0,17,5.0
0,18,7.119186407719209
0,19,5.537602002101044
0,20,6.7447274948966935
0,21,5.0
0,22,5.0
0,23,5.0
0,24,5.0
0,25,5.0
0,26,5.0
0,27,5.0
0,28,5.0
0,29,5.0
0,30,5.075720713938118
0,31,5.0
0,32,6.920818753952375
0,33,5.0
0,34,5.0
0,35,5.0
0,36,5.0
0,37,5.0
0,38,5.0
0,39,5.0
0,40,5.0
0,41,5.0
0,42,5.0
0,43,5.0
0,44,5.0
0,45,5.619788758288394
0,46,5.0
0,47,6.494850021680094
0,48,6.013228265733755
0,49,6.568636235841013
0,50,6.050609993355088
0,51,6.1487416512809245
0,52,6.091514981121351
0,53,6.130768280269024
0,54,5.0
0,55,5.0
0,56,5.0
0,57,5.508638306165727
0,58,5.886056647693163
0,59,5.0
0,60,5.568636235841013
0,61,5.0
0,62,7.154901959985743
0,63,5.455931955649724
0,64,6.7447274948966935
0,65,5.0
0,66,6.154901959985743
0,67,5.958607314841775
0,68,6.698970004336019
0,69,5.0
0,70,5.008773924307505
0,71,7.886056647693163
0,72,8.853871964321762
0,73,9.292429823902063
0,74,6.795880017344075
0,75,9.275724130399212
0,76,5.0
0,77,5.0
0,78,5.6777807052660805
0,79,5.337242168318426
0,80,6.6777807052660805
0,81,6.920818753952375
0,82,6.275724130399211
0,83,6.42021640338319
0,84,6.040958607678906
0,85,5.259637310505756
0,86,5.42021640338319
0,87,5.0
0,88,5.795880017344075
0,89,5.6020599913279625
0,90,5.920818753952375
0,91,5.0
0,92,5.0
0,93,5.0
0,94,5.0
0,95,5.0
0,96,5.0
0,97,7.036212172654444
0,98,6.337242168318426
0,99,5.2839966563652006
0,100,5.2839966563652006
0,101,8.67778070526608
0,102,8.4089353929735
0,103,7.200659450546418
0,104,5.0
0,105,5.0
0,106,5.0
0,107,5.0
0,108,5.0
0,109,5.0
0,110,5.0
0,111,5.0
0,112,5.0
0,113,5.0
0,114,5.0
0,115,5.0
0,116,5.0
0,117,5.0
0,118,5.0
0,119,5.0
0,120,5.0
0,121,5.0
0,122,5.0
0,123,5.0
0,124,5.0
0,125,5.0
0,126,5.0
0,127,5.0
0,128,5.0
0,129,5.0
0,130,5.0
0,131,5.0
0,132,5.0
0,133,5.0
0,134,5.0
0,135,5.0
0,136,5.0
0,137,5.0
0,138,7.050609993355087
0,139,5.0
0,140,5.0
0,141,5.0
0,142,5.0
0,143,5.0
0,144,5.0
0,145,5.0
0,146,5.0
0,147,5.0
0,148,5.0
0,149,5.0
0,150,6.267606240177032
0,151,7.107905397309519
0,152,7.366531544420414
0,153,6.301029995663981
0,154,6.698970004336019
0,155,5.7447274948966935
0,156,5.0
0,157,5.0
0,158,5.0
0,159,6.7447274948966935
0,160,5.0
0,161,5.0
0,162,5.853871964321762
0,163,5.721246399047171
0,164,5.4089353929735005
0,165,6.455931955649724
0,166,5.0
0,167,6.638272163982407
0,168,6.657577319177793
0,169,6.958607314841775
0,170,6.119186407719209
0,171,5.0
0,172,5.0
0,173,6.259637310505756
0,174,5.0
0,175,5.0
0,176,5.0
0,177,5.0
0,178,5.0
0,179,5.0
0,180,5.508638306165727
0,181,5.0
0,182,5.6020599913279625
0,183,5.0
0,184,5.0
0,185,5.0
0,186,5.0
0,187,5.823908740944319
0,188,5.0
0,189,5.0
0,190,5.0
0,191,5.0
0,192,5.0
0,193,5.366531544420414
0,194,6.0
0,195,5.0
0,196,5.0
0,197,5.0
0,198,5.0
0,199,5.958607314841775
0,200,6.2076083105017466
0,201,5.0
0,202,5.0
0,203,5.0
0,204,5.0
0,205,5.0
0,206,5.721246399047171
0,207,5.853871964321762
0,208,5.0
0,209,5.0
0,210,5.0
0,211,5.0
0,212,5.0
0,213,5.0
0,214,5.0
0,215,5.0
0,216,5.0
0,217,5.721246399047171
0,218,5.0
0,219,6.853871964321762
0,220,5.0
0,221,5.0
0,222,5.0
0,223,5.0
0,224,5.0
0,225,5.0
0,226,5.0
0,227,5.0
0,228,5.0
0,229,5.0
0,230,5.920818753952375
0,231,5.0
0,232,5.0
0,233,5.0
0,234,6.229147988357856
0,235,5.0
0,236,5.0
0,237,5.0
0,238,5.0
0,239,7.0
0,240,5.0
0,241,5.0
0,242,5.468521082957745
0,243,6.3979400086720375
0,244,5.0
0,245,5.0
0,246,5.0
0,247,6.42021640338319
0,248,7.022276394711152
0,249,5.0
0,250,5.0
0,251,5.267606240177032
0,252,5.0
0,253,5.0
0,254,5.0
0,255,5.0
0,256,6.060480747381382
0,257,5.0
0,258,5.823908740944319
0,259,5.0
0,260,5.0
0,261,5.0
0,262,5.0
0,263,5.0
0,264,5.0
0,265,5.0
0,266,5.0
0,267,5.0
0,268,5.0
0,269,5.0
0,270,5.0
0,271,5.0
0,272,5.0
0,273,5.0
0,274,5.0
0,275,5.0
0,276,5.0
0,277,5.0
0,278,5.0
0,279,5.823908740944319
0,280,5.823908740944319
0,281,5.0
0,282,6.008773924307505
0,283,6.119186407719209
0,284,6.173925197299173
0,285,5.823908740944319
0,286,5.721246399047171
0,287,5.113509274827518
0,288,5.0
0,289,5.0
0,290,5.0
0,291,5.0
0,292,5.0
0,293,5.6777807052660805
0,294,6.102372908709558
0,295,5.920818753952375
0,296,5.585026652029182
0,297,5.0
0,298,5.0
0,299,5.0
0,300,5.0
0,301,5.0
0,302,5.0
0,303,5.0
0,304,5.0
0,305,5.0
0,306,5.0
0,307,5.0
0,308,5.0
0,309,5.0
0,310,5.0
0,311,5.0
0,312,5.2839966563652006
0,313,6.7447274948966935
0,314,6.657577319177793
0,315,6.853871964321762
0,316,6.6020599913279625
0,317,5.0
0,318,5.769551078621726
0,319,5.0
0,320,7.251811972993799
0,321,7.045757490560675
0,322,5.0
0,323,6.6777807052660805
0,324,6.229147988357856
0,325,5.0
0,326,5.0
0,327,5.0
0,328,5.0
0,329,5.0
0,330,7.568636235841013
0,331,7.958607314841775
0,332,8.022276394711152
0,333,5.0
0,334,7.920818753952375
0,335,5.0
0,336,5.0
0,337,6.0
0,338,6.568636235841013
0,339,7.721246399047171
0,340,5.552841968657781
0,341,7.013228265733755
0,342,5.337242168318426
0,343,5.0
0,344,5.0
0,345,5.0
0,346,5.0
0,347,5.0
0,348,5.721246399047171
0,349,6.7447274948966935
0,350,6.2076083105017466
0,351,5.275724130399211
0,352,6.161150909262744
0,353,5.0
0,354,5.0
0,355,5.0
0,356,5.0
0,357,7.431798275933005
0,358,5.0
0,359,5.0
0,360,5.0
0,361,5.494850021680094
0,362,5.0
0,363,5.552841968657781
0,364,5.0
0,365,5.0
0,366,5.0
0,367,5.0
0,368,5.0
0,369,5.0
0,370,5.0
0,371,5.443697499232713
0,372,5.0
0,373,5.0
0,374,5.292429823902063
0,375,5.0
0,376,5.0
0,377,5.0
0,378,5.376750709602099
0,379,5.0
0,380,5.0
0,381,5.0
0,382,6.259637310505756
0,383,5.958607314841775
0,384,5.823908740944319
0,385,5.0
0,386,6.657577319177793
0,387,5.0
0,388,5.0
0,389,5.0
0,390,5.0
0,391,6.1938200260161125
0,392,6.327902142064283
0,393,5.309803919971486
0,394,5.958607314841775
0,395,5.0
0,396,5.0
0,397,5.0
0,398,5.0
0,399,5.0
0,400,5.0
0,401,5.0
0,402,5.0
0,403,5.0
0,404,6.853871964321762
0,405,5.0
0,406,5.0
0,407,5.0
0,408,5.0
0,409,5.0
0,410,5.0
0,411,5.0
0,412,5.0
0,413,5.0
0,414,5.0
0,415,5.0
0,416,5.0
0,417,5.0
0,418,5.096910013008056
0,419,5.221848749616356
0,420,5.0
0,421,5.0
0,422,5.3979400086720375
0,423,5.0
0,424,5.0
0,425,5.0
0,426,5.0
0,427,5.0
0,428,5.0
0,429,5.0
0,430,6.638272163982407
0,431,5.0
0,432,5.0
1,0,5.0
1,1,5.0
1,2,5.0
1,3,5.0
1,4,5.0
1,5,5.0
1,6,5.0
1,7,5.0
1,8,5.0
1,9,5.0
1,10,5.0
1,11,5.0
1,12,5.0
1,13,5.0
1,14,5.0
1,15,5.0
1,16,5.0
1,17,5.0
1,18,5.0
1,19,5.0
1,20,5.0
1,21,5.0
1,22,5.0
1,23,5.0
1,24,5.0
1,25,5.0
1,26,5.0
1,27,5.0
1,28,5.0
1,29,5.0
1,30,5.0
1,31,5.0
1,32,5.0
1,33,5.0
1,34,5.0
1,35,5.0
1,36,5.0
1,37,5.0
1,38,5.0
1,39,5.0
1,40,5.0
1,41,5.0
1,42,5.0
1,43,5.0
1,44,5.0
1,45,5.0
1,46,5.0
1,47,5.0
1,48,5.0
1,49,5.0
1,50,5.0
1,51,5.0
1,52,5.0
1,53,5.0
1,54,5.0
1,55,5.0
1,56,5.0
1,57,5.0
1,58,5.0
1,59,5.0
1,60,5.0
1,61,5.0
1,62,5.0
1,63,5.0
1,64,5.0
1,65,5.0
1,66,5.0
1,67,5.0
1,68,5.0
1,69,5.0
1,70,5.0
1,71,5.0
1,72,5.0
1,73,5.0
1,74,5.0
1,75,5.0
1,76,8.0
1,77,5.0
1,78,5.0
1,79,5.0
1,80,5.0
1,81,5.0
1,82,5.0
1,83,5.0
1,84,5.0
1,85,5.0
1,86,5.0
1,87,5.0
1,88,5.0
1,89,5.0
1,90,5.0
1,91,5.0
1,92,5.0
1,93,5.0
1,94,7.091514981121351
1,95,5.958607314841775
1,96,5.0
1,97,5.0
1,98,5.0
1,99,5.0
1,100,5.0
1,101,5.0
1,102,5.0
1,103,5.0
1,104,5.0
1,105,5.0
1,106,5.0
1,107,5.0
1,108,5.0
1,109,5.0
1,110,5.0
1,111,5.0
1,112,5.0
1,113,5.0
1,114,5.0
1,115,5.0
1,116,5.0
1,117,5.0
1,118,5.0
1,119,5.187086643357144
1,120,5.0
1,121,5.0
1,122,5.040958607678906
1,123,5.431798275933005
1,124,5.0
1,125,5.0
1,126,5.0
1,127,5.0
1,128,5.0
1,129,5.920818753952375
1,130,5.0
1,131,5.0
1,132,5.0
1,133,5.0
1,134,5.0
1,135,5.0
1,136,5.0
1,137,5.0
1,138,6.568636235841013
1,139,5.0
1,140,5.0
1,141,5.0
1,142,5.0
1,143,5.0
1,144,5.0
1,145,5.0
1,146,5.0
1,147,5.0
1,148,5.0
1,149,7.387216143280264
1,150,8.886056647693163
1,151,8.431798275933005
1,152,8.148741651280925
1,153,8.657577319177793
1,154,8.387216143280265
1,155,8.292429823902063
1,156,7.387216143280264
1,157,5.7447274948966935
1,158,5.0
1,159,5.0
1,160,5.0
1,161,5.0
1,162,5.0
1,163,5.0
1,164,5.0
1,165,5.0
1,166,5.0
1,167,5.0
1,168,5.0
1,169,5.0
1,170,6.494850021680094
1,171,5.0
1,172,5.0
1,173,5.0
1,174,5.0
1,175,5.0
1,176,5.0
1,177,5.0
1,178,5.0
1,179,5.0
1,180,5.0
1,181,5.0
1,182,5.0
1,183,5.0
1,184,5.0
1,185,5.0
1,186,5.0
1,187,5.0
1,188,5.0
1,189,5.0
1,190,5.0
1,191,8.318758762624412
1,192,8.443697499232712
1,193,6.494850021680094
1,194,6.823908740944319
1,195,8.200659450546418
1,196,8.301029995663981
1,197,8.221848749616356
1,198,7.443697499232713
1,199,5.0
1,200,5.0
1,201,5.6020599913279625
1,202,5.0
1,203,5.0
1,204,5.0
1,205,5.6777807052660805
1,206,5.0
1,207,5.0
1,208,5.0
1,209,5.2441251443275085
1,210,5.0
1,211,5.0
1,212,5.0
1,213,5.0
1,214,5.0
1,215,5.0
1,216,5.0
1,217,5.0
1,218,5.0
1,219,5.6020599913279625
1,220,6.356547323513812
1,221,5.0
1,222,5.0
1,223,5.0
1,224,5.0
1,225,5.0
1,226,5.0
1,227,5.0
1,228,5.0
1,229,5.0
1,230,5.0
1,231,5.0
1,232,5.0
1,233,5.0
1,234,5.0
1,235,5.0
1,236,5.0
1,237,5.0
1,238,5.0
1,239,5.0
1,240,5.0
1,241,5.0
1,242,5.585026652029182
1,243,6.3872161432802645
1,244,5.0
1,245,5.0
1,246,5.0
1,247,5.0
1,248,5.0
1,249,5.0
1,250,5.0
1,251,5.0
1,252,5.0
1,253,5.0
1,254,5.0
1,255,6.0
1,256,5.0
1,257,5.0
1,258,5.0
1,259,5.0
1,260,5.0
1,261,5.0
1,262,5.0
1,263,5.0
1,264,5.0
1,265,5.0
1,266,5.0
1,267,5.0
1,268,5.0
1,269,5.0
1,270,5.0
1,271,5.0
1,272,5.0
1,273,5.0
1,274,5.0
1,275,5.0
1,276,5.0
1,277,5.0
1,278,5.0
1,279,5.0
1,280,5.0
1,281,5.0
1,282,5.0
1,283,5.0
1,284,5.0
1,285,5.0
1,286,5.0
1,287,5.0
1,288,7.958607314841775
1,289,8.113509274827518
1,290,5.0
1,291,5.0
1,292,5.0
1,293,5.0
1,294,5.0
1,295,5.0
1,296,5.0
1,297,5.0
1,298,5.0
1,299,5.0
1,300,5.0
1,301,5.0
1,302,5.0
1,303,5.0
1,304,5.0
1,305,5.0
1,306,5.0
1,307,5.0
1,308,5.0
1,309,5.0
1,310,5.0
1,311,5.0
1,312,5.0
1,313,5.0
1,314,5.0
1,315,5.0
1,316,5.0
1,317,5.0
1,318,5.0
1,319,5.0
1,320,5.0
1,321,5.0
1,322,5.0
1,323,5.0
1,324,5.0
1,325,5.0
1,326,5.0
1,327,5.0
1,328,5.0
1,329,5.0
1,330,5.0
1,331,5.0
1,332,5.0
1,333,5.0
1,334,5.0
1,335,5.0
1,336,5.0
1,337,5.0
1,338,5.0
1,339,5.0
1,340,5.0
1,341,5.0
1,342,5.0
1,343,5.0
1,344,5.0
1,345,5.0
1,346,8.096910013008056
1,347,8.522878745280337
1,348,7.886056647693163
1,349,8.040958607678906
1,350,5.0
1,351,5.0
1,352,5.0
1,353,6.050609993355088
1,354,5.568636235841013
1,355,5.0
1,356,5.0
1,357,5.0
1,358,5.0
1,359,5.0
1,360,5.0
1,361,5.0
1,362,5.0
1,363,5.0
1,364,5.0
1,365,5.0
1,366,5.0
1,367,5.0
1,368,5.0
1,369,5.0
1,370,5.0
1,371,5.0
1,372,5.0
1,373,5.0
1,374,5.0
1,375,5.0
1,376,5.0
1,377,5.337242168318426
1,378,5.0
1,379,5.0
1,380,5.0
1,381,5.0
1,382,5.0
1,383,5.0
1,384,5.0
1,385,5.0
1,386,5.0
1,387,5.0
1,388,5.0
1,389,5.0
1,390,5.0
1,391,5.070581074285707
1,392,5.0
1,393,5.0
1,394,5.0
1,395,5.0
1,396,5.0
1,397,5.0
1,398,5.0
1,399,5.0
1,400,5.494850021680094
1,401,5.0
1,402,5.0
1,403,5.0
1,404,5.552841968657781
1,405,5.0
1,406,5.0
1,407,5.0
1,408,5.638272163982407
1,409,6.2076083105017466
1,410,6.259637310505756
1,411,5.0
1,412,5.0
1,413,5.0
1,414,5.0
1,415,5.0
1,416,5.0
1,417,5.0
1,418,5.0
1,419,5.0
1,420,5.0
1,421,7.060480747381382
1,422,5.0
1,423,5.0
1,424,5.0
1,425,5.0
1,426,5.0
1,427,5.0
1,428,5.0
1,429,5.0
1,430,5.698970004336019
1,431,5.0
1,432,5.0
2,0,5.0
2,1,7.1249387366083
2,2,7.886056647693163
2,3,7.886056647693163
2,4,7.508638306165727
2,5,7.468521082957745
2,6,7.508638306165727
2,7,7.602059991327962
2,8,8.0
2,9,7.886056647693163
2,10,8.468521082957745
2,11,5.0
2,12,5.0
2,13,5.0
2,14,5.853871964321762
2,15,5.0
2,16,5.0
2,17,5.0
2,18,5.0
2,19,5.0
2,20,5.0
2,21,5.853871964321762
2,22,5.853871964321762
2,23,5.0
2,24,6.200659450546418
2,25,5.0
2,26,5.0
2,27,5.096910013008056
2,28,5.0
2,29,5.356547323513812
2,30,6.130768280269024
2,31,6.2441251443275085
2,32,5.0
2,33,7.522878745280337
2,34,5.0
2,35,5.0
2,36,5.0
2,37,5.2441251443275085
2,38,5.769551078621726
2,39,6.886056647693163
2,40,5.0
2,41,5.0
2,42,5.0
2,43,5.0
2,44,5.522878745280337
2,45,5.356547323513812
2,46,5.0
2,47,5.0
2,48,5.0
2,49,5.0
2,50,5.0
2,51,5.431798275933005
2,52,6.657577319177793
2,53,6.657577319177793
2,54,5.0
2,55,5.853871964321762
2,56,5.958607314841775
2,57,9.0268721464003
2,58,8.823908740944319
2,59,6.346787486224656
2,60,6.853871964321762
2,61,6.259637310505756
2,62,8.337242168318426
2,63,8.853871964321762
2,64,6.721246399047171
2,65,7.886056647693163
2,66,9.2839966563652
2,67,8.4089353929735
2,68,8.18045606445813
2,69,5.0
2,70,6.443697499232713
2,71,7.2839966563652
2,72,6.958607314841775
2,73,5.7447274948966935
2,74,5.259637310505756
2,75,6.537602002101044
2,76,8.236572006437063
2,77,5.638272163982407
2,78,5.0
2,79,5.0
2,80,5.6020599913279625
2,81,5.3979400086720375
2,82,6.0
2,83,6.022276394711152
2,84,7.013228265733755
2,85,5.0
2,86,5.0
2,87,5.886056647693163
2,88,5.0
2,89,5.0
2,90,5.494850021680094
2,91,5.0
2,92,5.0
2,93,5.0
2,94,9.161150909262744
2,95,7.958607314841775
2,96,5.6020599913279625
2,97,5.0
2,98,5.0
2,99,5.0
2,100,5.0
2,101,5.0
2,102,5.0
2,103,6.6777807052660805
2,104,6.2839966563652006
2,105,5.721246399047171
2,106,6.657577319177793
2,107,6.2839966563652006
2,108,6.657577319177793
2,109,6.259637310505756
2,110,6.275724130399211
2,111,5.585026652029182
2,112,5.795880017344075
2,113,6.013228265733755
2,114,5.0
2,115,5.6777807052660805
2,116,5.0
2,117,5.267606240177032
2,118,6.795880017344075
2,119,7.096910013008056
2,120,6.3979400086720375
2,121,6.853871964321762
2,122,6.42021640338319
2,123,5.958607314841775
2,124,7.744727494896693
2,125,6.7447274948966935
2,126,6.886056647693163
2,127,5.0
2,128,5.0
2,129,5.0
2,130,5.0
2,131,5.0
2,132,5.0
2,133,5.0
2,134,5.0
2,135,5.0
2,136,5.0
2,137,5.0
2,138,7.026872146400302
2,139,5.221848749616356
2,140,5.0
2,141,6.229147988357856
2,142,6.443697499232713
2,143,6.2076083105017466
2,144,5.721246399047171
2,145,5.4089353929735005
2,146,5.522878745280337
2,147,5.853871964321762
2,148,6.721246399047171
2,149,7.0655015487564325
2,150,9.102372908709558
2,151,8.309803919971486
2,152,7.958607314841775
2,153,9.292429823902063
2,154,8.638272163982407
2,155,9.130768280269024
2,156,6.920818753952375
2,157,7.585026652029182
2,158,7.301029995663981
2,159,5.886056647693163
2,160,5.0
2,161,5.0
2,162,5.0
2,163,5.0
2,164,5.070581074285707
2,165,5.0
2,166,6.055517327849832
2,167,6.769551078621726
2,168,8.136677139879543
2,169,8.397940008672037
2,170,8.4089353929735
2,171,6.6777807052660805
2,172,5.0
2,173,5.6020599913279625
2,174,5.0
2,175,7.387216143280264
2,176,6.958607314841775
2,177,5.0
2,178,5.657577319177793
2,179,5.853871964321762
2,180,6.886056647693163
2,181,5.0
2,182,5.0
2,183,6.00436480540245
2,184,7.130768280269024
2,185,5.0
2,186,6.040958607678906
2,187,6.585026652029182
2,188,6.337242168318426
2,189,7.251811972993799
2,190,6.119186407719209
2,191,8.267606240177031
2,192,8.356547323513812
2,193,7.173925197299173
2,194,6.443697499232713
2,195,8.67778070526608
2,196,8.301029995663981
2,197,7.744727494896693
2,198,7.0
2,199,6.327902142064283
2,200,5.522878745280337
2,201,7.958607314841775
2,202,6.113509274827518
2,203,5.7447274948966935
2,204,5.0
2,205,9.036212172654444
2,206,6.022276394711152
2,207,5.356547323513812
2,208,6.795880017344075
2,209,7.853871964321762
2,210,6.130768280269024
2,211,6.0
2,212,5.7447274948966935
2,213,5.0
2,214,5.638272163982407
2,215,5.0
2,216,5.0
2,217,7.0
2,218,6.721246399047171
2,219,7.823908740944319
2,220,6.455931955649724
2,221,5.0
2,222,5.0
2,223,5.0
2,224,5.0
2,225,5.0
2,226,5.0
2,227,5.0
2,228,5.0
2,229,5.0
2,230,5.657577319177793
2,231,6.0
2,232,7.130768280269024
2,233,5.0
2,234,6.080921907623926
2,235,6.431798275933005
2,236,5.356547323513812
2,237,7.031517051446065
2,238,6.130768280269024
2,239,8.10790539730952
2,240,7.568636235841013
2,241,7.585026652029182
2,242,8.522878745280337
2,243,5.0
2,244,5.0
2,245,5.0
2,246,5.3979400086720375
2,247,5.0
2,248,5.0
2,249,5.522878745280337
2,250,6.318758762624412
2,251,6.0655015487564325
2,252,5.886056647693163
2,253,5.0
2,254,5.0
2,255,8.508638306165727
2,256,5.0
2,257,6.481486060122113
2,258,5.0
2,259,7.387216143280264
2,260,7.075720713938118
2,261,5.0
2,262,5.6777807052660805
2,263,5.2839966563652006
2,264,5.0
2,265,5.0
2,266,5.0
2,267,6.337242168318426
2,268,5.958607314841775
2,269,5.6020599913279625
2,270,5.0
2,271,5.7447274948966935
2,272,5.0
2,273,6.795880017344075
2,274,5.0
2,275,7.136677139879544
2,276,6.366531544420414
2,277,7.886056647693163
2,278,7.5376020021010435
2,279,5.0
2,280,5.0
2,281,5.3979400086720375
2,282,5.0
2,283,5.0
2,284,5.0
2,285,6.376750709602099
2,286,7.823908740944319
2,287,7.267606240177032
2,288,7.568636235841013
2,289,8.09151498112135
2,290,5.0
2,291,8.070581074285707
2,292,5.0
2,293,7.075720713938118
2,294,7.769551078621726
2,295,5.0
2,296,5.0
2,297,5.0
2,298,5.0
2,299,5.0
2,300,5.0
2,301,5.0
2,302,5.0
2,303,5.0
2,304,5.0
2,305,5.0
2,306,5.0
2,307,5.0
2,308,5.0
2,309,5.0
2,310,5.0
2,311,5.0
2,312,5.0
2,313,5.0
2,314,5.0
2,315,5.0
2,316,5.0
2,317,5.0
2,318,5.0
2,319,5.0
2,320,5.431798275933005
2,321,6.585026652029182
2,322,5.0
2,323,5.0
2,324,5.0
2,325,5.0
2,326,5.0
2,327,5.0
2,328,5.091514981121351
2,329,5.0
2,330,5.0
2,331,5.0
2,332,5.0
2,333,5.0
2,334,5.657577319177793
2,335,5.920818753952375
2,336,6.022276394711152
2,337,5.823908740944319
2,338,5.0
2,339,5.0
2,340,5.958607314841775
2,341,5.356547323513812
2,342,5.0
2,343,6.2839966563652006
2,344,5.0
2,345,6.031517051446065
2,346,7.769551078621726
2,347,8.346787486224656
2,348,8.366531544420413
2,349,8.494850021680094
2,350,5.0
2,351,6.259637310505756
2,352,5.0
2,353,6.6777807052660805
2,354,5.958607314841775
2,355,6.7447274948966935
2,356,6.443697499232713
2,357,5.823908740944319
2,358,6.4089353929735005
2,359,5.769551078621726
2,360,5.721246399047171
2,361,5.0
2,362,6.136677139879544
2,363,5.0
2,364,5.0
2,365,5.0
2,366,5.0
2,367,5.0
2,368,5.958607314841775
2,369,5.0
2,370,5.468521082957745
2,371,6.920818753952375
2,372,5.0
2,373,5.0
2,374,6.823908740944319
2,375,5.769551078621726
2,376,5.0
2,377,7.638272163982407
2,378,5.0
2,379,5.0
2,380,6.468521082957745
2,381,7.142667503568732
2,382,5.0
2,383,5.0
2,384,5.0
2,385,5.0
2,386,5.920818753952375
2,387,7.795880017344075
2,388,5.886056647693163
2,389,5.823908740944319
2,390,6.221848749616356
2,391,8.823908740944319
2,392,7.5376020021010435
2,393,7.356547323513813
2,394,8.236572006437063
2,395,5.0
2,396,5.0
2,397,5.619788758288394
2,398,5.0
2,399,6.585026652029182
2,400,9.537602002101044
2,401,7.721246399047171
2,402,5.0
2,403,5.0
2,404,7.161150909262744
2,405,7.221848749616356
2,406,5.0
2,407,6.769551078621726
2,408,6.494850021680094
2,409,6.721246399047171
2,410,7.468521082957745
2,411,5.0
2,412,5.0
2,413,6.638272163982407
2,414,5.0
2,415,5.7447274948966935
2,416,5.0
2,417,5.0
2,418,5.431798275933005
2,419,6.443697499232713
2,420,7.244125144327507
2,421,6.698970004336019
2,422,5.0
2,423,5.0
2,424,5.0
2,425,5.0
2,426,5.0
2,427,5.0
2,428,6.585026652029182
2,429,5.920818753952375
2,430,6.920818753952375
2,431,8.638272163982407
2,432,5.0
3,0,5.0
3,1,5.0
3,2,5.0
3,3,5.0
3,4,5.0
3,5,5.0
3,6,5.0
3,7,5.0
3,8,5.0
3,9,5.0
3,10,5.0
3,11,5.0
3,12,5.0
3,13,5.0
3,14,5.0
3,15,5.0
3,16,5.0
3,17,5.0
3,18,5.0
3,19,5.0
3,20,5.0
3,21,5.0
3,22,5.0
3,23,5.0
3,24,5.0
3,25,5.0
3,26,5.0
3,27,5.0
3,28,5.0
3,29,5.0
3,30,5.0
3,31,5.0
3,32,5.0
3,33,5.0
3,34,5.0
3,35,5.0
3,36,5.0
3,37,5.0
3,38,5.0
3,39,5.0
3,40,5.0
3,41,5.0
3,42,5.0
3,43,5.0
3,44,5.0
3,45,5.0
3,46,5.0
3,47,5.0
3,48,5.0
3,49,5.0
3,50,5.0
3,51,5.0
3,52,5.0
3,53,5.619788758288394
3,54,7.619788758288394
3,55,8.075720713938118
3,56,8.2839966563652
3,57,8.494850021680094
3,58,5.481486060122113
3,59,7.522878745280337
3,60,7.221848749616356
3,61,6.154901959985743
3,62,8.55284196865778
3,63,5.0
3,64,8.236572006437063
3,65,5.0
3,66,6.0
3,67,5.0
3,68,8.585026652029182
3,69,5.0
3,70,5.0
3,71,5.0
3,72,6.00436480540245
3,73,5.769551078621726
3,74,6.431798275933005
3,75,5.154901959985743
3,76,5.0
3,77,5.0
3,78,5.0
3,79,5.0
3,80,5.0
3,81,5.0
3,82,5.0
3,83,5.0
3,84,5.0
3,85,5.0
3,86,5.0
3,87,5.0
3,88,5.0
3,89,5.0
3,90,5.0
3,91,5.0
3,92,5.585026652029182
3,93,5.958607314841775
3,94,5.0
3,95,5.0
3,96,5.0
3,97,5.958607314841775
3,98,5.0
3,99,5.0
3,100,5.0
3,101,6.920818753952375
3,102,6.537602002101044
3,103,5.267606240177032
3,104,5.0
3,105,5.0
3,106,5.0
3,107,5.0
3,108,5.0
3,109,5.0
3,110,5.0
3,111,5.0
3,112,5.0
3,113,5.0
3,114,5.0
3,115,5.0
3,116,5.0
3,117,5.0
3,118,5.0
3,119,5.0
3,120,5.0
3,121,5.0
3,122,5.0
3,123,5.0
3,124,5.0
3,125,5.0
3,126,5.0
3,127,5.0
3,128,5.0
3,129,5.0
3,130,5.0
3,131,5.0
3,132,5.0
3,133,5.0
3,134,5.0
3,135,5.0
3,136,5.0
3,137,7.376750709602099
3,138,6.920818753952375
3,139,5.0
3,140,5.0
3,141,5.0
3,142,5.0
3,143,5.0
3,144,5.0
3,145,5.0
3,146,5.0
3,147,5.0
3,148,5.0
3,149,5.0
3,150,5.0
3,151,5.0
3,152,5.0
3,153,5.0
3,154,5.0
3,155,5.0
3,156,5.0
3,157,5.0
3,158,5.0
3,159,5.0
3,160,5.0
3,161,5.0
3,162,5.0
3,163,5.0
3,164,7.638272163982407
3,165,7.958607314841775
3,166,5.0
3,167,5.0
3,168,5.0
3,169,5.0
3,170,5.0
3,171,5.0
3,172,5.0
3,173,8.080921907623926
3,174,5.0
3,175,5.0
3,176,5.0
3,177,5.0
3,178,5.0
3,179,5.0
3,180,5.0
3,181,5.0
3,182,5.0
3,183,5.0
3,184,5.0
3,185,5.0
3,186,5.0
3,187,5.0
3,188,5.0
3,189,5.0
3,190,5.0
3,191,5.0
3,192,5.0
3,193,5.0
3,194,5.0
3,195,5.0
3,196,5.0
3,197,5.0
3,198,5.0
3,199,5.0
3,200,5.0
3,201,5.0
3,202,5.0
3,203,5.0
3,204,5.0
3,205,5.0
3,206,5.0
3,207,5.0
3,208,5.0
3,209,5.0
3,210,5.0
3,211,7.013228265733755
3,212,5.0
3,213,5.0
3,214,5.0
3,215,5.0
3,216,5.0
3,217,5.0
3,218,5.0
3,219,5.0
3,220,5.0
3,221,5.0
3,222,5.0
3,223,5.0
3,224,5.0
3,225,5.0
3,226,5.0
3,227,5.0
3,228,5.0
3,229,5.0
3,230,5.0
3,231,5.0
3,232,5.0
3,233,5.0
3,234,5.0
3,235,5.0
3,236,5.0
3,237,5.0
3,238,5.0
3,239,5.0
3,240,5.0
3,241,5.0
3,242,5.0
3,243,5.0
3,244,5.0
3,245,5.0
3,246,5.0
3,247,5.0
3,248,5.0
3,249,5.0
3,250,5.0
3,251,5.0
3,252,5.0
3,253,5.0
3,254,5.0
3,255,5.0
3,256,5.0
3,257,5.0
3,258,5.0
3,259,5.0
3,260,5.0
3,261,5.0
3,262,5.0
3,263,5.0
3,264,5.0
3,265,5.0
3,266,5.0
3,267,5.0
3,268,5.0
3,269,5.0
3,270,5.0
3,271,5.0
3,272,5.0
3,273,5.0
3,274,5.0
3,275,5.0
3,276,5.0
3,277,5.0
3,278,5.0
3,279,5.0
3,280,5.0
3,281,5.0
3,282,5.0
3,283,5.0
3,284,5.0
3,285,8.958607314841775
3,286,9.022276394711152
3,287,7.853871964321762
3,288,5.0
3,289,5.0
3,290,5.0
3,291,5.0
3,292,5.0
3,293,7.207608310501746
3,294,7.795880017344075
3,295,5.0
3,296,5.0
3,297,5.0
3,298,5.0
3,299,5.0
3,300,5.0
3,301,5.0
3,302,5.0
3,303,5.0
3,304,5.0
3,305,5.0
3,306,5.0
3,307,5.0
3,308,5.0
3,309,5.0
3,310,5.0
3,311,5.0
3,312,5.0
3,313,5.0
3,314,5.0
3,315,5.0
3,316,5.0
3,317,5.0
3,318,5.0
3,319,5.0
3,320,5.0
3,321,5.0
3,322,5.0
3,323,5.0
3,324,5.0
3,325,5.0
3,326,5.0
3,327,5.0
3,328,5.0
3,329,5.0
3,330,5.0
3,331,5.0
3,332,5.0
3,333,5.0
3,334,5.0
3,335,5.0
3,336,5.0
3,337,5.0
3,338,5.0
3,339,5.0
3,340,5.0
3,341,5.0
3,342,5.0
3,343,5.0
3,344,5.0
3,345,5.0
3,346,5.0
3,347,5.0
3,348,5.0
3,349,5.0
3,350,5.0
3,351,5.0
3,352,5.0
3,353,5.0
3,354,5.0
3,355,5.0
3,356,5.0
3,357,5.0
3,358,5.0
3,359,5.0
3,360,5.0
3,361,5.0
3,362,5.0
3,363,5.0
3,364,5.0
3,365,5.0
3,366,5.0
3,367,5.0
3,368,5.0
3,369,5.0
3,370,5.0
3,371,5.0
3,372,5.0
3,373,5.0
3,374,5.0
3,375,5.0
3,376,5.0
3,377,5.229147988357856
3,378,5.0
3,379,5.0
3,380,5.0
3,381,5.0
3,382,5.0
3,383,5.0
3,384,5.0
3,385,5.0
3,386,5.0
3,387,5.0
3,388,5.0
3,389,5.0
3,390,5.0
3,391,5.0
3,392,6.886056647693163
3,393,7.301029995663981
3,394,7.244125144327507
3,395,5.0
3,396,5.0
3,397,5.0
3,398,5.0
3,399,5.0
3,400,5.0
3,401,5.0
3,402,5.619788758288394
3,403,5.0
3,404,5.0
3,405,5.0
3,406,5.0
3,407,5.0
3,408,5.0
3,409,5.0
3,410,5.0
3,411,5.0
3,412,5.0
3,413,5.0
3,414,5.0
3,415,5.0
3,416,5.0
3,417,5.0
3,418,5.0
3,419,5.0
3,420,5.0
3,421,5.0
3,422,5.0
3,423,5.0
3,424,5.0
3,425,5.0
3,426,5.0
3,427,5.0
3,428,5.0
3,429,5.0
3,430,5.0
3,431,5.0
3,432,5.0
4,0,5.0
4,1,6.376750709602099
4,2,6.1249387366083
4,3,6.638272163982407
4,4,6.301029995663981
4,5,5.920818753952375
4,6,6.42021640338319
4,7,6.060480747381382
4,8,6.080921907623926
4,9,6.2441251443275085
4,10,5.0
4,11,5.0
4,12,5.0
4,13,5.0
4,14,5.0
4,15,5.0
4,16,5.0
4,17,5.0
4,18,5.0
4,19,5.0
4,20,5.0
4,21,5.0
4,22,5.0
4,23,5.0
4,24,5.0
4,25,5.0
4,26,5.0
4,27,5.0
4,28,5.0
4,29,5.0
4,30,5.0
4,31,5.275724130399211
4,32,5.0
4,33,6.657577319177793
4,34,5.0
4,35,5.0
4,36,5.0
4,37,5.0
4,38,5.0
4,39,5.0
4,40,5.0
4,41,5.0
4,42,5.0
4,43,5.0
4,44,5.0
4,45,5.0
4,46,5.0
4,47,5.0
4,48,5.0
4,49,5.0
4,50,5.0
4,51,5.0
4,52,5.0
4,53,5.0
4,54,5.0
4,55,5.0
4,56,5.0
4,57,5.0
4,58,5.0
4,59,5.0
4,60,5.0
4,61,5.0
4,62,5.0
4,63,5.0
4,64,5.0
4,65,5.0
4,66,5.0
4,67,5.0
4,68,5.0
4,69,5.0
4,70,5.0
4,71,5.537602002101044
4,72,5.0
4,73,5.0
4,74,5.0
4,75,5.0
4,76,5.0
4,77,5.0
4,78,5.0
4,79,5.0
4,80,5.0
4,81,5.886056647693163
4,82,5.0
4,83,5.0
4,84,5.0
4,85,5.0
4,86,5.0
4,87,5.0
4,88,5.0
4,89,5.0
4,90,5.0
4,91,5.0
4,92,5.0
4,93,5.0
4,94,5.0
4,95,5.0
4,96,5.0
4,97,5.0
4,98,5.0
4,99,5.638272163982407
4,100,5.0
4,101,6.013228265733755
4,102,5.552841968657781
4,103,5.7447274948966935
4,104,9.602059991327964
4,105,9.958607314841776
4,106,10.0
4,107,9.721246399047171
4,108,9.853871964321762
4,109,9.920818753952377
4,110,9.920818753952377
4,111,9.69897000433602
4,112,8.958607314841775
4,113,9.638272163982409
4,114,9.853871964321762
4,115,9.214670164989233
4,116,5.0
4,117,5.0
4,118,5.0
4,119,5.0
4,120,5.0
4,121,5.0
4,122,6.468521082957745
4,123,5.0
4,124,5.0
4,125,5.0
4,126,5.0
4,127,5.0
4,128,5.0
4,129,5.508638306165727
4,130,8.301029995663981
4,131,5.346787486224656
4,132,8.200659450546418
4,133,5.0
4,134,5.0
4,135,5.0
4,136,5.0
4,137,5.0
4,138,5.0
4,139,5.0
4,140,5.0
4,141,5.0
4,142,5.0
4,143,5.0
4,144,5.0
4,145,5.0
4,146,5.0
4,147,5.0
4,148,5.0
4,149,5.0
4,150,5.0
4,151,5.7447274948966935
4,152,5.853871964321762
4,153,5.0
4,154,5.2076083105017466
4,155,5.0
4,156,5.0
4,157,5.853871964321762
4,158,5.0
4,159,7.102372908709558
4,160,5.0
4,161,5.0
4,162,5.0
4,163,5.0
4,164,5.0
4,165,5.0
4,166,5.657577319177793
4,167,5.0
4,168,5.0
4,169,5.0
4,170,6.443697499232713
4,171,5.0
4,172,5.0
4,173,5.0
4,174,5.0
4,175,5.0
4,176,5.0
4,177,5.0
4,178,5.0
4,179,5.0
4,180,6.619788758288394
4,181,5.0
4,182,5.0
4,183,5.0
4,184,5.0
4,185,5.0
4,186,5.0
4,187,5.0
4,188,5.0
4,189,5.6777807052660805
4,190,5.698970004336019
4,191,5.0
4,192,5.0
4,193,5.0
4,194,5.0
4,195,5.0
4,196,5.0
4,197,5.0
4,198,5.0
4,199,5.0
4,200,5.0
4,201,6.2441251443275085
4,202,5.0
4,203,5.0
4,204,5.0
4,205,5.366531544420414
4,206,5.0
4,207,5.0
4,208,5.0
4,209,5.0
4,210,5.0
4,211,5.0
4,212,5.0
4,213,5.0
4,214,5.0
4,215,5.0
4,216,5.0
4,217,5.0
4,218,5.0
4,219,5.0
4,220,5.0
4,221,5.0
4,222,5.0
4,223,5.0
4,224,5.0
4,225,5.0
4,226,5.0
4,227,5.0
4,228,5.0
4,229,5.0
4,230,5.0
4,231,5.0
4,232,5.886056647693163
4,233,5.0
4,234,5.0
4,235,5.0
4,236,5.657577319177793
4,237,5.221848749616356
4,238,5.585026652029182
4,239,5.0
4,240,5.0
4,241,5.7447274948966935
4,242,5.795880017344075
4,243,5.0
4,244,5.0
4,245,5.0
4,246,5.0
4,247,5.0
4,248,5.0
4,249,5.0
4,250,5.0
4,251,5.0
4,252,5.0
4,253,5.0
4,254,5.0
4,255,5.0
4,256,5.0
4,257,5.0
4,258,5.0
4,259,5.0
4,260,5.0
4,261,5.0
4,262,5.0
4,263,5.0
4,264,5.0
4,265,5.0
4,266,5.0
4,267,5.0
4,268,5.0
4,269,5.0
4,270,5.0
4,271,5.0
4,272,5.0
4,273,5.0
4,274,5.0
4,275,5.886056647693163
4,276,5.0
4,277,5.0
4,278,5.0
4,279,5.0
4,280,5.0
4,281,5.0
4,282,5.0
4,283,5.0
4,284,5.0
4,285,5.0
4,286,5.0
4,287,5.0
4,288,5.0
4,289,5.0
4,290,5.0
4,291,5.0
4,292,5.0
4,293,5.0
4,294,5.0
4,295,5.886056647693163
4,296,6.327902142064283
4,297,5.0
4,298,5.0
4,299,5.0
4,300,5.0
4,301,5.0
4,302,5.0
4,303,5.0
4,304,5.0
4,305,5.0
4,306,5.0
4,307,5.0
4,308,5.0
4,309,5.0
4,310,5.0
4,311,5.0
4,312,5.0
4,313,5.0
4,314,5.0
4,315,5.0
4,316,5.0
4,317,5.0
4,318,5.0
4,319,5.0
4,320,5.0
4,321,5.0
4,322,5.0
4,323,5.0
4,324,5.0
4,325,5.0
4,326,5.0
4,327,5.0
4,328,5.0
4,329,5.0
4,330,5.0
4,331,5.0
4,332,5.0
4,333,5.0
4,334,5.0
4,335,5.0
4,336,5.0
4,337,5.0
4,338,5.0
4,339,5.0
4,340,5.0
4,341,5.0
4,342,5.0
4,343,5.0
4,344,5.0
4,345,5.0
4,346,5.0
4,347,5.0
4,348,5.0
4,349,5.0
4,350,5.0
4,351,5.0
4,352,5.0
4,353,5.0
4,354,5.568636235841013
4,355,5.0
4,356,5.0
4,357,5.0
4,358,5.0
4,359,5.0
4,360,5.0
4,361,5.0
4,362,5.0
4,363,5.0
4,364,5.0
4,365,5.0
4,366,5.0
4,367,5.0
4,368,5.0
4,369,5.0
4,370,5.508638306165727
4,371,5.0
4,372,5.318758762624412
4,373,5.0
4,374,5.0
4,375,5.0
4,376,5.0
4,377,5.431798275933005
4,378,5.0
4,379,5.0
4,380,5.552841968657781
4,381,5.0
4,382,5.0
4,383,5.0
4,384,5.0
4,385,5.0
4,386,5.0
4,387,5.0
4,388,5.0
4,389,5.0
4,390,5.0
4,391,5.0
4,392,5.0
4,393,5.0
4,394,5.0
4,395,5.0
4,396,5.0
4,397,5.0
4,398,5.0
4,399,5.0
4,400,5.0
4,401,5.0
4,402,5.0
4,403,5.0
4,404,5.0
4,405,5.0
4,406,5.0
4,407,5.0
4,408,5.0
4,409,5.0
4,410,5.0
4,411,5.0
4,412,5.0
4,413,5.0
4,414,5.508638306165727
4,415,5.0
4,416,5.0
4,417,5.0
4,418,5.0
4,419,5.0
4,420,5.0
4,421,5.0
4,422,5.0
4,423,5.0
4,424,5.0
4,425,5.0
4,426,5.0
4,427,5.0
4,428,5.0
4,429,5.0
4,430,5.0
4,431,5.0
4,432,5.0
5,0,5.275724130399211
5,1,5.795880017344075
5,2,5.229147988357856
5,3,6.050609993355088
5,4,5.769551078621726
5,5,5.721246399047171
5,6,5.920818753952375
5,7,5.0
5,8,5.795880017344075
5,9,5.823908740944319
5,10,5.0
5,11,5.721246399047171
5,12,5.0
5,13,5.508638306165727
5,14,5.619788758288394
5,15,5.346787486224656
5,16,5.0
5,17,5.0
5,18,5.0
5,19,5.0
5,20,5.0
5,21,6.173925197299173
5,22,5.0
5,23,5.0
5,24,5.0
5,25,5.0
5,26,5.0
5,27,5.0
5,28,5.0
5,29,5.0
5,30,5.0
5,31,5.455931955649724
5,32,5.0
5,33,5.0
5,34,5.0
5,35,6.346787486224656
5,36,5.0
5,37,5.0
5,38,5.0
5,39,5.0
5,40,5.0
5,41,5.0
5,42,5.0
5,43,5.0
5,44,5.0
5,45,5.0
5,46,5.0
5,47,5.769551078621726
5,48,5.327902142064283
5,49,5.795880017344075
5,50,5.585026652029182
5,51,5.494850021680094
5,52,7.102372908709558
5,53,6.366531544420414
5,54,5.0
5,55,5.0
5,56,5.0
5,57,6.366531544420414
5,58,7.244125144327507
5,59,6.259637310505756
5,60,6.3872161432802645
5,61,6.958607314841775
5,62,7.638272163982407
5,63,6.920818753952375
5,64,8.193820026016112
5,65,5.0
5,66,5.0
5,67,5.0
5,68,8.148741651280925
5,69,5.0
5,70,5.0
5,71,6.958607314841775
5,72,5.769551078621726
5,73,5.657577319177793
5,74,5.795880017344075
5,75,5.0
5,76,5.552841968657781
5,77,5.0
5,78,5.508638306165727
5,79,5.619788758288394
5,80,5.0
5,81,5.0
5,82,5.920818753952375
5,83,5.0
5,84,5.0
5,85,5.0
5,86,5.0
5,87,5.0
5,88,5.0
5,89,5.0
5,90,5.0
5,91,5.6777807052660805
5,92,5.0
5,93,5.958607314841775
5,94,5.0
5,95,5.0
5,96,5.0
5,97,6.187086643357144
5,98,5.0
5,99,5.3872161432802645
5,100,5.721246399047171
5,101,7.113509274827518
5,102,7.075720713938118
5,103,5.0
5,104,5.431798275933005
5,105,5.920818753952375
5,106,6.2839966563652006
5,107,5.3979400086720375
5,108,5.638272163982407
5,109,5.657577319177793
5,110,5.522878745280337
5,111,5.769551078621726
5,112,6.1249387366083
5,113,5.920818753952375
5,114,5.853871964321762
5,115,5.795880017344075
5,116,6.060480747381382
5,117,5.638272163982407
5,118,5.6020599913279625
5,119,5.481486060122113
5,120,5.0
5,121,5.455931955649724
5,122,5.0
5,123,5.0
5,124,5.0
5,125,5.823908740944319
5,126,5.0
5,127,5.0
5,128,5.0
5,129,5.0
5,130,5.0
5,131,5.036212172654444
5,132,5.301029995663981
5,133,5.0
5,134,5.0
5,135,5.0
5,136,5.0
5,137,6.2076083105017466
5,138,6.481486060122113
5,139,5.0
5,140,5.0
5,141,5.0
5,142,5.0
5,143,5.0
5,144,5.0
5,145,5.0
5,146,5.0
5,147,5.0
5,148,5.0
5,149,5.0
5,150,5.0
5,151,5.301029995663981
5,152,5.494850021680094
5,153,5.0
5,154,5.187086643357144
5,155,5.0
5,156,5.0
5,157,5.920818753952375
5,158,5.0
5,159,6.431798275933005
5,160,5.0
5,161,6.187086643357144
5,162,5.0
5,163,6.008773924307505
5,164,5.886056647693163
5,165,6.136677139879544
5,166,5.0
5,167,5.167491087293763
5,168,5.376750709602099
5,169,5.366531544420414
5,170,5.698970004336019
5,171,5.481486060122113
5,172,5.0
5,173,9.161150909262744
5,174,5.0
5,175,5.0
5,176,5.0
5,177,5.508638306165727
5,178,5.0
5,179,5.0
5,180,6.267606240177032
5,181,5.0
5,182,5.823908740944319
5,183,5.0
5,184,5.0
5,185,5.0
5,186,5.259637310505756
5,187,5.795880017344075
5,188,5.795880017344075
5,189,5.0
5,190,5.259637310505756
5,191,5.0
5,192,5.055517327849831
5,193,5.045757490560675
5,194,5.337242168318426
5,195,5.0
5,196,5.0
5,197,5.0
5,198,5.0
5,199,5.0
5,200,5.0
5,201,5.0
5,202,5.0
5,203,5.0
5,204,5.0
5,205,5.0
5,206,6.0
5,207,5.698970004336019
5,208,5.657577319177793
5,209,5.0
5,210,5.0
5,211,7.552841968657781
5,212,5.0
5,213,5.0
5,214,5.214670164989233
5,215,5.00436480540245
5,216,5.0
5,217,7.050609993355087
5,218,5.346787486224656
5,219,5.0
5,220,5.0
5,221,5.0
5,222,5.0
5,223,5.0
5,224,5.0
5,225,5.0
5,226,5.0
5,227,5.0
5,228,5.0
5,229,5.0
5,230,5.920818753952375
5,231,5.638272163982407
5,232,6.7447274948966935
5,233,5.0
5,234,5.0
5,235,5.167491087293763
5,236,5.0
5,237,5.0
5,238,5.0
5,239,5.886056647693163
5,240,5.0
5,241,5.0
5,242,5.494850021680094
5,243,5.0
5,244,5.2441251443275085
5,245,5.2839966563652006
5,246,5.0
5,247,5.022276394711152
5,248,5.481486060122113
5,249,5.0
5,250,5.0
5,251,5.026872146400302
5,252,5.0
5,253,5.0
5,254,5.0
5,255,5.0
5,256,5.0
5,257,5.0
5,258,5.0
5,259,5.0
5,260,5.0
5,261,5.0
5,262,5.0
5,263,5.0
5,264,5.0
5,265,5.0
5,266,5.0
5,267,5.0
5,268,5.0
5,269,5.0
5,270,5.0
5,271,5.0
5,272,5.0
5,273,5.0
5,274,5.0
5,275,5.0
5,276,5.0
5,277,5.0
5,278,5.0
5,279,5.0
5,280,5.0
5,281,5.0
5,282,5.0
5,283,5.0
5,284,5.0
5,285,6.356547323513812
5,286,6.318758762624412
5,287,5.958607314841775
5,288,5.229147988357856
5,289,5.0
5,290,5.0
5,291,5.0
5,292,5.481486060122113
5,293,6.481486060122113
5,294,6.958607314841775
5,295,5.657577319177793
5,296,5.537602002101044
5,297,5.0
5,298,5.0
5,299,5.0
5,300,5.0
5,301,5.0
5,302,5.0
5,303,5.0
5,304,5.0
5,305,5.0
5,306,5.0
5,307,5.0
5,308,5.0
5,309,5.0
5,310,5.0
5,311,5.0
5,312,5.0
5,313,6.251811972993799
5,314,6.113509274827518
5,315,6.221848749616356
5,316,5.0
5,317,5.585026652029182
5,318,5.0
5,319,6.060480747381382
5,320,5.0
5,321,5.0
5,322,5.0
5,323,5.455931955649724
5,324,5.0
5,325,5.0
5,326,5.0
5,327,5.0
5,328,5.0
5,329,5.075720713938118
5,330,6.229147988357856
5,331,6.42021640338319
5,332,6.455931955649724
5,333,5.0
5,334,6.455931955649724
5,335,6.2839966563652006
5,336,5.958607314841775
5,337,6.769551078621726
5,338,5.0
5,339,5.0
5,340,5.2839966563652006
5,341,5.0
5,342,5.0
5,343,5.508638306165727
5,344,5.0
5,345,5.0
5,346,5.0
5,347,5.0
5,348,5.0
5,349,5.0
5,350,5.0
5,351,5.0
5,352,5.0
5,353,5.0
5,354,5.0
5,355,5.0
5,356,5.376750709602099
5,357,5.920818753952375
5,358,5.823908740944319
5,359,5.0
5,360,5.886056647693163
5,361,5.0
5,362,5.0
5,363,5.0
5,364,5.638272163982407
5,365,6.142667503568732
5,366,6.0
5,367,5.366531544420414
5,368,5.823908740944319
5,369,5.6777807052660805
5,370,6.096910013008056
5,371,5.431798275933005
5,372,5.0
5,373,5.0
5,374,5.0
5,375,5.0
5,376,5.0
5,377,5.0
5,378,5.853871964321762
5,379,5.0
5,380,5.0
5,381,5.853871964321762
5,382,5.0
5,383,5.0
5,384,5.0
5,385,5.0
5,386,5.769551078621726
5,387,6.346787486224656
5,388,5.0
5,389,5.0
5,390,5.0
5,391,5.537602002101044
5,392,6.853871964321762
5,393,6.6020599913279625
5,394,7.00436480540245
5,395,6.327902142064283
5,396,5.0
5,397,5.0
5,398,5.0
5,399,5.251811972993799
5,400,5.0
5,401,5.0
5,402,5.0
5,403,5.0
5,404,5.0
5,405,5.0
5,406,5.0
5,407,7.259637310505756
5,408,5.0
5,409,5.0
5,410,5.0
5,411,5.0
5,412,5.0
5,413,5.0
5,414,5.0
5,415,6.7447274948966935
5,416,7.455931955649724
5,417,5.0
5,418,5.0
5,419,6.327902142064283
5,420,5.0
5,421,5.0
5,422,7.200659450546418
5,423,5.0
5,424,5.0
5,425,5.259637310505756
5,426,5.0
5,427,5.0
5,428,5.0
5,429,5.0
5,430,5.0
5,431,5.0
5,432,5.0
6,0,5.920818753952375
6,1,7.200659450546418
6,2,6.096910013008056
6,3,6.481486060122113
6,4,7.638272163982407
6,5,7.443697499232713
6,6,6.698970004336019
6,7,8.823908740944319
6,8,6.638272163982407
6,9,7.443697499232713
6,10,7.154901959985743
6,11,5.0
6,12,5.0
6,13,5.0
6,14,5.2839966563652006
6,15,5.0
6,16,5.0
6,17,5.0
6,18,5.0
6,19,5.0
6,20,5.0
6,21,5.0
6,22,5.0
6,23,5.0
6,24,5.443697499232713
6,25,5.0
6,26,5.0
6,27,5.0
6,28,7.142667503568732
6,29,7.958607314841775
6,30,8.886056647693163
6,31,6.376750709602099
6,32,6.0
6,33,5.508638306165727
6,34,5.0
6,35,5.537602002101044
6,36,5.0
6,37,5.0
6,38,5.0
6,39,5.0
6,40,5.0
6,41,5.0
6,42,5.0
6,43,5.0
6,44,5.0
6,45,5.0
6,46,5.0
6,47,5.0
6,48,5.0
6,49,5.0
6,50,5.0
6,51,5.0
6,52,5.853871964321762
6,53,5.823908740944319
6,54,5.0
6,55,5.0
6,56,5.0
6,57,5.0
6,58,5.0
6,59,5.0
6,60,5.0
6,61,5.0
6,62,5.0
6,63,5.0
6,64,5.0
6,65,5.0
6,66,6.275724130399211
6,67,5.0
6,68,5.0
6,69,5.0
6,70,5.0
6,71,5.0
6,72,5.0
6,73,5.0
6,74,5.0
6,75,5.0
6,76,7.67778070526608
6,77,5.958607314841775
6,78,5.0
6,79,5.0
6,80,5.0
6,81,5.0
6,82,5.0
6,83,5.0
6,84,5.0
6,85,5.0
6,86,5.552841968657781
6,87,5.0
6,88,5.0
6,89,5.0
6,90,5.0
6,91,5.0
6,92,5.0
6,93,5.0
6,94,6.468521082957745
6,95,5.275724130399211
6,96,5.769551078621726
6,97,5.0
6,98,5.0
6,99,5.0
6,100,5.0
6,101,5.0
6,102,5.0
6,103,5.0
6,104,5.0
6,105,5.0
6,106,5.638272163982407
6,107,5.2076083105017466
6,108,5.0
6,109,5.0
6,110,5.0
6,111,5.0
6,112,5.0
6,113,5.0
6,114,5.0
6,115,5.0
6,116,5.0
6,117,5.0
6,118,5.0
6,119,5.0
6,120,5.0
6,121,5.0
6,122,5.0
6,123,5.0
6,124,5.0
6,125,5.0
6,126,5.0
6,127,5.0
6,128,5.0
6,129,6.443697499232713
6,130,5.0
6,131,5.0
6,132,5.0
6,133,5.0
6,134,5.0
6,135,5.0
6,136,5.0
6,137,5.0
6,138,5.0
6,139,5.0
6,140,5.0
6,141,5.0
6,142,5.0
6,143,6.42021640338319
6,144,6.958607314841775
6,145,6.6777807052660805
6,146,6.6777807052660805
6,147,5.0
6,148,5.7447274948966935
6,149,8.236572006437063
6,150,7.376750709602099
6,151,6.481486060122113
6,152,6.568636235841013
6,153,7.508638306165727
6,154,6.698970004336019
6,155,5.619788758288394
6,156,6.769551078621726
6,157,5.0
6,158,5.0
6,159,5.568636235841013
6,160,5.0
6,161,5.0
6,162,5.638272163982407
6,163,5.0
6,164,5.0
6,165,5.0
6,166,5.0
6,167,5.0
6,168,5.0
6,169,5.0
6,170,5.0
6,171,6.481486060122113
6,172,5.823908740944319
6,173,5.0
6,174,5.0
6,175,5.0
6,176,5.0
6,177,5.0
6,178,5.0
6,179,5.0
6,180,5.508638306165727
6,181,5.0
6,182,5.0
6,183,5.920818753952375
6,184,5.0
6,185,5.0
6,186,5.481486060122113
6,187,5.508638306165727
6,188,5.4089353929735005
6,189,5.0
6,190,5.958607314841775
6,191,8.494850021680094
6,192,5.7447274948966935
6,193,5.376750709602099
6,194,5.886056647693163
6,195,8.769551078621726
6,196,9.309803919971486
6,197,8.853871964321762
6,198,8.455931955649724
6,199,5.0
6,200,5.0
6,201,5.568636235841013
6,202,5.0
6,203,5.0
6,204,5.0
6,205,5.920818753952375
6,206,6.036212172654444
6,207,6.00436480540245
6,208,5.0
6,209,5.0
6,210,5.0
6,211,5.0
6,212,5.0
6,213,5.0
6,214,5.0
6,215,5.552841968657781
6,216,5.251811972993799
6,217,5.886056647693163
6,218,5.920818753952375
6,219,6.455931955649724
6,220,6.259637310505756
6,221,5.0
6,222,5.0
6,223,5.0
6,224,5.0
6,225,5.0
6,226,5.0
6,227,5.0
6,228,5.568636235841013
6,229,5.585026652029182
6,230,5.0
6,231,5.0
6,232,6.853871964321762
6,233,5.0
6,234,5.0
6,235,5.494850021680094
6,236,6.086186147616283
6,237,5.958607314841775
6,238,6.00436480540245
6,239,6.251811972993799
6,240,5.0
6,241,5.0
6,242,5.0
6,243,5.769551078621726
6,244,5.522878745280337
6,245,5.0
6,246,5.0
6,247,5.0
6,248,5.318758762624412
6,249,5.853871964321762
6,250,5.0
6,251,5.657577319177793
6,252,5.0
6,253,5.0
6,254,5.0
6,255,5.0
6,256,5.0
6,257,5.886056647693163
6,258,5.0
6,259,5.721246399047171
6,260,5.0
6,261,5.0
6,262,5.0
6,263,5.0
6,264,5.0
6,265,5.0
6,266,5.0
6,267,5.0
6,268,5.0
6,269,5.0
6,270,5.0
6,271,5.0
6,272,5.0
6,273,5.0
6,274,5.0
6,275,5.0
6,276,5.0
6,277,5.0
6,278,5.0
6,279,5.0
6,280,5.0
6,281,5.0
6,282,5.346787486224656
6,283,5.0
6,284,5.0
6,285,5.275724130399211
6,286,5.0
6,287,5.0
6,288,9.292429823902063
6,289,9.244125144327509
6,290,5.0
6,291,5.0
6,292,5.0
6,293,5.0
6,294,5.0
6,295,5.0
6,296,5.0
6,297,5.0
6,298,5.0
6,299,5.0
6,300,5.0
6,301,5.0
6,302,5.0
6,303,5.0
6,304,5.0
6,305,5.0
6,306,5.0
6,307,5.0
6,308,5.0
6,309,5.0
6,310,5.0
6,311,5.0
6,312,5.0
6,313,5.0
6,314,5.0
6,315,5.0
6,316,5.0
6,317,5.0
6,318,5.0
6,319,5.0
6,320,5.0
6,321,5.0
6,322,5.0
6,323,5.0
6,324,5.568636235841013
6,325,5.0
6,326,5.0
6,327,5.0
6,328,5.0
6,329,7.795880017344075
6,330,5.0
6,331,5.0
6,332,5.0
6,333,5.0
6,334,5.0
6,335,5.0
6,336,5.0
6,337,5.0
6,338,5.0
6,339,5.0
6,340,5.130768280269024
6,341,5.0
6,342,5.0
6,343,5.0
6,344,5.0
6,345,5.0
6,346,6.920818753952375
6,347,7.0
6,348,5.886056647693163
6,349,5.795880017344075
6,350,5.920818753952375
6,351,5.0
6,352,6.0
6,353,5.6020599913279625
6,354,5.00436480540245
6,355,5.853871964321762
6,356,5.0
6,357,5.0
6,358,5.0
6,359,5.494850021680094
6,360,5.0
6,361,5.0
6,362,5.0
6,363,5.0
6,364,5.0
6,365,5.0
6,366,5.0
6,367,5.0
6,368,5.0
6,369,5.0
6,370,5.0
6,371,5.0
6,372,5.0
6,373,5.0
6,374,5.0
6,375,5.6777807052660805
6,376,5.0
6,377,6.0
6,378,5.886056647693163
6,379,5.0
6,380,5.0
6,381,5.0
6,382,5.7447274948966935
6,383,5.0
6,384,5.638272163982407
6,385,6.431798275933005
6,386,5.0
6,387,5.0
6,388,5.0
6,389,5.0
6,390,5.0
6,391,5.0
6,392,5.0
6,393,5.0
6,394,5.0
6,395,5.0
6,396,5.0
6,397,5.366531544420414
6,398,5.0
6,399,5.0
6,400,7.013228265733755
6,401,6.508638306165727
6,402,5.0
6,403,5.0
6,404,6.7447274948966935
6,405,6.795880017344075
6,406,5.221848749616356
6,407,5.0
6,408,5.7447274948966935
6,409,5.0
6,410,5.0
6,411,5.0
6,412,5.0
6,413,5.4089353929735005
6,414,5.619788758288394
6,415,5.443697499232713
6,416,5.0
6,417,5.0
6,418,5.0
6,419,5.00436480540245
6,420,6.173925197299173
6,421,8.229147988357855
6,422,5.0
6,423,5.0
6,424,5.0
6,425,5.0
6,426,5.0
6,427,5.0
6,428,5.568636235841013
6,429,5.0
6,430,6.568636235841013
6,431,5.585026652029182
6,432,5.0
7,0,5.552841968657781
7,1,5.229147988357856
7,2,5.0
7,3,5.619788758288394
7,4,5.585026652029182
7,5,5.0
7,6,5.0
7,7,5.0
7,8,5.0
7,9,5.455931955649724
7,10,5.0
7,11,5.0
7,12,5.0
7,13,5.0
7,14,5.0
7,15,5.0
7,16,5.0
7,17,5.0
7,18,5.0
7,19,5.0
7,20,5.0
7,21,6.795880017344075
7,22,5.0
7,23,5.0
7,24,5.0
7,25,5.0
7,26,5.0
7,27,5.0
7,28,5.0
7,29,5.0
7,30,5.0
7,31,5.0
7,32,5.0
7,33,5.0
7,34,5.0
7,35,5.0
7,36,5.0
7,37,5.0
7,38,5.0
7,39,5.0
7,40,5.0
7,41,5.0
7,42,5.0
7,43,5.0
7,44,5.0
7,45,5.267606240177032
7,46,5.0
7,47,5.886056647693163
7,48,5.376750709602099
7,49,5.619788758288394
7,50,5.920818753952375
7,51,5.0
7,52,7.657577319177793
7,53,7.638272163982407
7,54,5.0
7,55,5.0
7,56,5.0
7,57,5.0
7,58,5.0
7,59,5.0
7,60,5.0
7,61,5.0
7,62,5.455931955649724
7,63,5.0
7,64,5.0
7,65,5.0
7,66,5.0
7,67,5.0
7,68,5.0
7,69,5.0
7,70,5.113509274827518
7,71,5.2839966563652006
7,72,6.026872146400302
7,73,6.337242168318426
7,74,6.200659450546418
7,75,5.0
7,76,5.0
7,77,5.0
7,78,5.508638306165727
7,79,5.0
7,80,5.823908740944319
7,81,6.42021640338319
7,82,5.346787486224656
7,83,5.2441251443275085
7,84,5.619788758288394
7,85,5.0
7,86,5.0
7,87,5.0
7,88,6.267606240177032
7,89,6.031517051446065
7,90,6.886056647693163
7,91,5.229147988357856
7,92,5.0
7,93,5.0
7,94,5.0
7,95,5.0
7,96,5.0
7,97,5.537602002101044
7,98,5.0
7,99,5.0
7,100,5.0
7,101,5.0
7,102,5.0
7,103,5.0
7,104,5.657577319177793
7,105,5.721246399047171
7,106,6.200659450546418
7,107,5.886056647693163
7,108,5.958607314841775
7,109,5.200659450546418
7,110,5.318758762624412
7,111,5.886056647693163
7,112,6.619788758288394
7,113,5.568636235841013
7,114,5.275724130399211
7,115,6.443697499232713
7,116,5.0
7,117,5.0
7,118,5.0
7,119,5.0
7,120,5.0
7,121,5.0
7,122,5.0
7,123,5.0
7,124,5.0
7,125,5.0
7,126,5.0
7,127,5.0
7,128,5.0
7,129,5.0
7,130,5.0
7,131,5.0
7,132,5.0
7,133,5.0
7,134,5.0
7,135,5.0
7,136,5.0
7,137,5.494850021680094
7,138,5.0
7,139,5.0
7,140,6.823908740944319
7,141,5.0
7,142,5.721246399047171
7,143,5.0
7,144,5.0
7,145,5.0
7,146,5.0
7,147,5.0
7,148,5.0
7,149,5.0
7,150,5.0
7,151,5.0
7,152,5.522878745280337
7,153,5.0
7,154,5.0
7,155,5.0
7,156,5.0
7,157,5.0
7,158,5.0
7,159,6.7447274948966935
7,160,5.0
7,161,5.0
7,162,5.0
7,163,6.070581074285707
7,164,5.0
7,165,5.0
7,166,5.0
7,167,5.3872161432802645
7,168,5.537602002101044
7,169,5.443697499232713
7,170,5.698970004336019
7,171,5.0
7,172,5.013228265733755
7,173,5.0
7,174,5.0
7,175,5.0
7,176,5.0
7,177,5.0
7,178,5.0
7,179,5.0
7,180,5.721246399047171
7,181,5.0
7,182,5.6777807052660805
7,183,5.0
7,184,5.0
7,185,5.0
7,186,5.0
7,187,5.0
7,188,5.0
7,189,5.0
7,190,5.958607314841775
7,191,5.0
7,192,5.0
7,193,5.0
7,194,5.0
7,195,5.0
7,196,5.0
7,197,5.0
7,198,5.0
7,199,5.0
7,200,5.0
7,201,5.0
7,202,5.0
7,203,5.0
7,204,5.0
7,205,5.309803919971486
7,206,5.0
7,207,5.0
7,208,5.920818753952375
7,209,5.0
7,210,5.0
7,211,5.0
7,212,5.0
7,213,5.0
7,214,5.0
7,215,5.0
7,216,5.0
7,217,5.0
7,218,5.0
7,219,5.0
7,220,5.0
7,221,5.0
7,222,5.0
7,223,5.0
7,224,5.0
7,225,5.0
7,226,5.0
7,227,5.0
7,228,5.0
7,229,5.0
7,230,5.0
7,231,5.0
7,232,5.0
7,233,5.0
7,234,5.0
7,235,5.508638306165727
7,236,5.619788758288394
7,237,5.0
7,238,5.0
7,239,5.795880017344075
7,240,5.0
7,241,5.0
7,242,5.0
7,243,5.0
7,244,5.0
7,245,5.0
7,246,5.0
7,247,5.0
7,248,5.0
7,249,5.0
7,250,5.0
7,251,5.0
7,252,5.0
7,253,5.0
7,254,5.0
7,255,5.0
7,256,7.013228265733755
7,257,5.0
7,258,5.0
7,259,5.200659450546418
7,260,5.455931955649724
7,261,5.0
7,262,5.0
7,263,5.0
7,264,5.0
7,265,5.698970004336019
7,266,6.142667503568732
7,267,5.0
7,268,5.0
7,269,5.0
7,270,5.214670164989233
7,271,5.0
7,272,6.113509274827518
7,273,5.0
7,274,5.0
7,275,5.0
7,276,5.0
7,277,5.0
7,278,5.0
7,279,5.0
7,280,5.0
7,281,5.0
7,282,5.0
7,283,5.0
7,284,5.0
7,285,5.0
7,286,5.0
7,287,5.0
7,288,5.0
7,289,5.0
7,290,5.0
7,291,5.0
7,292,5.0
7,293,5.0
7,294,5.0
7,295,5.0
7,296,5.795880017344075
7,297,5.0
7,298,5.0
7,299,5.0
7,300,5.0
7,301,5.0
7,302,5.0
7,303,5.0
7,304,5.0
7,305,5.0
7,306,5.0
7,307,5.0
7,308,5.0
7,309,5.0
7,310,5.119186407719209
7,311,5.0
7,312,5.0
7,313,5.0
7,314,5.0
7,315,5.0
7,316,5.0
7,317,5.0
7,318,5.0
7,319,6.958607314841775
7,320,5.0
7,321,5.0
7,322,5.0
7,323,5.0
7,324,5.0
7,325,5.0
7,326,9.721246399047171
7,327,9.09151498112135
7,328,8.397940008672037
7,329,5.0
7,330,5.0
7,331,5.0
7,332,5.0
7,333,5.0
7,334,5.0
7,335,6.494850021680094
7,336,6.292429823902063
7,337,6.455931955649724
7,338,5.0
7,339,5.0
7,340,6.337242168318426
7,341,5.0
7,342,5.0
7,343,6.508638306165727
7,344,5.0
7,345,5.0
7,346,5.0
7,347,5.0
7,348,5.0
7,349,5.0
7,350,5.657577319177793
7,351,5.0
7,352,5.356547323513812
7,353,5.0
7,354,5.0
7,355,5.0
7,356,5.0
7,357,5.0
7,358,5.0
7,359,5.0
7,360,5.0
7,361,7.920818753952375
7,362,5.0
7,363,6.568636235841013
7,364,5.267606240177032
7,365,5.0
7,366,5.0
7,367,5.0
7,368,6.154901959985743
7,369,5.0
7,370,5.886056647693163
7,371,5.0
7,372,5.0
7,373,5.0
7,374,5.0
7,375,5.0
7,376,5.0
7,377,5.3872161432802645
7,378,5.0
7,379,5.0
7,380,5.0
7,381,5.0
7,382,5.0
7,383,5.0
7,384,5.0
7,385,5.958607314841775
7,386,5.958607314841775
7,387,5.0
7,388,5.0
7,389,5.0
7,390,5.327902142064283
7,391,5.0
7,392,5.0
7,393,5.0
7,394,5.769551078621726
7,395,5.0
7,396,5.0
7,397,5.0
7,398,5.0
7,399,5.0
7,400,5.0
7,401,5.0
7,402,5.0
7,403,5.0
7,404,5.0
7,405,5.0
7,406,5.0
7,407,5.0
7,408,5.0
7,409,5.0
7,410,5.0
7,411,5.0
7,412,5.0
7,413,5.6020599913279625
7,414,5.0
7,415,5.0
7,416,5.0
7,417,5.0
7,418,5.0
7,419,5.0
7,420,5.0
7,421,5.0
7,422,5.0
7,423,5.0
7,424,5.0
7,425,5.0
7,426,5.0
7,427,5.0
7,428,5.0
7,429,5.0
7,430,6.318758762624412
7,431,5.0
7,432,5.0
8,0,5.0
8,1,5.0
8,2,5.0
8,3,5.0
8,4,5.0
8,5,5.0
8,6,5.0
8,7,5.0
8,8,5.0
8,9,5.0
8,10,5.0
8,11,5.0
8,12,5.0
8,13,5.0
8,14,5.0
8,15,5.0
8,16,5.0
8,17,5.0
8,18,5.0
8,19,5.0
8,20,5.0
8,21,5.0
8,22,5.0
8,23,5.0
8,24,5.0
8,25,5.0
8,26,5.0
8,27,5.0
8,28,5.0
8,29,5.0
8,30,5.0
8,31,5.0
8,32,5.0
8,33,5.0
8,34,5.0
8,35,5.0
8,36,5.0
8,37,5.0
8,38,5.0
8,39,5.0
8,40,5.0
8,41,5.0
8,42,5.0
8,43,5.0
8,44,5.0
8,45,5.0
8,46,5.0
8,47,5.0
8,48,5.0
8,49,5.0
8,50,5.0
8,51,5.0
8,52,5.0
8,53,5.0
8,54,5.0
8,55,6.376750709602099
8,56,6.4089353929735005
8,57,6.096910013008056
8,58,5.0
8,59,5.0
8,60,5.0
8,61,5.0
8,62,6.167491087293763
8,63,5.0
8,64,5.721246399047171
8,65,5.0
8,66,5.0
8,67,5.0
8,68,5.0
8,69,5.0
8,70,5.0
8,71,5.0
8,72,5.0
8,73,5.0
8,74,5.0
8,75,5.0
8,76,5.0
8,77,5.0
8,78,5.0
8,79,5.0
8,80,5.0
8,81,5.0
8,82,5.0
8,83,5.0
8,84,5.0
8,85,5.0
8,86,5.0
8,87,5.0
8,88,5.0
8,89,5.0
8,90,5.0
8,91,5.0
8,92,5.0
8,93,5.769551078621726
8,94,5.0
8,95,5.0
8,96,5.0
8,97,5.0
8,98,5.0
8,99,5.0
8,100,5.0
8,101,5.0
8,102,5.0
8,103,5.6777807052660805
8,104,5.0
8,105,5.0
8,106,5.0
8,107,5.0
8,108,5.0
8,109,5.0
8,110,5.0
8,111,5.0
8,112,5.0
8,113,5.0
8,114,5.0
8,115,5.0
8,116,5.0
8,117,5.0
8,118,5.0
8,119,5.0
8,120,5.0
8,121,5.0
8,122,5.0
8,123,5.0
8,124,5.0
8,125,5.0
8,126,5.0
8,127,5.0
8,128,5.0
8,129,5.0
8,130,5.0
8,131,5.0
8,132,5.0
8,133,5.0
8,134,5.0
8,135,5.366531544420414
8,136,5.0
8,137,6.2076083105017466
8,138,5.346787486224656
8,139,6.0
8,140,5.0
8,141,5.0
8,142,5.0
8,143,5.0
8,144,5.0
8,145,5.0
8,146,5.0
8,147,5.0
8,148,5.0
8,149,5.0
8,150,5.0
8,151,5.0
8,152,5.0
8,153,5.0
8,154,5.0
8,155,5.0
8,156,5.0
8,157,5.0
8,158,5.0
8,159,5.0
8,160,5.0
8,161,5.0
8,162,5.0
8,163,5.0
8,164,5.0
8,165,5.0
8,166,5.0
8,167,5.0
8,168,5.0
8,169,5.0
8,170,5.091514981121351
8,171,5.0
8,172,5.0
8,173,5.0
8,174,5.0
8,175,5.769551078621726
8,176,6.886056647693163
8,177,5.0
8,178,5.0
8,179,5.0
8,180,5.0
8,181,5.0
8,182,5.0
8,183,5.0
8,184,5.0
8,185,5.0
8,186,5.0
8,187,5.0
8,188,5.0
8,189,5.0
8,190,5.0
8,191,5.0
8,192,5.0
8,193,5.0
8,194,5.0
8,195,5.4089353929735005
8,196,5.2441251443275085
8,197,5.0
8,198,5.0
8,199,5.0
8,200,5.0
8,201,5.0
8,202,5.0
8,203,5.0
8,204,5.0
8,205,5.0
8,206,5.0
8,207,5.0
8,208,5.0
8,209,5.0
8,210,5.0
8,211,5.0
8,212,5.0
8,213,5.0
8,214,5.0
8,215,5.0
8,216,5.0
8,217,5.0
8,218,5.0
8,219,5.0
8,220,5.0
8,221,5.0
8,222,5.0
8,223,5.0
8,224,5.0
8,225,5.0
8,226,5.0
8,227,5.0
8,228,5.0
8,229,5.0
8,230,5.0
8,231,5.0
8,232,5.0
8,233,5.0
8,234,5.0
8,235,5.0
8,236,5.0
8,237,5.0
8,238,5.0
8,239,5.0
8,240,5.0
8,241,5.0
8,242,5.0
8,243,5.0
8,244,5.0
8,245,5.0
8,246,5.0
8,247,5.0
8,248,5.0
8,249,5.0
8,250,5.0
8,251,5.0
8,252,5.0
8,253,5.0
8,254,5.0
8,255,5.0
8,256,5.0
8,257,5.0
8,258,6.154901959985743
8,259,5.0
8,260,5.0
8,261,5.0
8,262,5.0
8,263,5.0
8,264,5.0
8,265,5.0
8,266,5.0
8,267,5.0
8,268,5.0
8,269,5.0
8,270,5.0
8,271,5.0
8,272,5.0
8,273,5.0
8,274,5.0
8,275,5.0
8,276,5.0
8,277,5.0
8,278,5.0
8,279,5.0
8,280,5.0
8,281,5.0
8,282,5.0
8,283,5.0
8,284,5.0
8,285,6.050609993355088
8,286,5.0
8,287,5.0
8,288,5.0
8,289,5.0
8,290,5.0
8,291,5.0
8,292,5.0
8,293,5.0
8,294,5.0
8,295,5.0
8,296,5.0
8,297,5.0
8,298,5.0
8,299,5.0
8,300,5.0
8,301,5.0
8,302,5.0
8,303,5.0
8,304,5.0
8,305,5.0
8,306,5.0
8,307,5.0
8,308,5.0
8,309,5.0
8,310,5.0
8,311,5.0
8,312,5.0
8,313,5.0
8,314,5.0
8,315,5.0
8,316,5.0
8,317,5.0
8,318,5.0
8,319,5.0
8,320,5.0
8,321,5.0
8,322,5.0
8,323,5.0
8,324,5.0
8,325,5.619788758288394
8,326,5.0
8,327,5.0
8,328,5.0
8,329,5.0
8,330,5.0
8,331,5.0
8,332,5.0
8,333,5.0
8,334,5.0
8,335,5.337242168318426
8,336,5.0
8,337,5.0
8,338,5.0
8,339,5.0
8,340,5.0
8,341,5.0
8,342,5.0
8,343,5.0
8,344,5.0
8,345,5.0
8,346,5.0
8,347,5.0
8,348,5.0
8,349,5.0
8,350,5.0
8,351,5.0
8,352,5.0
8,353,5.0
8,354,5.0
8,355,5.0
8,356,5.0
8,357,5.0
8,358,5.0
8,359,5.0
8,360,5.0
8,361,5.638272163982407
8,362,5.0
8,363,5.0
8,364,5.0
8,365,5.481486060122113
8,366,5.0
8,367,5.0
8,368,5.0
8,369,5.0
8,370,5.173925197299173
8,371,5.0
8,372,5.0
8,373,5.0
8,374,5.0
8,375,5.0
8,376,5.0
8,377,5.0
8,378,5.0
8,379,5.0
8,380,5.0
8,381,5.0
8,382,5.0
8,383,5.0
8,384,5.0
8,385,5.0
8,386,5.0
8,387,5.0
8,388,5.187086643357144
8,389,5.0
8,390,5.0
8,391,5.0
8,392,5.0
8,393,5.0
8,394,5.0
8,395,5.0
8,396,5.0
8,397,5.0
8,398,5.0
8,399,5.0
8,400,5.0
8,401,5.0
8,402,5.0
8,403,5.0
8,404,5.0
8,405,5.0
8,406,5.0
8,407,5.0
8,408,5.0
8,409,5.0
8,410,5.0
8,411,5.0
8,412,5.0
8,413,5.0
8,414,5.0
8,415,5.0
8,416,5.698970004336019
8,417,5.0
8,418,5.0
8,419,5.0
8,420,5.0
8,421,5.0
8,422,5.0
8,423,5.0
8,424,5.0
8,425,5.0
8,426,5.0
8,427,5.0
8,428,5.0
8,429,5.0
8,430,6.585026652029182
8,431,5.0
8,432,5.0
9,0,5.522878745280337
9,1,5.017728766960431
9,2,5.337242168318426
9,3,5.638272163982407
9,4,5.0
9,5,5.657577319177793
9,6,5.167491087293763
9,7,5.318758762624412
9,8,5.42021640338319
9,9,5.259637310505756
9,10,5.0
9,11,5.0
9,12,5.0
9,13,5.0
9,14,5.0
9,15,5.0
9,16,5.0
9,17,5.0
9,18,5.0
9,19,5.0
9,20,5.0
9,21,5.0
9,22,5.0
9,23,5.0
9,24,5.823908740944319
9,25,5.0
9,26,5.0
9,27,5.0
9,28,6.3979400086720375
9,29,8.337242168318426
9,30,8.356547323513812
9,31,6.4089353929735005
9,32,5.0
9,33,5.823908740944319
9,34,5.0
9,35,5.0
9,36,5.0
9,37,5.0
9,38,5.0
9,39,5.0
9,40,5.0
9,41,5.0
9,42,5.0
9,43,5.920818753952375
9,44,5.0
9,45,5.0
9,46,5.0
9,47,5.0
9,48,5.0
9,49,5.0
9,50,5.0
9,51,5.0
9,52,5.0
9,53,5.0
9,54,5.0
9,55,5.920818753952375
9,56,6.0
9,57,5.958607314841775
9,58,5.0
9,59,5.0
9,60,5.0
9,61,5.0
9,62,5.2076083105017466
9,63,5.0
9,64,5.0
9,65,5.0
9,66,5.920818753952375
9,67,5.0
9,68,5.0
9,69,5.0
9,70,5.853871964321762
9,71,5.2441251443275085
9,72,5.0
9,73,5.0
9,74,5.0
9,75,5.0
9,76,5.853871964321762
9,77,5.42021640338319
9,78,5.0
9,79,5.0
9,80,5.0
9,81,5.0
9,82,5.0
9,83,5.0
9,84,5.0
9,85,5.0
9,86,5.0
9,87,5.0
9,88,5.0
9,89,5.0
9,90,5.0
9,91,5.0
9,92,5.0
9,93,5.0
9,94,5.7447274948966935
9,95,5.180456064458132
9,96,5.0
9,97,5.0
9,98,5.0
9,99,5.0
9,100,5.0
9,101,5.0
9,102,5.0
9,103,5.0
9,104,6.346787486224656
9,105,5.0
9,106,6.920818753952375
9,107,6.769551078621726
9,108,5.537602002101044
9,109,5.055517327849831
9,110,5.455931955649724
9,111,6.008773924307505
9,112,5.0
9,113,6.292429823902063
9,114,5.2839966563652006
9,115,5.823908740944319
9,116,5.823908740944319
9,117,5.0
9,118,5.0
9,119,5.0
9,120,5.0
9,121,5.0
9,122,5.0
9,123,5.0
9,124,5.0
9,125,5.0
9,126,5.0
9,127,5.0
9,128,5.0
9,129,7.301029995663981
9,130,5.366531544420414
9,131,5.0
9,132,6.327902142064283
9,133,5.0
9,134,5.0
9,135,5.0
9,136,5.0
9,137,5.0
9,138,5.0
9,139,5.0
9,140,5.0
9,141,5.0
9,142,5.0
9,143,5.0
9,144,5.0
9,145,5.0
9,146,5.0
9,147,5.0
9,148,5.0
9,149,6.958607314841775
9,150,8.086186147616283
9,151,6.6777807052660805
9,152,6.173925197299173
9,153,8.4089353929735
9,154,7.366531544420414
9,155,6.886056647693163
9,156,5.537602002101044
9,157,5.0
9,158,5.0
9,159,5.0
9,160,5.0
9,161,5.0
9,162,5.0
9,163,5.0
9,164,5.0
9,165,5.0
9,166,5.4089353929735005
9,167,5.0
9,168,5.431798275933005
9,169,5.6020599913279625
9,170,7.013228265733755
9,171,5.0
9,172,5.0
9,173,5.0
9,174,5.0
9,175,5.0
9,176,5.0
9,177,5.0
9,178,5.0
9,179,5.0
9,180,5.0
9,181,5.102372908709558
9,182,5.0
9,183,5.0
9,184,5.0
9,185,5.0
9,186,5.0
9,187,5.0
9,188,5.0
9,189,5.0
9,190,5.0
9,191,7.769551078621726
9,192,6.221848749616356
9,193,5.537602002101044
9,194,5.337242168318426
9,195,7.468521082957745
9,196,7.823908740944319
9,197,8.102372908709558
9,198,6.318758762624412
9,199,5.0
9,200,5.0
9,201,6.42021640338319
9,202,5.0
9,203,5.0
9,204,5.0
9,205,5.552841968657781
9,206,5.0
9,207,5.0
9,208,5.494850021680094
9,209,5.795880017344075
9,210,5.0
9,211,5.0
9,212,5.0
9,213,5.0
9,214,5.0
9,215,5.0
9,216,5.0
9,217,5.0
9,218,5.0
9,219,5.0
9,220,6.795880017344075
9,221,5.0
9,222,5.0
9,223,5.0
9,224,5.0
9,225,5.0
9,226,5.0
9,227,5.0
9,228,5.721246399047171
9,229,5.376750709602099
9,230,5.0
9,231,5.0
9,232,8.55284196865778
9,233,5.0
9,234,5.0
9,235,5.0
9,236,5.0
9,237,5.0
9,238,5.2441251443275085
9,239,5.0
9,240,5.0
9,241,5.0
9,242,5.920818753952375
9,243,5.0
9,244,5.0
9,245,5.0
9,246,5.0
9,247,5.0
9,248,5.0
9,249,5.0
9,250,5.0
9,251,5.0
9,252,5.0
9,253,5.0
9,254,5.0
9,255,5.823908740944319
9,256,5.0
9,257,5.0
9,258,5.0
9,259,5.0
9,260,5.0
9,261,5.0
9,262,5.0
9,263,5.0
9,264,5.0
9,265,5.0
9,266,5.0
9,267,5.0
9,268,5.0
9,269,5.0
9,270,5.0
9,271,5.0
9,272,5.0
9,273,5.0
9,274,5.0
9,275,5.0
9,276,5.0
9,277,5.0
9,278,5.0
9,279,5.0
9,280,5.0
9,281,5.0
9,282,5.0
9,283,5.0
9,284,5.0
9,285,5.200659450546418
9,286,5.0
9,287,5.0
9,288,7.42021640338319
9,289,7.387216143280264
9,290,5.0
9,291,5.0
9,292,5.0
9,293,5.0
9,294,5.0
9,295,5.0
9,296,5.0
9,297,5.0
9,298,5.0
9,299,5.0
9,300,5.0
9,301,5.0
9,302,5.0
9,303,5.0
9,304,5.0
9,305,5.0
9,306,5.0
9,307,5.0
9,308,5.0
9,309,5.0
9,310,5.0
9,311,5.0
9,312,5.0
9,313,5.0
9,314,5.0
9,315,5.0
9,316,5.0
9,317,5.0
9,318,5.0
9,319,5.0
9,320,5.0
9,321,5.0
9,322,5.0
9,323,5.0
9,324,5.0
9,325,5.0
9,326,5.0
9,327,5.0
9,328,5.0
9,329,5.327902142064283
9,330,5.0
9,331,5.0
9,332,5.0
9,333,5.0
9,334,5.0
9,335,5.0
9,336,5.0
9,337,5.0
9,338,5.0
9,339,5.0
9,340,5.0
9,341,5.0
9,342,5.0
9,343,5.0
9,344,5.0
9,345,5.0
9,346,7.096910013008056
9,347,6.920818753952375
9,348,6.853871964321762
9,349,6.619788758288394
9,350,5.0
9,351,5.0
9,352,5.0
9,353,5.0
9,354,5.7447274948966935
9,355,5.0
9,356,5.522878745280337
9,357,5.0
9,358,5.0
9,359,5.0
9,360,5.0
9,361,5.0
9,362,5.0
9,363,5.0
9,364,5.0
9,365,5.0
9,366,5.0
9,367,5.0
9,368,5.0
9,369,5.0
9,370,5.0
9,371,5.552841968657781
9,372,5.0
9,373,5.0
9,374,5.0
9,375,5.0
9,376,5.0
9,377,5.0
9,378,5.0
9,379,5.0
9,380,5.0
9,381,5.102372908709558
9,382,5.0
9,383,5.0
9,384,5.0
9,385,5.0
9,386,5.0
9,387,5.0
9,388,5.337242168318426
9,389,5.0
9,390,5.0
9,391,6.187086643357144
9,392,5.0
9,393,5.0
9,394,5.0
9,395,5.0
9,396,5.0
9,397,5.0
9,398,5.0
9,399,5.0
9,400,6.455931955649724
9,401,5.721246399047171
9,402,5.0
9,403,5.0
9,404,5.070581074285707
9,405,5.0
9,406,5.0
9,407,5.0
9,408,5.0
9,409,5.0
9,410,5.0
9,411,5.0
9,412,5.0
9,413,5.070581074285707
9,414,5.0
9,415,5.0
9,416,5.0
9,417,5.0
9,418,5.0
9,419,5.0
9,420,5.0
9,421,6.301029995663981
9,422,5.0
9,423,5.0
9,424,5.0
9,425,5.0
9,426,5.0
9,427,5.0
9,428,5.42021640338319
9,429,5.0
9,430,5.619788758288394
9,431,5.769551078621726
9,432,5.0
10,0,5.638272163982407
10,1,10.327902142064282
10,2,9.744727494896694
10,3,10.537602002101044
10,4,10.244125144327509
10,5,10.431798275933003
10,6,10.4089353929735
10,7,8.443697499232712
10,8,10.443697499232712
10,9,10.244125144327509
10,10,8.823908740944319
10,11,5.0
10,12,5.0
10,13,5.0
10,14,5.0
10,15,5.0
10,16,5.0
10,17,5.0
10,18,5.0
10,19,5.0
10,20,5.0
10,21,6.161150909262744
10,22,5.4089353929735005
10,23,5.0
10,24,5.6777807052660805
10,25,5.229147988357856
10,26,5.0
10,27,5.0
10,28,5.0
10,29,5.0
10,30,5.0
10,31,7.2839966563652
10,32,6.455931955649724
10,33,8.481486060122112
10,34,5.0
10,35,5.0
10,36,6.236572006437063
10,37,6.698970004336019
10,38,5.0
10,39,5.0
10,40,5.0
10,41,5.0
10,42,5.0
10,43,8.318758762624412
10,44,5.0
10,45,6.259637310505756
10,46,5.0
10,47,5.346787486224656
10,48,5.0
10,49,5.0
10,50,5.443697499232713
10,51,5.0
10,52,5.0
10,53,6.107905397309519
10,54,6.080921907623926
10,55,5.0
10,56,5.0
10,57,5.0
10,58,5.0
10,59,5.0
10,60,5.0
10,61,5.0
10,62,5.920818753952375
10,63,5.0
10,64,5.0
10,65,5.0
10,66,5.0
10,67,5.0
10,68,5.0
10,69,5.522878745280337
10,70,6.920818753952375
10,71,5.619788758288394
10,72,6.221848749616356
10,73,5.769551078621726
10,74,6.522878745280337
10,75,5.494850021680094
10,76,6.42021640338319
10,77,7.494850021680094
10,78,6.552841968657781
10,79,5.585026652029182
10,80,6.619788758288394
10,81,6.958607314841775
10,82,5.0
10,83,5.0
10,84,5.0
10,85,5.0
10,86,5.0
10,87,5.236572006437063
10,88,5.0
10,89,5.0
10,90,5.0
10,91,5.0
10,92,5.0
10,93,5.267606240177032
10,94,6.920818753952375
10,95,6.853871964321762
10,96,6.173925197299173
10,97,7.040958607678906
10,98,5.0
10,99,5.0
10,100,5.0
10,101,5.0
10,102,5.0
10,103,5.0
10,104,7.455931955649724
10,105,7.744727494896693
10,106,7.008773924307505
10,107,7.585026652029182
10,108,7.5376020021010435
10,109,7.42021640338319
10,110,7.522878745280337
10,111,7.638272163982407
10,112,6.4089353929735005
10,113,7.1487416512809245
10,114,6.958607314841775
10,115,6.468521082957745
10,116,6.200659450546418
10,117,5.638272163982407
10,118,7.744727494896693
10,119,8.236572006437063
10,120,7.744727494896693
10,121,7.568636235841013
10,122,5.958607314841775
10,123,5.0
10,124,8.045757490560675
10,125,7.481486060122113
10,126,8.075720713938118
10,127,6.6777807052660805
10,128,8.036212172654444
10,129,5.522878745280337
10,130,5.6020599913279625
10,131,9.113509274827518
10,132,7.585026652029182
10,133,5.0
10,134,5.0
10,135,5.0
10,136,5.0
10,137,5.638272163982407
10,138,5.0
10,139,5.0
10,140,6.2441251443275085
10,141,6.443697499232713
10,142,6.481486060122113
10,143,5.0
10,144,5.0
10,145,5.0
10,146,5.0
10,147,5.0
10,148,8.200659450546418
10,149,5.0
10,150,5.657577319177793
10,151,6.0
10,152,5.958607314841775
10,153,5.657577319177793
10,154,5.468521082957745
10,155,5.0
10,156,5.0
10,157,8.853871964321762
10,158,7.958607314841775
10,159,8.886056647693163
10,160,6.568636235841013
10,161,5.0
10,162,5.309803919971486
10,163,5.769551078621726
10,164,5.0
10,165,5.0
10,166,8.468521082957745
10,167,6.2839966563652006
10,168,5.721246399047171
10,169,5.494850021680094
10,170,6.886056647693163
10,171,7.823908740944319
10,172,5.301029995663981
10,173,5.0
10,174,5.0
10,175,5.0
10,176,5.0
10,177,7.275724130399211
10,178,5.0
10,179,5.0
10,180,6.221848749616356
10,181,5.0
10,182,6.443697499232713
10,183,5.769551078621726
10,184,5.0
10,185,5.0
10,186,5.958607314841775
10,187,5.920818753952375
10,188,5.0
10,189,5.0
10,190,5.0
10,191,6.376750709602099
10,192,6.568636235841013
10,193,6.7447274948966935
10,194,7.136677139879544
10,195,6.2839966563652006
10,196,6.366531544420414
10,197,5.0
10,198,6.886056647693163
10,199,5.0
10,200,5.0
10,201,9.229147988357855
10,202,5.0
10,203,5.0
10,204,5.0
10,205,8.154901959985743
10,206,6.301029995663981
10,207,6.080921907623926
10,208,5.522878745280337
10,209,8.3767507096021
10,210,6.318758762624412
10,211,5.0
10,212,5.356547323513812
10,213,5.0
10,214,7.522878745280337
10,215,7.267606240177032
10,216,6.958607314841775
10,217,8.508638306165727
10,218,8.292429823902063
10,219,8.086186147616283
10,220,9.30102999566398
10,221,5.0
10,222,5.0
10,223,5.0
10,224,5.0
10,225,5.0
10,226,5.0
10,227,6.455931955649724
10,228,7.721246399047171
10,229,8.00436480540245
10,230,5.585026652029182
10,231,5.585026652029182
10,232,8.086186147616283
10,233,5.886056647693163
10,234,5.0
10,235,6.958607314841775
10,236,5.657577319177793
10,237,5.167491087293763
10,238,5.508638306165727
10,239,8.494850021680094
10,240,5.275724130399211
10,241,5.0
10,242,5.0
10,243,5.0
10,244,5.568636235841013
10,245,5.0
10,246,5.568636235841013
10,247,5.0
10,248,5.0
10,249,6.721246399047171
10,250,5.200659450546418
10,251,6.431798275933005
10,252,6.42021640338319
10,253,7.431798275933005
10,254,5.0
10,255,5.0
10,256,6.309803919971486
10,257,5.0
10,258,5.0
10,259,5.2076083105017466
10,260,5.638272163982407
10,261,5.0
10,262,5.0
10,263,5.0
10,264,6.187086643357144
10,265,5.795880017344075
10,266,5.0
10,267,5.0
10,268,5.0
10,269,5.0
10,270,5.0
10,271,5.0
10,272,5.823908740944319
10,273,5.657577319177793
10,274,5.0
10,275,5.0
10,276,5.0
10,277,5.0
10,278,5.0
10,279,5.638272163982407
10,280,5.721246399047171
10,281,5.2441251443275085
10,282,5.0
10,283,5.0
10,284,5.0
10,285,5.619788758288394
10,286,5.0
10,287,5.0
10,288,5.292429823902063
10,289,6.698970004336019
10,290,5.0
10,291,5.0
10,292,5.0
10,293,5.795880017344075
10,294,5.853871964321762
10,295,6.468521082957745
10,296,5.886056647693163
10,297,5.0
10,298,5.0
10,299,5.0
10,300,5.0
10,301,5.0
10,302,5.0
10,303,5.0
10,304,5.0
10,305,5.0
10,306,5.0
10,307,5.0
10,308,5.0
10,309,5.0
10,310,5.0
10,311,5.0
10,312,5.0
10,313,5.0
10,314,5.0
10,315,5.0
10,316,5.481486060122113
10,317,5.0
10,318,5.0
10,319,5.0
10,320,5.0
10,321,5.0
10,322,6.455931955649724
10,323,5.537602002101044
10,324,5.494850021680094
10,325,5.259637310505756
10,326,5.7447274948966935
10,327,6.017728766960432
10,328,5.0
10,329,5.0
10,330,5.795880017344075
10,331,5.619788758288394
10,332,5.0
10,333,5.0
10,334,6.040958607678906
10,335,5.0
10,336,5.0
10,337,5.337242168318426
10,338,5.0
10,339,5.0
10,340,5.0
10,341,5.0
10,342,5.0
10,343,6.4089353929735005
10,344,7.1938200260161125
10,345,5.0
10,346,5.318758762624412
10,347,5.42021640338319
10,348,5.0
10,349,5.376750709602099
10,350,5.657577319177793
10,351,5.0
10,352,5.795880017344075
10,353,5.0
10,354,5.431798275933005
10,355,5.0
10,356,6.42021640338319
10,357,6.060480747381382
10,358,6.443697499232713
10,359,5.0
10,360,5.0
10,361,5.0
10,362,5.0
10,363,5.0
10,364,5.0
10,365,5.0
10,366,5.920818753952375
10,367,5.494850021680094
10,368,5.0
10,369,5.568636235841013
10,370,5.0
10,371,6.180456064458132
10,372,5.0
10,373,5.0
10,374,5.0
10,375,7.522878745280337
10,376,7.5376020021010435
10,377,8.327902142064282
10,378,6.657577319177793
10,379,5.0
10,380,9.0
10,381,7.0
10,382,5.0
10,383,5.0
10,384,5.4089353929735005
10,385,5.0
10,386,7.431798275933005
10,387,8.698970004336019
10,388,6.2441251443275085
10,389,5.431798275933005
10,390,6.537602002101044
10,391,7.0
10,392,5.886056647693163
10,393,5.721246399047171
10,394,6.468521082957745
10,395,6.6020599913279625
10,396,5.494850021680094
10,397,5.0
10,398,5.0
10,399,5.0
10,400,5.537602002101044
10,401,5.4089353929735005
10,402,6.2441251443275085
10,403,5.6777807052660805
10,404,7.508638306165727
10,405,5.0
10,406,7.5376020021010435
10,407,6.769551078621726
10,408,5.508638306165727
10,409,5.920818753952375
10,410,5.468521082957745
10,411,5.0
10,412,5.337242168318426
10,413,5.0
10,414,7.142667503568732
10,415,5.187086643357144
10,416,5.346787486224656
10,417,7.214670164989233
10,418,5.920818753952375
10,419,6.346787486224656
10,420,6.337242168318426
10,421,5.0
10,422,6.1487416512809245
10,423,6.292429823902063
10,424,7.026872146400302
10,425,5.7447274948966935
10,426,5.0
10,427,5.0
10,428,8.397940008672037
10,429,6.045757490560675
10,430,7.795880017344075
10,431,7.096910013008056
10,432,5.795880017344075
11,0,5.0
11,1,6.236572006437063
11,2,5.0
11,3,5.638272163982407
11,4,6.1938200260161125
11,5,6.346787486224656
11,6,5.920818753952375
11,7,6.346787486224656
11,8,5.958607314841775
11,9,6.1938200260161125
11,10,5.7447274948966935
11,11,5.0
11,12,5.0
11,13,5.0
11,14,5.0
11,15,5.0
11,16,5.0
11,17,5.0
11,18,5.0
11,19,5.0
11,20,5.0
11,21,5.0
11,22,5.0
11,23,5.0
11,24,5.0
11,25,5.0
11,26,5.0
11,27,5.0
11,28,5.0
11,29,5.0
11,30,5.0
11,31,5.0
11,32,5.0
11,33,5.698970004336019
11,34,5.0
11,35,5.0
11,36,5.0
11,37,5.0
11,38,5.0
11,39,5.0
11,40,5.0
11,41,5.0
11,42,5.0
11,43,5.0
11,44,5.0
11,45,5.0
11,46,5.0
11,47,5.0
11,48,5.0
11,49,5.0
11,50,5.0
11,51,5.0
11,52,5.0
11,53,5.0
11,54,5.0
11,55,5.0
11,56,5.0
11,57,5.0
11,58,5.0
11,59,5.0
11,60,5.0
11,61,5.0
11,62,5.0
11,63,5.0
11,64,5.0
11,65,5.0
11,66,5.0
11,67,5.0
11,68,5.0
11,69,5.0
11,70,5.0
11,71,5.0
11,72,5.0
11,73,5.0
11,74,5.0
11,75,5.0
11,76,5.721246399047171
11,77,5.0
11,78,5.0
11,79,5.0
11,80,5.0
11,81,5.0
11,82,5.0
11,83,5.0
11,84,5.0
11,85,5.0
11,86,5.0
11,87,5.0
11,88,5.0
11,89,5.0
11,90,5.0
11,91,5.0
11,92,5.0
11,93,5.0
11,94,6.795880017344075
11,95,5.0
11,96,5.0
11,97,5.0
11,98,5.0
11,99,5.0
11,100,5.0
11,101,5.0
11,102,5.0
11,103,5.0
11,104,5.0
11,105,5.0
11,106,5.522878745280337
11,107,5.585026652029182
11,108,5.0
11,109,5.0
11,110,5.0
11,111,5.292429823902063
11,112,5.0
11,113,5.275724130399211
11,114,5.0
11,115,5.0
11,116,5.0
11,117,5.0
11,118,5.0
11,119,5.0
11,120,5.0
11,121,5.0
11,122,6.721246399047171
11,123,5.769551078621726
11,124,5.0
11,125,5.0
11,126,5.0
11,127,5.0
11,128,5.0
11,129,5.853871964321762
11,130,5.0
11,131,5.0
11,132,5.0
11,133,5.0
11,134,5.0
11,135,5.0
11,136,5.0
11,137,5.0
11,138,5.0
11,139,5.0
11,140,5.0
11,141,5.0
11,142,5.0
11,143,7.00436480540245
11,144,6.958607314841775
11,145,6.795880017344075
11,146,6.823908740944319
11,147,6.221848749616356
11,148,5.0
11,149,8.0
11,150,5.0
11,151,5.0
11,152,5.0
11,153,5.0
11,154,5.0
11,155,5.0
11,156,7.251811972993799
11,157,5.0
11,158,5.0
11,159,5.0
11,160,5.0
11,161,5.0
11,162,5.0
11,163,5.0
11,164,5.0
11,165,5.0
11,166,5.568636235841013
11,167,5.0
11,168,5.0
11,169,5.0
11,170,5.0
11,171,5.0
11,172,5.0
11,173,5.0
11,174,5.0
11,175,5.0
11,176,5.0
11,177,5.0
11,178,5.0
11,179,5.0
11,180,5.0
11,181,5.0
11,182,5.0
11,183,5.0
11,184,5.0
11,185,5.0
11,186,5.0
11,187,5.0
11,188,5.0
11,189,5.0
11,190,5.0
11,191,7.443697499232713
11,192,5.0
11,193,5.0
11,194,5.3979400086720375
11,195,7.267606240177032
11,196,7.455931955649724
11,197,7.769551078621726
11,198,7.920818753952375
11,199,5.0
11,200,5.0
11,201,5.958607314841775
11,202,5.0
11,203,5.0
11,204,5.0
11,205,6.657577319177793
11,206,5.0
11,207,5.0
11,208,5.0
11,209,5.0
11,210,5.0
11,211,5.0
11,212,5.0
11,213,5.0
11,214,5.0
11,215,5.0
11,216,5.0
11,217,5.0
11,218,5.0
11,219,6.229147988357856
11,220,5.853871964321762
11,221,5.0
11,222,5.0
11,223,5.0
11,224,5.0
11,225,5.0
11,226,5.0
11,227,5.0
11,228,5.0
11,229,5.0
11,230,5.0
11,231,5.0
11,232,5.508638306165727
11,233,5.0
11,234,5.0
11,235,5.0
11,236,5.0
11,237,5.0
11,238,5.0
11,239,6.508638306165727
11,240,5.0
11,241,5.0
11,242,5.0
11,243,5.0
11,244,5.0
11,245,5.0
11,246,5.0
11,247,5.0
11,248,5.0
11,249,5.0
11,250,5.0
11,251,5.0
11,252,5.0
11,253,5.0
11,254,5.0
11,255,5.0
11,256,5.0
11,257,5.0
11,258,5.0
11,259,5.0
11,260,5.0
11,261,5.0
11,262,5.0
11,263,5.0
11,264,5.0
11,265,5.0
11,266,5.0
11,267,5.0
11,268,5.0
11,269,5.0
11,270,5.0
11,271,5.0
11,272,5.0
11,273,5.0
11,274,5.0
11,275,5.0
11,276,5.0
11,277,5.0
11,278,5.0
11,279,5.0
11,280,5.0
11,281,5.0
11,282,5.0
11,283,5.0
11,284,5.0
11,285,5.0
11,286,5.0
11,287,5.0
11,288,7.958607314841775
11,289,7.301029995663981
11,290,5.0
11,291,5.0
11,292,5.0
11,293,5.0
11,294,5.0
11,295,5.0
11,296,5.0
11,297,5.0
11,298,5.0
11,299,5.0
11,300,5.0
11,301,5.0
11,302,5.0
11,303,5.0
11,304,5.0
11,305,5.0
11,306,5.0
11,307,5.0
11,308,5.0
11,309,5.0
11,310,5.0
11,311,5.0
11,312,5.0
11,313,5.0
11,314,5.0
11,315,5.0
11,316,5.0
11,317,5.0
11,318,5.0
11,319,5.0
11,320,5.0
11,321,5.0
11,322,5.0
11,323,5.0
11,324,5.0
11,325,5.0
11,326,5.0
11,327,5.0
11,328,5.0
11,329,5.0
11,330,5.0
11,331,5.0
11,332,5.0
11,333,5.0
11,334,5.0
11,335,5.0
11,336,5.0
11,337,5.0
11,338,5.0
11,339,5.0
11,340,5.0
11,341,5.0
11,342,5.0
11,343,5.0
11,344,5.0
11,345,5.0
11,346,6.4089353929735005
11,347,6.443697499232713
11,348,5.0
11,349,5.0
11,350,5.0
11,351,5.0
11,352,5.0
11,353,5.0
11,354,5.537602002101044
11,355,5.0
11,356,5.0
11,357,5.0
11,358,5.0
11,359,5.0
11,360,5.0
11,361,5.0
11,362,5.0
11,363,5.0
11,364,5.0
11,365,5.0
11,366,5.0
11,367,5.0
11,368,5.0
11,369,5.0
11,370,5.0
11,371,5.0
11,372,5.0
11,373,5.0
11,374,5.0
11,375,5.0
11,376,5.0
11,377,6.769551078621726
11,378,5.0
11,379,5.0
11,380,5.795880017344075
11,381,5.0
11,382,5.0
11,383,5.0
11,384,5.0
11,385,5.0
11,386,5.494850021680094
11,387,7.585026652029182
11,388,5.0
11,389,5.0
11,390,5.0
11,391,5.0
11,392,5.0
11,393,5.0
11,394,5.0
11,395,5.0
11,396,5.0
11,397,5.0
11,398,5.0
11,399,5.0
11,400,5.958607314841775
11,401,6.356547323513812
11,402,5.0
11,403,5.0
11,404,6.795880017344075
11,405,5.0
11,406,5.0
11,407,5.0
11,408,5.0
11,409,5.0
11,410,5.0
11,411,5.0
11,412,5.0
11,413,5.0
11,414,5.0
11,415,5.0
11,416,5.0
11,417,5.0
11,418,5.0
11,419,5.0
11,420,5.0
11,421,8.301029995663981
11,422,5.0
11,423,5.0
11,424,5.0
11,425,5.0
11,426,5.4089353929735005
11,427,5.0
11,428,5.0
11,429,5.0
11,430,6.301029995663981
11,431,5.0
11,432,5.0
12,0,5.0
12,1,5.0
12,2,5.0
12,3,5.0
12,4,5.251811972993799
12,5,5.698970004336019
12,6,5.130768280269024
12,7,5.0
12,8,5.568636235841013
12,9,5.443697499232713
12,10,5.721246399047171
12,11,5.0
12,12,5.0
12,13,5.0
12,14,5.0
12,15,5.0
12,16,5.0
12,17,5.0
12,18,5.0
12,19,5.0
12,20,5.0
12,21,5.0
12,22,5.346787486224656
12,23,5.0
12,24,5.0
12,25,5.0
12,26,5.0
12,27,5.0
12,28,5.0
12,29,5.0
12,30,5.0
12,31,5.0
12,32,5.0
12,33,5.102372908709558
12,34,5.0
12,35,5.0
12,36,5.0
12,37,5.0
12,38,5.920818753952375
12,39,6.481486060122113
12,40,5.443697499232713
12,41,5.0
12,42,5.0
12,43,5.0
12,44,5.0
12,45,5.0
12,46,5.0
12,47,5.0
12,48,5.0
12,49,5.0
12,50,5.0
12,51,5.0
12,52,5.0
12,53,5.0
12,54,5.0
12,55,5.0
12,56,5.0
12,57,5.0
12,58,5.292429823902063
12,59,5.0
12,60,5.0
12,61,5.0
12,62,5.0
12,63,5.0
12,64,5.0
12,65,5.0
12,66,5.0
12,67,5.0
12,68,5.0
12,69,5.0
12,70,5.0
12,71,7.060480747381382
12,72,5.0
12,73,5.0
12,74,5.0
12,75,5.0
12,76,6.6020599913279625
12,77,5.0
12,78,5.0
12,79,5.0
12,80,5.0
12,81,5.0
12,82,5.0
12,83,5.0
12,84,5.0
12,85,5.0
12,86,5.0
12,87,5.0
12,88,5.0
12,89,5.0
12,90,5.0
12,91,5.0
12,92,5.0
12,93,5.0
12,94,7.886056647693163
12,95,6.017728766960432
12,96,5.0
12,97,5.0
12,98,5.0
12,99,5.0
12,100,5.0
12,101,5.0
12,102,5.0
12,103,5.0
12,104,5.0
12,105,5.0
12,106,5.0
12,107,5.0
12,108,5.0
12,109,5.0
12,110,5.0
12,111,5.0
12,112,5.0
12,113,5.0
12,114,5.0
12,115,5.0
12,116,5.0
12,117,5.107905397309519
12,118,5.537602002101044
12,119,5.0
12,120,5.050609993355088
12,121,5.0
12,122,5.823908740944319
12,123,5.0
12,124,5.958607314841775
12,125,5.0
12,126,5.0
12,127,5.0
12,128,5.0
12,129,7.366531544420414
12,130,5.0
12,131,5.0
12,132,5.0
12,133,5.0
12,134,5.0
12,135,5.0
12,136,5.0
12,137,5.0
12,138,5.0
12,139,5.0
12,140,5.0
12,141,5.0655015487564325
12,142,5.0
12,143,5.327902142064283
12,144,5.0
12,145,5.0
12,146,5.0
12,147,5.0
12,148,5.0
12,149,6.096910013008056
12,150,5.853871964321762
12,151,5.0
12,152,5.0
12,153,6.136677139879544
12,154,5.0
12,155,5.0
12,156,5.698970004336019
12,157,6.229147988357856
12,158,5.6777807052660805
12,159,5.0
12,160,7.259637310505756
12,161,5.0
12,162,5.0
12,163,5.0
12,164,5.0
12,165,5.0
12,166,5.920818753952375
12,167,5.0
12,168,5.0
12,169,5.0
12,170,6.251811972993799
12,171,5.0
12,172,5.0
12,173,5.0
12,174,5.0
12,175,5.0
12,176,5.0
12,177,5.0
12,178,5.0
12,179,5.0
12,180,5.0
12,181,5.0
12,182,5.0
12,183,5.0
12,184,5.0
12,185,5.0
12,186,5.0
12,187,5.0
12,188,5.0
12,189,5.0
12,190,5.0
12,191,6.698970004336019
12,192,6.00436480540245
12,193,5.060480747381382
12,194,5.2076083105017466
12,195,7.080921907623926
12,196,6.769551078621726
12,197,6.619788758288394
12,198,6.070581074285707
12,199,5.0
12,200,5.0
12,201,6.1938200260161125
12,202,5.0
12,203,5.0
12,204,5.0
12,205,7.221848749616356
12,206,5.0
12,207,5.0
12,208,5.0
12,209,6.431798275933005
12,210,5.0
12,211,5.0
12,212,5.0
12,213,5.0
12,214,5.0
12,215,5.0
12,216,5.0
12,217,5.301029995663981
12,218,5.1249387366083
12,219,5.886056647693163
12,220,6.080921907623926
12,221,5.0
12,222,5.0
12,223,5.0
12,224,5.0
12,225,5.0
12,226,5.0
12,227,5.0
12,228,5.0
12,229,5.0
12,230,5.0
12,231,5.0
12,232,5.721246399047171
12,233,5.0
12,234,5.0
12,235,5.0
12,236,5.2076083105017466
12,237,5.0
12,238,5.853871964321762
12,239,5.0
12,240,5.0
12,241,5.0
12,242,5.0
12,243,5.0
12,244,5.0
12,245,5.0
12,246,5.022276394711152
12,247,5.0
12,248,5.0
12,249,5.0
12,250,5.0
12,251,5.0
12,252,5.0
12,253,5.0
12,254,5.0
12,255,5.0
12,256,5.0
12,257,5.0
12,258,5.0
12,259,5.0
12,260,5.0
12,261,5.0
12,262,5.0
12,263,5.0
12,264,5.0
12,265,5.0
12,266,5.0
12,267,5.0
12,268,5.494850021680094
12,269,5.0
12,270,5.0
12,271,5.0
12,272,5.0
12,273,5.0
12,274,5.0
12,275,5.0
12,276,5.0
12,277,5.0
12,278,5.0
12,279,5.0
12,280,5.0
12,281,5.0
12,282,5.0
12,283,5.0
12,284,5.0
12,285,5.0
12,286,5.0
12,287,5.0
12,288,5.958607314841775
12,289,6.619788758288394
12,290,5.0
12,291,5.0
12,292,5.0
12,293,5.0
12,294,5.0
12,295,5.0
12,296,5.0
12,297,5.0
12,298,5.0
12,299,5.0
12,300,5.0
12,301,5.0
12,302,5.0
12,303,5.0
12,304,5.0
12,305,5.0
12,306,5.0
12,307,5.0
12,308,5.0
12,309,5.0
12,310,5.0
12,311,5.0
12,312,5.0
12,313,5.0
12,314,5.0
12,315,5.0
12,316,5.0
12,317,5.0
12,318,5.0
12,319,5.0
12,320,5.0
12,321,5.0
12,322,5.0
12,323,5.0
12,324,5.0
12,325,5.0
12,326,5.0
12,327,5.0
12,328,5.0
12,329,5.0
12,330,5.0
12,331,5.0
12,332,5.0
12,333,5.0
12,334,5.0
12,335,5.0
12,336,5.0
12,337,5.0
12,338,5.0
12,339,5.0
12,340,6.022276394711152
12,341,5.0
12,342,5.0
12,343,5.0
12,344,5.0
12,345,6.4089353929735005
12,346,6.823908740944319
12,347,7.142667503568732
12,348,6.494850021680094
12,349,7.050609993355087
12,350,5.0
12,351,5.0
12,352,5.0
12,353,5.267606240177032
12,354,6.022276394711152
12,355,5.0
12,356,5.0
12,357,5.0
12,358,5.0
12,359,5.0
12,360,5.0
12,361,5.0
12,362,5.0
12,363,5.0
12,364,5.0
12,365,5.0
12,366,5.0
12,367,5.0
12,368,5.0
12,369,5.0
12,370,5.0
12,371,5.0
12,372,5.0
12,373,5.0
12,374,5.0
12,375,5.0
12,376,5.0
12,377,6.292429823902063
12,378,5.0
12,379,5.0
12,380,5.958607314841775
12,381,5.0
12,382,5.0
12,383,5.0
12,384,5.0
12,385,5.0
12,386,5.0
12,387,5.0
12,388,5.080921907623926
12,389,5.0
12,390,5.356547323513812
12,391,6.309803919971486
12,392,5.4089353929735005
12,393,6.853871964321762
12,394,6.142667503568732
12,395,5.0
12,396,5.0
12,397,5.0
12,398,5.0
12,399,5.0
12,400,6.823908740944319
12,401,5.886056647693163
12,402,5.0
12,403,5.0
12,404,5.823908740944319
12,405,5.1938200260161125
12,406,5.0
12,407,5.229147988357856
12,408,5.0
12,409,5.0
12,410,5.0
12,411,5.0
12,412,5.0
12,413,5.0
12,414,5.0
12,415,6.3872161432802645
12,416,5.0
12,417,5.0
12,418,5.0
12,419,5.0
12,420,5.0
12,421,5.886056647693163
12,422,5.0
12,423,5.0
12,424,5.0
12,425,5.0
12,426,5.0
12,427,5.0
12,428,6.026872146400302
12,429,5.167491087293763
12,430,7.267606240177032
12,431,7.200659450546418
12,432,5.0
13,0,5.0
13,1,5.0
13,2,5.0
13,3,5.0
13,4,5.0
13,5,5.0
13,6,5.0
13,7,5.0
13,8,5.0
13,9,5.0
13,10,5.0
13,11,5.0
13,12,5.0
13,13,5.0
13,14,5.0
13,15,5.0
13,16,5.0
13,17,5.0
13,18,5.0
13,19,5.0
13,20,5.0
13,21,5.0
13,22,5.0
13,23,5.0
13,24,5.0
13,25,5.0
13,26,5.0
13,27,5.0
13,28,5.0
13,29,5.0
13,30,5.7447274948966935
13,31,5.0
13,32,5.0
13,33,5.0
13,34,5.0
13,35,5.0
13,36,5.0
13,37,5.0
13,38,5.0
13,39,5.0
13,40,5.0
13,41,5.0
13,42,5.0
13,43,5.0
13,44,5.0
13,45,5.0
13,46,5.0
13,47,5.468521082957745
13,48,5.0
13,49,5.0
13,50,5.0
13,51,5.0
13,52,5.0
13,53,5.0
13,54,5.0
13,55,5.0
13,56,5.0
13,57,5.0
13,58,5.0
13,59,5.0
13,60,5.0
13,61,5.0
13,62,5.0
13,63,5.0
13,64,5.0
13,65,5.0
13,66,5.0
13,67,5.0
13,68,5.0
13,69,5.0
13,70,5.0
13,71,5.0
13,72,5.0
13,73,5.0
13,74,5.0
13,75,5.0
13,76,5.0
13,77,5.0
13,78,5.0
13,79,5.0
13,80,5.0
13,81,5.0
13,82,5.0
13,83,5.0
13,84,5.0
13,85,5.0
13,86,5.0
13,87,5.0
13,88,5.0
13,89,5.0
13,90,5.0
13,91,5.0
13,92,5.0
13,93,5.0
13,94,5.0
13,95,5.0
13,96,5.0
13,97,5.0
13,98,5.0
13,99,5.0
13,100,5.0
13,101,5.0
13,102,5.0
13,103,5.0
13,104,5.0
13,105,5.0
13,106,5.0
13,107,5.0
13,108,5.0
13,109,5.0
13,110,5.0
13,111,5.0
13,112,5.0
13,113,5.0
13,114,5.0
13,115,5.0
13,116,5.0
13,117,5.0
13,118,5.0
13,119,5.0
13,120,5.0
13,121,5.0
13,122,5.0
13,123,5.0
13,124,5.0
13,125,5.0
13,126,5.0
13,127,5.0
13,128,5.0
13,129,5.0
13,130,5.0
13,131,5.0
13,132,5.0
13,133,5.0
13,134,5.0
13,135,5.0
13,136,5.0
13,137,5.0
13,138,5.0
13,139,5.0
13,140,5.0
13,141,5.0
13,142,5.0
13,143,5.0
13,144,5.0
13,145,5.0
13,146,5.0
13,147,5.0
13,148,5.0
13,149,5.0
13,150,5.0
13,151,5.0
13,152,5.0
13,153,5.0
13,154,5.0
13,155,5.0
13,156,5.0
13,157,5.0
13,158,5.0
13,159,5.0
13,160,5.0
13,161,5.0
13,162,5.0
13,163,5.0
13,164,5.0
13,165,5.0
13,166,5.0
13,167,5.0
13,168,5.0
13,169,5.0
13,170,5.0
13,171,5.0
13,172,5.0
13,173,5.0
13,174,5.0
13,175,5.0
13,176,5.0
13,177,5.0
13,178,5.0
13,179,5.0
13,180,5.0
13,181,5.0
13,182,5.0
13,183,5.0
13,184,5.0
13,185,5.0
13,186,5.0
13,187,5.0
13,188,5.0
13,189,5.0
13,190,5.0
13,191,5.0
13,192,5.0
13,193,5.0
13,194,5.0
13,195,5.0
13,196,5.0
13,197,5.0
13,198,5.0
13,199,5.0
13,200,5.0
13,201,5.0
13,202,5.0
13,203,5.0
13,204,5.0
13,205,5.0
13,206,5.0
13,207,5.0
13,208,5.0
13,209,5.0
13,210,5.0
13,211,5.0
13,212,5.0
13,213,5.0
13,214,5.0
13,215,5.0
13,216,5.0
13,217,5.0
13,218,5.0
13,219,5.0
13,220,5.0
13,221,5.0
13,222,5.0
13,223,5.0
13,224,5.0
13,225,5.0
13,226,5.0
13,227,5.0
13,228,6.920818753952375
13,229,6.431798275933005
13,230,5.0
13,231,5.0
13,232,5.0
13,233,5.0
13,234,5.0
13,235,5.0
13,236,5.0
13,237,5.0
13,238,5.0
13,239,5.0
13,240,5.0
13,241,5.0
13,242,5.0
13,243,5.0
13,244,5.0
13,245,5.0
13,246,5.0
13,247,5.0
13,248,5.0
13,249,5.0
13,250,5.0
13,251,5.0
13,252,5.0
13,253,5.0
13,254,5.0
13,255,5.0
13,256,5.0
13,257,5.0
13,258,5.0
13,259,5.0
13,260,5.0
13,261,5.0
13,262,5.0
13,263,5.0
13,264,5.0
13,265,5.0
13,266,5.0
13,267,5.0
13,268,5.0
13,269,5.0
13,270,5.0
13,271,5.0
13,272,5.0
13,273,5.0
13,274,5.0
13,275,5.0
13,276,5.0
13,277,5.0
13,278,5.0
13,279,5.0
13,280,5.0
13,281,5.0
13,282,5.0
13,283,5.0
13,284,5.0
13,285,5.0
13,286,5.0
13,287,5.0
13,288,5.0
13,289,5.508638306165727
13,290,5.0
13,291,5.0
13,292,5.0
13,293,5.0
13,294,5.0
13,295,5.0
13,296,5.0
13,297,5.0
13,298,5.0
13,299,5.0
13,300,5.0
13,301,5.0
13,302,5.0
13,303,5.0
13,304,5.0
13,305,5.0
13,306,5.0
13,307,5.0
13,308,5.0
13,309,5.0
13,310,5.0
13,311,5.0
13,312,5.0
13,313,5.0
13,314,5.0
13,315,5.0
13,316,5.0
13,317,5.0
13,318,5.0
13,319,5.0
13,320,5.0
13,321,5.0
13,322,5.0
13,323,5.0
13,324,5.0
13,325,5.0
13,326,5.0
13,327,5.0
13,328,5.0
13,329,5.0
13,330,5.0
13,331,5.0
13,332,5.0
13,333,5.0
13,334,5.0
13,335,5.0
13,336,5.0
13,337,5.0
13,338,5.0
13,339,5.0
13,340,5.0
13,341,5.0
13,342,5.0
13,343,5.0
13,344,5.0
13,345,5.0
13,346,5.0
13,347,5.0
13,348,5.0
13,349,5.0
13,350,5.0
13,351,5.0
13,352,5.0
13,353,5.0
13,354,5.0
13,355,5.0
13,356,5.0
13,357,5.0
13,358,5.0
13,359,5.0
13,360,5.0
13,361,5.0
13,362,5.0
13,363,5.0
13,364,5.0
13,365,5.0
13,366,5.0
13,367,5.0
13,368,5.0
13,369,5.0
13,370,5.0
13,371,5.0
13,372,5.0
13,373,5.0
13,374,5.0
13,375,5.0
13,376,5.0
13,377,5.0
13,378,5.0
13,379,5.0
13,380,5.0
13,381,5.0
13,382,5.0
13,383,5.0
13,384,5.0
13,385,5.0
13,386,5.0
13,387,5.0
13,388,5.0
13,389,5.0
13,390,5.0
13,391,5.0
13,392,5.0
13,393,5.0
13,394,5.0
13,395,5.0
13,396,5.0
13,397,5.0
13,398,5.0
13,399,5.0
13,400,5.0
13,401,5.0
13,402,5.0
13,403,5.0
13,404,5.0
13,405,5.0
13,406,5.0
13,407,5.0
13,408,5.0
13,409,5.0
13,410,5.0
13,411,5.0
13,412,5.0
13,413,5.0
13,414,5.0
13,415,5.0
13,416,5.0
13,417,5.0
13,418,5.0
13,419,5.0
13,420,5.0
13,421,5.0
13,422,5.0
13,423,5.0
13,424,5.0
13,425,5.0
13,426,5.0
13,427,5.0
13,428,5.0
13,429,5.0
13,430,5.0
13,431,5.0
13,432,5.0
14,0,5.0
14,1,7.522878745280337
14,2,6.0
14,3,7.040958607678906
14,4,7.244125144327507
14,5,7.42021640338319
14,6,7.657577319177793
14,7,7.161150909262744
14,8,7.376750709602099
14,9,7.522878745280337
14,10,6.060480747381382
14,11,5.769551078621726
14,12,5.0
14,13,5.0
14,14,5.0
14,15,5.0
14,16,5.823908740944319
14,17,5.468521082957745
14,18,5.0
14,19,5.0
14,20,5.0
14,21,5.113509274827518
14,22,5.0
14,23,5.0
14,24,5.0
14,25,5.0
14,26,5.0
14,27,5.0
14,28,5.0
14,29,5.376750709602099
14,30,5.552841968657781
14,31,5.2441251443275085
14,32,5.42021640338319
14,33,7.346787486224656
14,34,5.0
14,35,5.585026652029182
14,36,5.0
14,37,5.585026652029182
14,38,5.0
14,39,5.0
14,40,5.42021640338319
14,41,5.0
14,42,5.0
14,43,5.795880017344075
14,44,5.0
14,45,5.0
14,46,5.0
14,47,5.0
14,48,5.0
14,49,5.0
14,50,5.0
14,51,5.0
14,52,5.0
14,53,5.0
14,54,5.0
14,55,5.0
14,56,5.0
14,57,5.0
14,58,5.0
14,59,5.0
14,60,5.0
14,61,5.0
14,62,5.0
14,63,5.0
14,64,5.0
14,65,5.0
14,66,5.0
14,67,5.0
14,68,5.0
14,69,5.0
14,70,5.0
14,71,5.886056647693163
14,72,5.0
14,73,5.0
14,74,5.0
14,75,5.0
14,76,5.0
14,77,5.214670164989233
14,78,5.0
14,79,5.0
14,80,5.337242168318426
14,81,6.376750709602099
14,82,5.0
14,83,5.0
14,84,5.0
14,85,5.0
14,86,5.0
14,87,5.0
14,88,5.0
14,89,5.0
14,90,5.0
14,91,5.0
14,92,5.0
14,93,5.0
14,94,6.3979400086720375
14,95,5.0
14,96,5.0
14,97,5.154901959985743
14,98,5.0
14,99,5.0
14,100,5.136677139879544
14,101,5.823908740944319
14,102,5.0
14,103,5.173925197299173
14,104,9.721246399047171
14,105,9.585026652029182
14,106,9.886056647693165
14,107,9.721246399047171
14,108,9.769551078621726
14,109,9.585026652029182
14,110,9.585026652029182
14,111,9.619788758288394
14,112,9.55284196865778
14,113,9.657577319177792
14,114,9.721246399047171
14,115,10.0
14,116,5.0
14,117,5.6020599913279625
14,118,5.0
14,119,5.6777807052660805
14,120,5.443697499232713
14,121,5.920818753952375
14,122,6.568636235841013
14,123,5.0
14,124,5.698970004336019
14,125,5.823908740944319
14,126,5.568636235841013
14,127,5.0
14,128,5.7447274948966935
14,129,6.1938200260161125
14,130,7.251811972993799
14,131,6.6777807052660805
14,132,8.187086643357144
14,133,5.0
14,134,5.0
14,135,5.769551078621726
14,136,5.267606240177032
14,137,5.0
14,138,5.0
14,139,5.0
14,140,5.0
14,141,5.0
14,142,5.0
14,143,5.0
14,144,5.0
14,145,5.0
14,146,5.0
14,147,5.0
14,148,5.552841968657781
14,149,5.1249387366083
14,150,5.568636235841013
14,151,5.920818753952375
14,152,6.136677139879544
14,153,5.795880017344075
14,154,5.619788758288394
14,155,6.309803919971486
14,156,5.0
14,157,5.468521082957745
14,158,5.275724130399211
14,159,7.0
14,160,5.0
14,161,5.0
14,162,5.0
14,163,5.0
14,164,5.0
14,165,5.0
14,166,5.376750709602099
14,167,5.0
14,168,5.0
14,169,5.0
14,170,5.958607314841775
14,171,5.0
14,172,5.1938200260161125
14,173,5.0
14,174,5.0
14,175,5.0
14,176,5.0
14,177,5.0
14,178,5.0
14,179,5.0
14,180,6.346787486224656
14,181,5.522878745280337
14,182,5.920818753952375
14,183,5.251811972993799
14,184,5.0
14,185,5.0
14,186,5.0
14,187,6.200659450546418
14,188,5.0
14,189,5.958607314841775
14,190,5.259637310505756
14,191,5.107905397309519
14,192,6.154901959985743
14,193,6.221848749616356
14,194,5.4089353929735005
14,195,5.2441251443275085
14,196,5.102372908709558
14,197,5.721246399047171
14,198,5.102372908709558
14,199,5.0
14,200,5.0
14,201,6.494850021680094
14,202,5.0
14,203,5.0
14,204,5.0
14,205,5.721246399047171
14,206,6.301029995663981
14,207,5.958607314841775
14,208,5.292429823902063
14,209,6.091514981121351
14,210,5.0
14,211,5.0
14,212,5.0
14,213,5.0
14,214,5.42021640338319
14,215,5.638272163982407
14,216,5.075720713938118
14,217,6.481486060122113
14,218,5.0
14,219,5.0
14,220,5.585026652029182
14,221,5.0
14,222,5.0
14,223,5.0
14,224,5.0
14,225,5.0
14,226,5.0
14,227,5.0
14,228,5.7447274948966935
14,229,5.795880017344075
14,230,5.0
14,231,5.0
14,232,7.221848749616356
14,233,5.0
14,234,5.0
14,235,5.0
14,236,5.251811972993799
14,237,5.769551078621726
14,238,6.080921907623926
14,239,5.6777807052660805
14,240,6.958607314841775
14,241,6.585026652029182
14,242,5.7447274948966935
14,243,5.0
14,244,5.0
14,245,5.0
14,246,5.0
14,247,5.0
14,248,5.0
14,249,5.0
14,250,5.0
14,251,5.0
14,252,5.0
14,253,5.0
14,254,5.0
14,255,5.0
14,256,5.0
14,257,5.0
14,258,5.0
14,259,5.0
14,260,5.0
14,261,5.0
14,262,5.0
14,263,5.0
14,264,5.0
14,265,5.0
14,266,5.0
14,267,5.0
14,268,5.0
14,269,5.0
14,270,5.0
14,271,5.0
14,272,5.0
14,273,5.0
14,274,5.0
14,275,5.0
14,276,5.0
14,277,5.0
14,278,5.0
14,279,5.0
14,280,5.0
14,281,5.0
14,282,5.0
14,283,5.0
14,284,5.0
14,285,5.0
14,286,5.0
14,287,5.0
14,288,5.2839966563652006
14,289,5.1249387366083
14,290,5.0
14,291,5.0
14,292,5.0
14,293,5.0
14,294,5.0
14,295,5.0
14,296,5.0
14,297,5.0
14,298,5.0
14,299,5.0
14,300,5.0
14,301,5.0
14,302,5.0
14,303,5.0
14,304,5.0
14,305,5.0
14,306,5.0
14,307,5.0
14,308,5.0
14,309,5.0
14,310,5.0
14,311,5.0
14,312,5.0
14,313,5.0
14,314,5.0
14,315,5.0
14,316,5.0
14,317,5.0
14,318,5.0
14,319,5.0
14,320,5.0
14,321,5.0
14,322,5.0
14,323,5.0
14,324,5.0
14,325,5.0
14,326,5.0
14,327,5.0
14,328,5.0
14,329,5.0
14,330,5.0
14,331,5.0
14,332,5.0
14,333,5.0
14,334,5.0
14,335,5.0
14,336,5.0
14,337,5.0
14,338,5.0
14,339,5.0
14,340,5.0
14,341,5.0
14,342,5.0
14,343,5.0
14,344,6.154901959985743
14,345,5.0
14,346,5.376750709602099
14,347,6.075720713938118
14,348,5.0
14,349,5.0
14,350,5.075720713938118
14,351,5.0
14,352,5.0
14,353,5.0
14,354,6.522878745280337
14,355,5.0
14,356,5.0
14,357,5.0
14,358,5.0
14,359,5.0
14,360,5.0
14,361,5.0
14,362,5.0
14,363,5.0
14,364,5.0
14,365,5.2076083105017466
14,366,5.0
14,367,5.0
14,368,5.0
14,369,5.0
14,370,5.0
14,371,5.0
14,372,5.0
14,373,5.0
14,374,5.0
14,375,5.0
14,376,5.309803919971486
14,377,5.7447274948966935
14,378,5.0
14,379,5.0
14,380,5.958607314841775
14,381,5.173925197299173
14,382,5.0
14,383,5.0
14,384,5.0
14,385,5.0
14,386,5.0
14,387,5.537602002101044
14,388,5.346787486224656
14,389,5.0
14,390,5.0
14,391,5.481486060122113
14,392,5.0
14,393,5.0
14,394,5.0
14,395,5.0
14,396,5.823908740944319
14,397,5.494850021680094
14,398,5.017728766960431
14,399,6.096910013008056
14,400,5.657577319177793
14,401,5.0
14,402,5.0
14,403,5.0
14,404,5.086186147616283
14,405,5.0
14,406,5.0
14,407,5.251811972993799
14,408,5.0
14,409,5.0
14,410,5.0
14,411,5.0
14,412,5.0
14,413,5.0
14,414,6.154901959985743
14,415,5.0
14,416,5.0
14,417,6.0
14,418,5.0
14,419,5.0
14,420,5.327902142064283
14,421,5.0
14,422,5.0
14,423,5.0
14,424,5.0
14,425,5.0
14,426,5.0
14,427,5.0
14,428,5.795880017344075
14,429,5.0
14,430,6.154901959985743
14,431,5.920818753952375
14,432,5.0
15,0,5.0
15,1,7.187086643357144
15,2,5.886056647693163
15,3,6.552841968657781
15,4,7.346787486224656
15,5,7.251811972993799
15,6,7.107905397309519
15,7,7.698970004336019
15,8,7.259637310505756
15,9,7.107905397309519
15,10,6.136677139879544
15,11,5.468521082957745
15,12,5.823908740944319
15,13,5.0
15,14,5.0
15,15,5.0
15,16,5.0
15,17,5.0
15,18,5.0
15,19,5.0
15,20,5.0
15,21,5.638272163982407
15,22,5.0
15,23,5.0
15,24,5.0
15,25,5.0
15,26,5.0
15,27,5.0
15,28,5.0
15,29,5.494850021680094
15,30,5.6777807052660805
15,31,6.309803919971486
15,32,5.0
15,33,6.920818753952375
15,34,5.0
15,35,5.0
15,36,5.0
15,37,5.0
15,38,5.0
15,39,5.0
15,40,6.251811972993799
15,41,5.0
15,42,5.0
15,43,5.366531544420414
15,44,5.0
15,45,5.0
15,46,5.0
15,47,5.0
15,48,5.0
15,49,5.0
15,50,5.0
15,51,5.0
15,52,5.0
15,53,5.0
15,54,5.0
15,55,5.0
15,56,5.0
15,57,5.0
15,58,5.0
15,59,5.0
15,60,5.0
15,61,5.0
15,62,5.0
15,63,5.0
15,64,5.0
15,65,5.0
15,66,5.0
15,67,5.0
15,68,5.0
15,69,5.0
15,70,5.0
15,71,5.0
15,72,5.0
15,73,5.0
15,74,5.0
15,75,5.0
15,76,7.886056647693163
15,77,5.0
15,78,5.0
15,79,5.0
15,80,5.0
15,81,5.552841968657781
15,82,5.0
15,83,5.0
15,84,5.0
15,85,5.0
15,86,5.0
15,87,5.0
15,88,5.0
15,89,5.0
15,90,5.0
15,91,5.0
15,92,5.0
15,93,5.0
15,94,8.769551078621726
15,95,7.318758762624412
15,96,5.0
15,97,5.0
15,98,5.0
15,99,5.0
15,100,5.0
15,101,5.0
15,102,5.0
15,103,5.0
15,104,6.638272163982407
15,105,6.356547323513812
15,106,6.823908740944319
15,107,7.075720713938118
15,108,6.154901959985743
15,109,6.0655015487564325
15,110,6.075720713938118
15,111,6.853871964321762
15,112,5.130768280269024
15,113,6.920818753952375
15,114,5.823908740944319
15,115,5.886056647693163
15,116,5.508638306165727
15,117,5.2839966563652006
15,118,5.0
15,119,5.431798275933005
15,120,5.0
15,121,5.0
15,122,7.443697499232713
15,123,6.2076083105017466
15,124,5.275724130399211
15,125,5.0
15,126,5.0
15,127,5.0
15,128,5.958607314841775
15,129,6.657577319177793
15,130,5.522878745280337
15,131,6.7447274948966935
15,132,5.853871964321762
15,133,5.0
15,134,5.0
15,135,5.0
15,136,5.0
15,137,5.0
15,138,5.0
15,139,6.292429823902063
15,140,5.0
15,141,5.0
15,142,5.0
15,143,7.275724130399211
15,144,7.455931955649724
15,145,7.638272163982407
15,146,7.455931955649724
15,147,6.0655015487564325
15,148,5.958607314841775
15,149,9.130768280269024
15,150,5.0
15,151,5.0
15,152,5.0
15,153,5.638272163982407
15,154,5.0
15,155,5.0
15,156,8.366531544420413
15,157,6.142667503568732
15,158,5.920818753952375
15,159,5.769551078621726
15,160,5.0
15,161,5.0
15,162,5.0
15,163,5.0
15,164,5.0
15,165,5.0
15,166,6.229147988357856
15,167,5.0
15,168,5.0
15,169,5.0
15,170,5.0
15,171,6.036212172654444
15,172,5.0
15,173,5.0
15,174,5.0
15,175,5.0
15,176,5.0
15,177,5.0
15,178,5.0
15,179,5.0
15,180,5.0
15,181,5.0
15,182,5.0
15,183,5.0
15,184,5.0
15,185,5.0
15,186,5.0
15,187,5.0
15,188,5.0
15,189,5.0
15,190,5.0
15,191,9.42021640338319
15,192,7.008773924307505
15,193,6.086186147616283
15,194,6.4089353929735005
15,195,9.267606240177033
15,196,9.568636235841012
15,197,9.494850021680094
15,198,9.508638306165729
15,199,5.0
15,200,5.0
15,201,7.173925197299173
15,202,5.0
15,203,5.0
15,204,5.0
15,205,7.638272163982407
15,206,5.0
15,207,5.0
15,208,5.366531544420414
15,209,6.568636235841013
15,210,5.0
15,211,5.0
15,212,5.0
15,213,5.0
15,214,5.0
15,215,5.0
15,216,5.0
15,217,6.267606240177032
15,218,5.698970004336019
15,219,5.698970004336019
15,220,7.0
15,221,5.0
15,222,5.0
15,223,5.0
15,224,5.0
15,225,5.0
15,226,5.0
15,227,5.0
15,228,5.0
15,229,5.508638306165727
15,230,5.0
15,231,5.0
15,232,5.823908740944319
15,233,5.0
15,234,5.0
15,235,5.585026652029182
15,236,6.431798275933005
15,237,6.236572006437063
15,238,6.251811972993799
15,239,6.267606240177032
15,240,5.0
15,241,5.0
15,242,5.0
15,243,5.0
15,244,5.0
15,245,5.0
15,246,5.0
15,247,5.0
15,248,5.0
15,249,5.366531544420414
15,250,5.537602002101044
15,251,5.0
15,252,5.0
15,253,5.346787486224656
15,254,5.0
15,255,5.0
15,256,5.0
15,257,5.0
15,258,5.0
15,259,5.0
15,260,5.0
15,261,5.0
15,262,5.0
15,263,5.0
15,264,5.0
15,265,5.0
15,266,5.0
15,267,5.0
15,268,5.0
15,269,5.0
15,270,5.0
15,271,5.0
15,272,5.0
15,273,5.0
15,274,5.0
15,275,5.0
15,276,5.0
15,277,5.0
15,278,5.0
15,279,5.0
15,280,5.0
15,281,5.0
15,282,5.0
15,283,5.0
15,284,5.0
15,285,5.0
15,286,5.0
15,287,5.0
15,288,9.387216143280265
15,289,9.494850021680094
15,290,5.0
15,291,5.0
15,292,5.0
15,293,5.0
15,294,5.0
15,295,5.0
15,296,5.0
15,297,5.0
15,298,5.0
15,299,5.0
15,300,5.0
15,301,5.0
15,302,5.0
15,303,5.0
15,304,5.0
15,305,5.0
15,306,5.0
15,307,5.0
15,308,5.0
15,309,5.0
15,310,5.0
15,311,5.0
15,312,5.0
15,313,5.0
15,314,5.0
15,315,5.0
15,316,5.0
15,317,5.0
15,318,5.0
15,319,5.0
15,320,5.0
15,321,5.0
15,322,5.0
15,323,5.0
15,324,5.0
15,325,5.0
15,326,5.0
15,327,5.0
15,328,5.0
15,329,5.6777807052660805
15,330,5.0
15,331,5.0
15,332,5.0
15,333,5.0
15,334,5.0
15,335,5.0
15,336,5.0
15,337,5.0
15,338,5.0
15,339,5.0
15,340,5.0
15,341,5.0
15,342,5.0
15,343,5.0
15,344,5.0
15,345,5.0
15,346,8.214670164989233
15,347,8.1249387366083
15,348,5.0
15,349,5.42021640338319
15,350,5.0
15,351,5.0
15,352,5.0
15,353,5.0
15,354,7.008773924307505
15,355,5.0
15,356,5.0
15,357,5.0
15,358,5.0
15,359,5.0
15,360,5.0
15,361,5.0
15,362,5.0
15,363,5.0
15,364,5.0
15,365,5.0
15,366,5.0
15,367,5.0
15,368,5.0
15,369,5.0
15,370,5.0
15,371,5.0
15,372,5.0
15,373,5.0
15,374,5.0
15,375,5.0
15,376,5.6777807052660805
15,377,7.657577319177793
15,378,5.0
15,379,5.0
15,380,7.091514981121351
15,381,5.0
15,382,5.0
15,383,5.0
15,384,5.0
15,385,5.0
15,386,6.267606240177032
15,387,8.267606240177031
15,388,5.0
15,389,5.0
15,390,5.0
15,391,5.0
15,392,5.0
15,393,5.229147988357856
15,394,5.301029995663981
15,395,5.0
15,396,5.0
15,397,5.0
15,398,5.769551078621726
15,399,5.0
15,400,6.537602002101044
15,401,6.853871964321762
15,402,5.0
15,403,5.0
15,404,6.091514981121351
15,405,5.0
15,406,5.0
15,407,5.0
15,408,5.0
15,409,5.0
15,410,5.0
15,411,5.0
15,412,5.0
15,413,5.0
15,414,5.0
15,415,5.0
15,416,5.0
15,417,6.080921907623926
15,418,5.0
15,419,5.0
15,420,5.0
15,421,8.958607314841775
15,422,5.0
15,423,5.0
15,424,5.0
15,425,5.0
15,426,5.0
15,427,5.0
15,428,6.585026652029182
15,429,5.0
15,430,6.6020599913279625
15,431,5.0
15,432,5.0
16,0,5.638272163982407
16,1,6.769551078621726
16,2,5.494850021680094
16,3,6.229147988357856
16,4,7.060480747381382
16,5,7.013228265733755
16,6,7.0
16,7,8.0
16,8,7.130768280269024
16,9,6.958607314841775
16,10,6.337242168318426
16,11,6.356547323513812
16,12,6.0655015487564325
16,13,5.0
16,14,5.0
16,15,5.0
16,16,5.0
16,17,5.958607314841775
16,18,5.0
16,19,5.0
16,20,5.0
16,21,8.481486060122112
16,22,5.619788758288394
16,23,5.0
16,24,6.107905397309519
16,25,5.0
16,26,5.0
16,27,5.0
16,28,6.585026652029182
16,29,7.119186407719209
16,30,5.366531544420414
16,31,8.10790539730952
16,32,6.130768280269024
16,33,6.958607314841775
16,34,5.0
16,35,6.638272163982407
16,36,5.0
16,37,5.443697499232713
16,38,5.0
16,39,5.0
16,40,5.0
16,41,5.0
16,42,5.0
16,43,5.107905397309519
16,44,5.0
16,45,5.0
16,46,5.0
16,47,5.0
16,48,5.0
16,49,5.0
16,50,5.0
16,51,5.0
16,52,5.0
16,53,5.823908740944319
16,54,6.853871964321762
16,55,6.119186407719209
16,56,6.376750709602099
16,57,5.0
16,58,5.0
16,59,5.0
16,60,5.0
16,61,5.0
16,62,6.481486060122113
16,63,5.0
16,64,5.0
16,65,5.0
16,66,5.6777807052660805
16,67,5.0
16,68,5.0
16,69,5.0
16,70,5.0
16,71,5.0
16,72,5.0
16,73,5.0
16,74,5.0
16,75,5.0
16,76,6.6777807052660805
16,77,5.0
16,78,5.0
16,79,5.0
16,80,5.0
16,81,5.0
16,82,5.0
16,83,5.0
16,84,5.0
16,85,5.0
16,86,5.0
16,87,5.0
16,88,5.0
16,89,5.0
16,90,5.0
16,91,6.481486060122113
16,92,6.431798275933005
16,93,5.0
16,94,6.292429823902063
16,95,5.0
16,96,6.769551078621726
16,97,5.853871964321762
16,98,5.0
16,99,5.0
16,100,5.0
16,101,5.0
16,102,5.0
16,103,5.3979400086720375
16,104,5.0
16,105,5.0
16,106,5.568636235841013
16,107,5.0
16,108,5.0
16,109,5.0
16,110,5.0
16,111,5.0
16,112,5.0
16,113,5.568636235841013
16,114,5.0
16,115,5.0
16,116,5.0
16,117,6.853871964321762
16,118,7.0
16,119,6.154901959985743
16,120,6.443697499232713
16,121,6.0
16,122,7.187086643357144
16,123,6.327902142064283
16,124,6.552841968657781
16,125,6.920818753952375
16,126,5.0
16,127,5.0
16,128,6.2441251443275085
16,129,8.221848749616356
16,130,5.0
16,131,5.0
16,132,5.0
16,133,5.0
16,134,5.0
16,135,5.0
16,136,5.0
16,137,6.292429823902063
16,138,5.0
16,139,5.0
16,140,6.508638306165727
16,141,6.568636235841013
16,142,6.346787486224656
16,143,5.0
16,144,5.0
16,145,5.568636235841013
16,146,5.455931955649724
16,147,5.0
16,148,6.173925197299173
16,149,5.638272163982407
16,150,6.070581074285707
16,151,6.301029995663981
16,152,6.6777807052660805
16,153,6.045757490560675
16,154,6.0655015487564325
16,155,5.522878745280337
16,156,5.0
16,157,5.537602002101044
16,158,5.886056647693163
16,159,5.0
16,160,5.0
16,161,5.0
16,162,5.376750709602099
16,163,5.0
16,164,5.0
16,165,5.0
16,166,5.0
16,167,5.0
16,168,5.0
16,169,5.0
16,170,5.443697499232713
16,171,7.4089353929735005
16,172,5.0
16,173,5.0
16,174,6.107905397309519
16,175,5.0
16,176,5.259637310505756
16,177,6.1487416512809245
16,178,6.468521082957745
16,179,6.221848749616356
16,180,7.309803919971486
16,181,7.508638306165727
16,182,5.443697499232713
16,183,5.698970004336019
16,184,6.481486060122113
16,185,5.0
16,186,6.537602002101044
16,187,6.698970004336019
16,188,5.0
16,189,5.0
16,190,5.0
16,191,5.0
16,192,5.0
16,193,5.0
16,194,5.431798275933005
16,195,5.0
16,196,5.0
16,197,6.096910013008056
16,198,5.0
16,199,5.0
16,200,5.0
16,201,7.522878745280337
16,202,6.080921907623926
16,203,6.161150909262744
16,204,5.0
16,205,7.356547323513813
16,206,5.0
16,207,5.0
16,208,7.920818753952375
16,209,6.026872146400302
16,210,6.638272163982407
16,211,5.0
16,212,5.958607314841775
16,213,5.552841968657781
16,214,7.142667503568732
16,215,6.958607314841775
16,216,5.0
16,217,7.096910013008056
16,218,7.1249387366083
16,219,5.0
16,220,7.102372908709558
16,221,5.0
16,222,5.0
16,223,5.0
16,224,5.0
16,225,5.0
16,226,5.0
16,227,5.0
16,228,5.0
16,229,5.0
16,230,5.481486060122113
16,231,5.0
16,232,5.0
16,233,5.0
16,234,5.0
16,235,8.443697499232712
16,236,8.67778070526608
16,237,9.259637310505756
16,238,8.823908740944319
16,239,5.356547323513812
16,240,5.0
16,241,5.0
16,242,5.0
16,243,5.0
16,244,5.0
16,245,5.0
16,246,5.0
16,247,5.0
16,248,5.0
16,249,6.236572006437063
16,250,7.602059991327962
16,251,6.00436480540245
16,252,5.0
16,253,5.552841968657781
16,254,5.0
16,255,6.638272163982407
16,256,5.0
16,257,5.0
16,258,5.0
16,259,5.0
16,260,5.0
16,261,5.0
16,262,5.0
16,263,5.0
16,264,5.0
16,265,5.0
16,266,5.0
16,267,5.0
16,268,5.0
16,269,5.0
16,270,5.2441251443275085
16,271,6.102372908709558
16,272,5.337242168318426
16,273,5.0
16,274,5.0
16,275,5.0
16,276,5.0
16,277,5.0
16,278,5.0
16,279,5.0
16,280,5.0
16,281,5.0
16,282,5.0
16,283,5.0
16,284,5.0
16,285,5.0
16,286,5.0
16,287,5.0
16,288,5.0
16,289,5.0
16,290,5.0
16,291,5.0
16,292,5.0
16,293,5.0
16,294,5.0
16,295,5.0
16,296,5.0
16,297,5.0
16,298,5.0
16,299,5.0
16,300,5.0
16,301,5.0
16,302,5.0
16,303,5.0
16,304,5.0
16,305,5.0
16,306,5.0
16,307,5.0
16,308,5.0
16,309,5.0
16,310,5.0
16,311,5.0
16,312,5.0
16,313,5.0
16,314,5.0
16,315,5.0
16,316,5.494850021680094
16,317,5.0
16,318,5.0
16,319,5.0
16,320,5.0
16,321,5.0
16,322,5.0
16,323,5.0
16,324,5.0
16,325,5.0
16,326,5.0
16,327,5.0
16,328,5.0
16,329,7.221848749616356
16,330,5.0
16,331,5.0
16,332,5.0
16,333,5.0
16,334,5.0
16,335,6.00436480540245
16,336,5.0
16,337,6.292429823902063
16,338,5.0
16,339,5.0
16,340,5.958607314841775
16,341,5.0
16,342,5.0
16,343,6.721246399047171
16,344,5.0
16,345,5.0
16,346,5.0
16,347,5.886056647693163
16,348,5.6777807052660805
16,349,5.0
16,350,5.214670164989233
16,351,5.0
16,352,5.3979400086720375
16,353,5.795880017344075
16,354,6.045757490560675
16,355,5.6777807052660805
16,356,6.346787486224656
16,357,5.431798275933005
16,358,5.481486060122113
16,359,8.387216143280265
16,360,5.0
16,361,5.0
16,362,5.0
16,363,5.0
16,364,5.0
16,365,5.0
16,366,5.0
16,367,5.0
16,368,5.0
16,369,5.0
16,370,5.0
16,371,6.1938200260161125
16,372,5.886056647693163
16,373,6.619788758288394
16,374,5.0
16,375,5.0
16,376,6.698970004336019
16,377,7.744727494896693
16,378,6.920818753952375
16,379,5.0
16,380,6.251811972993799
16,381,5.0
16,382,5.7447274948966935
16,383,5.0
16,384,5.086186147616283
16,385,5.0
16,386,5.0
16,387,6.214670164989233
16,388,5.0
16,389,5.0
16,390,5.6020599913279625
16,391,5.7447274948966935
16,392,5.920818753952375
16,393,6.045757490560675
16,394,6.309803919971486
16,395,6.161150909262744
16,396,5.0
16,397,6.42021640338319
16,398,6.0
16,399,5.0
16,400,6.958607314841775
16,401,6.568636235841013
16,402,5.0
16,403,5.0
16,404,5.0
16,405,6.494850021680094
16,406,6.119186407719209
16,407,6.958607314841775
16,408,7.022276394711152
16,409,7.431798275933005
16,410,7.086186147616283
16,411,5.0
16,412,5.0
16,413,5.0
16,414,6.070581074285707
16,415,6.6777807052660805
16,416,5.698970004336019
16,417,6.096910013008056
16,418,6.0
16,419,5.795880017344075
16,420,5.173925197299173
16,421,5.0
16,422,5.0
16,423,5.0
16,424,5.0
16,425,5.0
16,426,5.0
16,427,5.0
16,428,6.113509274827518
16,429,5.0
16,430,6.008773924307505
16,431,5.0
16,432,5.376750709602099
17,0,5.0
17,1,10.327902142064282
17,2,10.387216143280265
17,3,10.721246399047171
17,4,10.337242168318426
17,5,10.795880017344077
17,6,10.193820026016112
17,7,6.920818753952375
17,8,10.236572006437065
17,9,10.337242168318426
17,10,9.769551078621726
17,11,6.2076083105017466
17,12,6.481486060122113
17,13,6.6777807052660805
17,14,6.2441251443275085
17,15,6.337242168318426
17,16,6.721246399047171
17,17,5.0
17,18,5.0
17,19,5.0
17,20,5.0
17,21,5.0
17,22,5.0
17,23,5.0
17,24,5.0
17,25,5.0
17,26,5.0
17,27,5.0
17,28,5.031517051446065
17,29,5.0
17,30,5.0
17,31,5.0
17,32,5.0
17,33,9.67778070526608
17,34,5.154901959985743
17,35,7.275724130399211
17,36,5.0
17,37,8.853871964321762
17,38,6.301029995663981
17,39,6.2441251443275085
17,40,8.10790539730952
17,41,5.0
17,42,5.0
17,43,8.853871964321762
17,44,5.0
17,45,5.0
17,46,5.0
17,47,5.0
17,48,5.0
17,49,5.0
17,50,5.0
17,51,5.0
17,52,5.0
17,53,5.0
17,54,5.0
17,55,5.0
17,56,5.0
17,57,5.0
17,58,5.0
17,59,5.0
17,60,5.0
17,61,5.0
17,62,5.0
17,63,5.0
17,64,5.0
17,65,5.0
17,66,5.0
17,67,5.0
17,68,5.0
17,69,5.0
17,70,5.0
17,71,5.0
17,72,5.0
17,73,5.0
17,74,5.0
17,75,5.0
17,76,9.236572006437065
17,77,9.0
17,78,5.0
17,79,5.0
17,80,5.0
17,81,5.823908740944319
17,82,5.0
17,83,5.0
17,84,5.0
17,85,5.0
17,86,5.0
17,87,5.0
17,88,5.0
17,89,5.0
17,90,5.0
17,91,5.0
17,92,5.0
17,93,5.0
17,94,9.161150909262744
17,95,8.494850021680094
17,96,5.0
17,97,5.886056647693163
17,98,5.920818753952375
17,99,5.0
17,100,5.0
17,101,5.0
17,102,5.0
17,103,5.0
17,104,6.920818753952375
17,105,6.886056647693163
17,106,6.769551078621726
17,107,7.102372908709558
17,108,6.958607314841775
17,109,6.494850021680094
17,110,6.795880017344075
17,111,6.920818753952375
17,112,5.657577319177793
17,113,6.958607314841775
17,114,6.481486060122113
17,115,5.638272163982407
17,116,5.0
17,117,8.387216143280265
17,118,9.070581074285707
17,119,10.031517051446064
17,120,8.920818753952375
17,121,9.619788758288394
17,122,5.6777807052660805
17,123,5.0
17,124,9.619788758288394
17,125,9.346787486224656
17,126,9.4089353929735
17,127,8.161150909262744
17,128,9.468521082957745
17,129,10.4089353929735
17,130,5.853871964321762
17,131,7.744727494896693
17,132,7.259637310505756
17,133,5.0
17,134,5.0
17,135,5.0
17,136,5.0
17,137,5.0
17,138,5.0
17,139,5.0
17,140,5.0
17,141,5.0
17,142,5.0
17,143,5.431798275933005
17,144,5.853871964321762
17,145,5.4089353929735005
17,146,5.0
17,147,5.0
17,148,9.30102999566398
17,149,5.301029995663981
17,150,5.318758762624412
17,151,5.091514981121351
17,152,5.318758762624412
17,153,5.494850021680094
17,154,5.154901959985743
17,155,5.0
17,156,5.0
17,157,9.508638306165729
17,158,9.102372908709558
17,159,8.585026652029182
17,160,5.795880017344075
17,161,5.0
17,162,5.0
17,163,5.0
17,164,5.0
17,165,5.0
17,166,9.455931955649724
17,167,5.0
17,168,5.0
17,169,5.0
17,170,5.0
17,171,6.008773924307505
17,172,5.0
17,173,5.0
17,174,5.0
17,175,5.0
17,176,5.0
17,177,5.0
17,178,5.0
17,179,5.0
17,180,5.0
17,181,5.0
17,182,5.0
17,183,5.0
17,184,5.0
17,185,5.0
17,186,6.0
17,187,6.1938200260161125
17,188,5.0
17,189,5.0
17,190,5.0
17,191,9.09151498112135
17,192,9.18045606445813
17,193,8.795880017344075
17,194,8.585026652029182
17,195,9.244125144327509
17,196,9.167491087293763
17,197,5.0
17,198,8.568636235841012
17,199,5.0
17,200,5.0
17,201,9.69897000433602
17,202,6.2441251443275085
17,203,7.0655015487564325
17,204,5.0
17,205,5.920818753952375
17,206,5.0
17,207,5.0
17,208,5.0
17,209,9.244125144327509
17,210,5.275724130399211
17,211,5.0
17,212,5.0
17,213,5.0
17,214,6.853871964321762
17,215,6.552841968657781
17,216,6.508638306165727
17,217,5.886056647693163
17,218,6.1938200260161125
17,219,5.508638306165727
17,220,7.346787486224656
17,221,5.0
17,222,5.0
17,223,5.0
17,224,5.0
17,225,5.0
17,226,5.0
17,227,5.0
17,228,6.0
17,229,5.853871964321762
17,230,5.0
17,231,5.0
17,232,8.481486060122112
17,233,5.0
17,234,5.0
17,235,5.0
17,236,5.0
17,237,5.0
17,238,5.0
17,239,6.366531544420414
17,240,5.0
17,241,5.0
17,242,5.0
17,243,5.0
17,244,5.0
17,245,5.0
17,246,5.0
17,247,5.698970004336019
17,248,5.6777807052660805
17,249,5.42021640338319
17,250,5.0
17,251,5.0
17,252,5.0
17,253,5.721246399047171
17,254,5.0
17,255,5.0
17,256,5.0
17,257,5.455931955649724
17,258,5.0
17,259,5.0
17,260,5.0
17,261,5.0
17,262,5.0
17,263,5.0
17,264,6.327902142064283
17,265,5.187086643357144
17,266,5.0
17,267,5.0
17,268,5.0
17,269,5.0
17,270,5.0
17,271,5.0
17,272,5.0
17,273,6.585026652029182
17,274,5.0
17,275,7.568636235841013
17,276,6.3872161432802645
17,277,5.0
17,278,5.0
17,279,5.0
17,280,5.0
17,281,5.0
17,282,5.0
17,283,5.0
17,284,5.0
17,285,5.0
17,286,5.0
17,287,5.0
17,288,9.327902142064282
17,289,9.200659450546418
17,290,5.0
17,291,6.1938200260161125
17,292,5.0
17,293,5.0
17,294,5.0
17,295,5.0
17,296,5.0
17,297,5.0
17,298,5.0
17,299,5.0
17,300,5.0
17,301,5.0
17,302,5.0
17,303,5.0
17,304,5.0
17,305,5.0
17,306,5.0
17,307,5.0
17,308,5.0
17,309,5.0
17,310,5.0
17,311,5.0
17,312,5.0
17,313,5.0
17,314,5.0
17,315,5.0
17,316,5.0
17,317,5.0
17,318,5.0
17,319,5.0
17,320,5.0
17,321,5.0
17,322,6.886056647693163
17,323,5.0
17,324,5.0
17,325,5.0
17,326,5.0
17,327,5.0
17,328,5.0
17,329,5.0
17,330,5.0
17,331,5.0
17,332,5.0
17,333,5.0
17,334,5.0
17,335,5.0
17,336,5.0
17,337,5.0
17,338,5.0
17,339,5.0
17,340,5.0
17,341,5.0
17,342,5.0
17,343,5.0
17,344,7.552841968657781
17,345,6.2441251443275085
17,346,6.136677139879544
17,347,6.4089353929735005
17,348,5.494850021680094
17,349,5.0
17,350,5.0
17,351,5.0
17,352,5.0
17,353,5.0
17,354,7.508638306165727
17,355,5.0
17,356,5.0
17,357,5.0
17,358,5.0
17,359,5.0
17,360,5.0
17,361,5.0
17,362,5.0
17,363,5.0
17,364,5.0
17,365,5.0
17,366,5.0
17,367,5.0
17,368,5.0
17,369,5.0
17,370,5.0
17,371,5.0
17,372,5.920818753952375
17,373,5.0
17,374,5.0
17,375,8.4089353929735
17,376,8.193820026016112
17,377,6.142667503568732
17,378,5.0
17,379,5.0
17,380,9.67778070526608
17,381,7.886056647693163
17,382,5.0
17,383,5.0
17,384,5.0
17,385,5.0
17,386,5.0
17,387,6.113509274827518
17,388,6.6777807052660805
17,389,5.0
17,390,5.537602002101044
17,391,5.431798275933005
17,392,5.0
17,393,5.267606240177032
17,394,5.638272163982407
17,395,5.0
17,396,7.886056647693163
17,397,7.481486060122113
17,398,6.638272163982407
17,399,5.537602002101044
17,400,5.0
17,401,5.0
17,402,5.0
17,403,5.0
17,404,5.698970004336019
17,405,5.0
17,406,8.2518119729938
17,407,7.958607314841775
17,408,5.0
17,409,5.0
17,410,5.0
17,411,5.0
17,412,5.0
17,413,5.0
17,414,8.67778070526608
17,415,5.7447274948966935
17,416,6.958607314841775
17,417,5.0
17,418,5.0
17,419,5.0
17,420,5.337242168318426
17,421,5.537602002101044
17,422,5.494850021680094
17,423,5.154901959985743
17,424,6.698970004336019
17,425,5.0
17,426,5.0
17,427,5.0
17,428,9.522878745280336
17,429,5.468521082957745
17,430,7.102372908709558
17,431,7.346787486224656
17,432,5.0
18,0,5.0
18,1,5.0
18,2,5.0
18,3,5.0
18,4,5.0
18,5,5.0
18,6,5.0
18,7,6.259637310505756
18,8,5.070581074285707
18,9,5.0
18,10,5.886056647693163
18,11,5.0
18,12,5.0
18,13,5.0
18,14,5.0
18,15,5.0
18,16,5.0
18,17,5.0
18,18,5.0
18,19,5.0
18,20,5.0
18,21,5.0
18,22,5.0
18,23,5.0
18,24,6.0
18,25,5.0
18,26,5.0
18,27,5.0
18,28,5.0
18,29,5.0
18,30,5.0
18,31,5.0
18,32,5.0
18,33,6.167491087293763
18,34,5.0
18,35,5.0
18,36,5.0
18,37,5.0
18,38,5.568636235841013
18,39,5.0
18,40,5.0
18,41,5.0
18,42,5.0
18,43,5.0
18,44,5.0
18,45,5.0
18,46,5.0
18,47,5.0
18,48,5.0
18,49,5.0
18,50,5.0
18,51,5.0
18,52,5.0
18,53,5.0
18,54,5.0
18,55,5.0
18,56,5.0
18,57,5.958607314841775
18,58,6.698970004336019
18,59,5.0
18,60,5.0
18,61,5.698970004336019
18,62,5.508638306165727
18,63,6.657577319177793
18,64,5.0
18,65,5.0
18,66,5.0
18,67,5.0
18,68,5.0
18,69,5.0
18,70,5.0
18,71,5.6777807052660805
18,72,5.0
18,73,5.0
18,74,5.0
18,75,5.0
18,76,5.091514981121351
18,77,5.0
18,78,5.0
18,79,5.0
18,80,5.0
18,81,5.0
18,82,5.0
18,83,5.0
18,84,5.0
18,85,5.0
18,86,5.0
18,87,5.0
18,88,5.0
18,89,5.0
18,90,5.0
18,91,5.0
18,92,5.0
18,93,5.0
18,94,8.721246399047171
18,95,7.481486060122113
18,96,5.0
18,97,5.0
18,98,5.920818753952375
18,99,5.0
18,100,5.0
18,101,5.0
18,102,5.0
18,103,5.0
18,104,5.154901959985743
18,105,5.0
18,106,5.221848749616356
18,107,5.040958607678906
18,108,5.275724130399211
18,109,5.0
18,110,5.167491087293763
18,111,5.0
18,112,5.0
18,113,5.0
18,114,5.119186407719209
18,115,5.619788758288394
18,116,5.0
18,117,5.008773924307505
18,118,5.2076083105017466
18,119,6.055517327849832
18,120,5.537602002101044
18,121,5.853871964321762
18,122,5.698970004336019
18,123,6.0655015487564325
18,124,6.568636235841013
18,125,5.309803919971486
18,126,6.356547323513812
18,127,5.0
18,128,5.0
18,129,5.0
18,130,5.0
18,131,5.0
18,132,5.0
18,133,5.0
18,134,5.0
18,135,5.0
18,136,5.0
18,137,5.0
18,138,5.522878745280337
18,139,5.0
18,140,5.1487416512809245
18,141,5.0
18,142,5.0
18,143,5.366531544420414
18,144,5.0
18,145,5.0
18,146,5.0
18,147,5.0
18,148,5.0
18,149,6.3872161432802645
18,150,5.638272163982407
18,151,5.0
18,152,5.0
18,153,6.050609993355088
18,154,5.301029995663981
18,155,5.0
18,156,5.1487416512809245
18,157,5.920818753952375
18,158,5.0
18,159,5.0
18,160,5.0
18,161,5.0
18,162,5.0
18,163,5.0
18,164,5.0
18,165,5.0
18,166,5.0
18,167,5.0
18,168,5.0
18,169,5.0
18,170,5.0
18,171,5.0
18,172,5.0
18,173,5.0
18,174,5.0
18,175,5.0
18,176,5.0
18,177,5.0
18,178,5.0
18,179,5.0
18,180,5.0
18,181,5.0
18,182,5.0
18,183,5.0
18,184,5.0
18,185,5.0
18,186,5.0
18,187,5.0
18,188,5.040958607678906
18,189,8.136677139879543
18,190,6.958607314841775
18,191,6.769551078621726
18,192,5.853871964321762
18,193,5.0
18,194,5.0
18,195,6.585026652029182
18,196,6.638272163982407
18,197,6.585026652029182
18,198,5.619788758288394
18,199,5.0
18,200,5.0
18,201,5.920818753952375
18,202,5.0
18,203,5.0
18,204,5.0
18,205,7.920818753952375
18,206,5.0
18,207,5.0
18,208,5.853871964321762
18,209,5.568636235841013
18,210,5.0
18,211,5.0
18,212,5.0
18,213,5.0
18,214,5.0
18,215,5.0
18,216,5.0
18,217,5.0
18,218,5.0
18,219,7.045757490560675
18,220,5.0
18,221,5.0
18,222,5.0
18,223,5.0
18,224,5.0
18,225,5.0
18,226,5.0
18,227,5.0
18,228,5.0
18,229,5.0
18,230,5.0
18,231,5.0
18,232,5.0
18,233,5.0
18,234,5.0
18,235,5.431798275933005
18,236,5.0
18,237,5.0
18,238,5.0
18,239,6.508638306165727
18,240,5.0
18,241,5.200659450546418
18,242,5.795880017344075
18,243,5.0
18,244,5.0
18,245,5.0
18,246,5.0
18,247,5.026872146400302
18,248,6.040958607678906
18,249,5.0
18,250,5.0
18,251,5.0
18,252,5.0
18,253,5.0
18,254,5.0
18,255,5.721246399047171
18,256,5.0
18,257,5.0
18,258,5.0
18,259,5.0
18,260,5.0
18,261,5.0
18,262,5.0
18,263,5.0
18,264,5.0
18,265,5.0
18,266,5.0
18,267,5.0
18,268,5.0
18,269,5.0
18,270,5.0
18,271,5.0
18,272,5.0
18,273,6.0
18,274,5.0
18,275,9.346787486224656
18,276,8.142667503568731
18,277,7.107905397309519
18,278,8.537602002101044
18,279,5.0
18,280,5.0
18,281,5.0
18,282,5.0
18,283,5.0
18,284,5.0
18,285,5.0
18,286,5.0
18,287,5.0
18,288,5.920818753952375
18,289,5.958607314841775
18,290,5.0
18,291,5.0
18,292,5.0
18,293,5.0
18,294,5.0
18,295,5.0
18,296,5.0
18,297,5.0
18,298,5.0
18,299,5.0
18,300,5.0
18,301,5.0
18,302,5.0
18,303,5.0
18,304,5.0
18,305,5.0
18,306,5.0
18,307,5.0
18,308,5.0
18,309,5.0
18,310,5.0
18,311,5.0
18,312,5.0
18,313,5.0
18,314,5.0
18,315,5.0
18,316,5.0
18,317,5.0
18,318,5.0
18,319,5.0
18,320,5.0
18,321,5.0
18,322,5.0
18,323,5.0
18,324,5.0
18,325,5.0
18,326,5.0
18,327,5.0
18,328,5.0
18,329,5.0
18,330,5.0
18,331,5.0
18,332,5.0
18,333,5.0
18,334,5.0
18,335,5.0
18,336,5.0
18,337,5.0
18,338,5.0
18,339,5.0
18,340,5.0
18,341,5.0
18,342,5.0
18,343,6.00436480540245
18,344,5.0
18,345,5.0
18,346,6.301029995663981
18,347,6.619788758288394
18,348,5.0
18,349,5.0
18,350,5.0
18,351,5.0
18,352,5.0
18,353,5.0
18,354,5.236572006437063
18,355,5.0
18,356,5.0
18,357,5.0
18,358,5.0
18,359,5.0
18,360,5.0
18,361,5.0
18,362,5.0
18,363,5.0
18,364,5.0
18,365,5.0
18,366,5.0
18,367,5.0
18,368,5.0
18,369,5.0
18,370,5.0
18,371,5.0
18,372,5.0
18,373,5.0
18,374,5.0
18,375,5.0
18,376,5.0
18,377,6.823908740944319
18,378,5.0
18,379,5.0
18,380,5.0
18,381,5.0
18,382,5.0
18,383,5.0
18,384,5.0
18,385,5.0
18,386,5.0
18,387,5.0
18,388,5.0
18,389,5.0
18,390,5.0
18,391,6.823908740944319
18,392,5.0
18,393,5.0
18,394,5.0
18,395,5.0
18,396,5.0
18,397,5.0
18,398,5.0
18,399,5.0
18,400,8.080921907623926
18,401,7.698970004336019
18,402,5.0
18,403,5.0
18,404,6.853871964321762
18,405,5.0
18,406,5.0
18,407,5.0
18,408,6.0
18,409,6.2441251443275085
18,410,6.721246399047171
18,411,5.0
18,412,5.0
18,413,5.481486060122113
18,414,5.0
18,415,5.0
18,416,5.0
18,417,5.0
18,418,5.0
18,419,5.0
18,420,5.0
18,421,5.4089353929735005
18,422,5.0
18,423,5.0
18,424,5.0
18,425,5.0
18,426,5.0
18,427,5.0
18,428,5.309803919971486
18,429,5.0
18,430,5.0
18,431,6.0655015487564325
18,432,5.0
19,0,6.769551078621726
19,1,7.1249387366083
19,2,5.346787486224656
19,3,5.958607314841775
19,4,7.221848749616356
19,5,7.318758762624412
19,6,7.236572006437063
19,7,7.508638306165727
19,8,7.337242168318426
19,9,7.267606240177032
19,10,5.0
19,11,5.0
19,12,5.0
19,13,5.0
19,14,5.0
19,15,5.0
19,16,5.0
19,17,5.0
19,18,5.0
19,19,5.0
19,20,5.0
19,21,5.455931955649724
19,22,6.2839966563652006
19,23,6.086186147616283
19,24,7.102372908709558
19,25,6.619788758288394
19,26,5.0
19,27,5.0
19,28,5.0
19,29,6.552841968657781
19,30,5.958607314841775
19,31,5.42021640338319
19,32,7.267606240177032
19,33,6.721246399047171
19,34,5.0
19,35,5.0
19,36,5.508638306165727
19,37,5.0
19,38,5.0
19,39,5.0
19,40,5.0
19,41,5.0
19,42,5.0
19,43,5.0
19,44,5.0
19,45,5.0
19,46,5.0
19,47,5.0
19,48,5.0
19,49,5.0
19,50,5.0
19,51,5.0
19,52,5.508638306165727
19,53,5.0
19,54,5.0
19,55,5.0
19,56,5.0
19,57,5.0
19,58,5.0
19,59,5.0
19,60,5.0
19,61,5.0
19,62,5.585026652029182
19,63,5.0
19,64,5.0
19,65,5.0
19,66,6.7447274948966935
19,67,5.0
19,68,5.0
19,69,5.920818753952375
19,70,5.0
19,71,5.086186147616283
19,72,5.167491087293763
19,73,5.769551078621726
19,74,5.0
19,75,5.187086643357144
19,76,7.221848749616356
19,77,5.0
19,78,5.0
19,79,5.0
19,80,5.0
19,81,5.0
19,82,5.0
19,83,5.0
19,84,5.0
19,85,5.585026652029182
19,86,6.698970004336019
19,87,5.0
19,88,5.0
19,89,5.0
19,90,5.0
19,91,5.0
19,92,5.0
19,93,5.886056647693163
19,94,5.6020599913279625
19,95,5.0655015487564325
19,96,5.6777807052660805
19,97,5.0
19,98,5.0
19,99,6.080921907623926
19,100,5.7447274948966935
19,101,5.0
19,102,5.0
19,103,5.221848749616356
19,104,5.0
19,105,5.0
19,106,5.0
19,107,5.0
19,108,5.0
19,109,5.0
19,110,5.0
19,111,5.0
19,112,6.026872146400302
19,113,5.0
19,114,5.0
19,115,5.853871964321762
19,116,5.0
19,117,5.0
19,118,5.0
19,119,5.0
19,120,5.0
19,121,5.0
19,122,5.0
19,123,5.0
19,124,5.0
19,125,5.0
19,126,5.0
19,127,5.0
19,128,5.0
19,129,6.657577319177793
19,130,5.0
19,131,5.0
19,132,5.0
19,133,5.0
19,134,5.0
19,135,5.0
19,136,5.0
19,137,5.0
19,138,5.0
19,139,5.0
19,140,5.0
19,141,5.0
19,142,5.0
19,143,6.823908740944319
19,144,6.3872161432802645
19,145,6.638272163982407
19,146,6.431798275933005
19,147,5.366531544420414
19,148,6.721246399047171
19,149,7.161150909262744
19,150,9.193820026016112
19,151,8.214670164989233
19,152,8.2839966563652
19,153,8.958607314841775
19,154,8.318758762624412
19,155,8.1249387366083
19,156,6.236572006437063
19,157,5.638272163982407
19,158,6.356547323513812
19,159,6.309803919971486
19,160,6.6020599913279625
19,161,5.657577319177793
19,162,7.013228265733755
19,163,5.886056647693163
19,164,5.0
19,165,6.455931955649724
19,166,5.481486060122113
19,167,5.376750709602099
19,168,6.301029995663981
19,169,5.292429823902063
19,170,5.0
19,171,7.356547323513813
19,172,6.3872161432802645
19,173,5.0
19,174,5.0
19,175,5.7447274948966935
19,176,5.0
19,177,6.318758762624412
19,178,5.0
19,179,5.0
19,180,6.769551078621726
19,181,5.0
19,182,6.886056647693163
19,183,6.275724130399211
19,184,5.0
19,185,6.42021640338319
19,186,6.886056647693163
19,187,6.3872161432802645
19,188,5.0
19,189,5.0
19,190,5.0
19,191,8.1249387366083
19,192,7.346787486224656
19,193,6.769551078621726
19,194,5.853871964321762
19,195,8.795880017344075
19,196,8.142667503568731
19,197,7.585026652029182
19,198,8.508638306165727
19,199,5.769551078621726
19,200,6.275724130399211
19,201,6.6020599913279625
19,202,5.0
19,203,5.0
19,204,5.431798275933005
19,205,6.259637310505756
19,206,5.823908740944319
19,207,6.055517327849832
19,208,5.0
19,209,6.1249387366083
19,210,6.769551078621726
19,211,5.0
19,212,5.0
19,213,5.0
19,214,7.1487416512809245
19,215,5.0
19,216,5.259637310505756
19,217,5.721246399047171
19,218,6.251811972993799
19,219,6.795880017344075
19,220,6.2076083105017466
19,221,5.0
19,222,5.0
19,223,5.638272163982407
19,224,5.823908740944319
19,225,5.468521082957745
19,226,5.769551078621726
19,227,7.397940008672037
19,228,6.2839966563652006
19,229,6.455931955649724
19,230,5.0
19,231,5.0
19,232,7.494850021680094
19,233,5.0
19,234,5.795880017344075
19,235,5.7447274948966935
19,236,5.0
19,237,5.0
19,238,5.0
19,239,8.040958607678906
19,240,5.0
19,241,5.0
19,242,5.0
19,243,8.698970004336019
19,244,5.00436480540245
19,245,5.0
19,246,5.657577319177793
19,247,5.0
19,248,5.0
19,249,6.698970004336019
19,250,5.0
19,251,6.318758762624412
19,252,6.366531544420414
19,253,6.267606240177032
19,254,5.0
19,255,6.080921907623926
19,256,5.455931955649724
19,257,7.036212172654444
19,258,7.096910013008056
19,259,5.0
19,260,5.0
19,261,6.180456064458132
19,262,5.0
19,263,5.0
19,264,5.0
19,265,5.698970004336019
19,266,5.0
19,267,5.568636235841013
19,268,5.638272163982407
19,269,5.823908740944319
19,270,5.251811972993799
19,271,5.040958607678906
19,272,6.070581074285707
19,273,5.0
19,274,5.0
19,275,5.0
19,276,5.0
19,277,5.0
19,278,5.0
19,279,5.0
19,280,5.0
19,281,6.113509274827518
19,282,5.0
19,283,5.0
19,284,5.0
19,285,6.366531544420414
19,286,5.522878745280337
19,287,5.075720713938118
19,288,7.267606240177032
19,289,8.42021640338319
19,290,5.0
19,291,6.214670164989233
19,292,5.0
19,293,5.0
19,294,5.0
19,295,6.1938200260161125
19,296,5.045757490560675
19,297,5.0
19,298,5.0
19,299,5.0
19,300,5.0
19,301,5.0
19,302,5.0
19,303,5.0
19,304,5.0
19,305,5.0
19,306,5.0
19,307,5.0
19,308,5.0
19,309,5.0
19,310,5.0
19,311,5.0
19,312,5.0
19,313,5.0
19,314,5.0
19,315,5.0
19,316,5.721246399047171
19,317,5.366531544420414
19,318,6.585026652029182
19,319,5.0
19,320,5.0
19,321,5.0
19,322,5.0
19,323,6.7447274948966935
19,324,5.00436480540245
19,325,6.522878745280337
19,326,5.0
19,327,6.2441251443275085
19,328,5.0
19,329,5.0
19,330,5.0
19,331,5.0
19,332,5.0
19,333,5.0
19,334,5.494850021680094
19,335,5.0
19,336,5.0
19,337,5.0
19,338,5.0
19,339,5.0
19,340,5.552841968657781
19,341,5.0
19,342,6.251811972993799
19,343,5.0
19,344,5.0
19,345,5.0
19,346,7.1487416512809245
19,347,7.327902142064283
19,348,7.568636235841013
19,349,7.585026652029182
19,350,6.376750709602099
19,351,6.585026652029182
19,352,6.161150909262744
19,353,6.494850021680094
19,354,5.0
19,355,5.0
19,356,5.0
19,357,6.119186407719209
19,358,5.508638306165727
19,359,5.0
19,360,6.229147988357856
19,361,5.0
19,362,6.167491087293763
19,363,5.0
19,364,6.346787486224656
19,365,5.0
19,366,5.251811972993799
19,367,6.508638306165727
19,368,5.0
19,369,5.337242168318426
19,370,5.0
19,371,6.2441251443275085
19,372,5.823908740944319
19,373,5.0
19,374,6.017728766960432
19,375,5.0
19,376,5.431798275933005
19,377,6.522878745280337
19,378,6.886056647693163
19,379,5.0
19,380,5.7447274948966935
19,381,5.0
19,382,6.376750709602099
19,383,6.537602002101044
19,384,6.6020599913279625
19,385,5.823908740944319
19,386,5.0
19,387,5.0
19,388,5.0
19,389,6.275724130399211
19,390,5.0
19,391,6.200659450546418
19,392,5.0
19,393,5.0
19,394,5.0
19,395,6.886056647693163
19,396,5.0
19,397,5.0
19,398,5.0
19,399,5.0
19,400,5.3979400086720375
19,401,5.0
19,402,5.0
19,403,5.585026652029182
19,404,7.619788758288394
19,405,5.0
19,406,5.0
19,407,5.0
19,408,7.0
19,409,6.142667503568732
19,410,6.721246399047171
19,411,5.0
19,412,5.0
19,413,5.0
19,414,5.0
19,415,6.823908740944319
19,416,5.657577319177793
19,417,5.031517051446065
19,418,7.259637310505756
19,419,7.267606240177032
19,420,6.769551078621726
19,421,7.167491087293763
19,422,5.0
19,423,5.920818753952375
19,424,5.0
19,425,5.0
19,426,5.0
19,427,5.0
19,428,6.236572006437063
19,429,5.920818753952375
19,430,7.920818753952375
19,431,5.0
19,432,5.0
20,0,5.568636235841013
20,1,5.0
20,2,5.0
20,3,5.0
20,4,5.0
20,5,5.0
20,6,5.0
20,7,5.0
20,8,5.0
20,9,5.0
20,10,5.0
20,11,5.0
20,12,5.0
20,13,5.0
20,14,5.0
20,15,5.0
20,16,5.0
20,17,5.0
20,18,5.0
20,19,5.0
20,20,6.0
20,21,5.0
20,22,5.0
20,23,5.301029995663981
20,24,5.0
20,25,5.0
20,26,5.0
20,27,5.0
20,28,5.0
20,29,5.0
20,30,5.0
20,31,5.481486060122113
20,32,5.537602002101044
20,33,5.0
20,34,5.0
20,35,5.0
20,36,5.0
20,37,5.0
20,38,5.0
20,39,5.0
20,40,5.0
20,41,5.0
20,42,5.0
20,43,5.0
20,44,5.0
20,45,5.0
20,46,5.0
20,47,5.0
20,48,5.0
20,49,5.552841968657781
20,50,5.0
20,51,5.0
20,52,5.0
20,53,5.173925197299173
20,54,5.0
20,55,5.0
20,56,5.0
20,57,5.0
20,58,5.0
20,59,5.301029995663981
20,60,5.958607314841775
20,61,5.0
20,62,5.585026652029182
20,63,5.0
20,64,5.886056647693163
20,65,5.0
20,66,5.468521082957745
20,67,5.0
20,68,5.0
20,69,5.0
20,70,5.0
20,71,5.0
20,72,6.292429823902063
20,73,6.366531544420414
20,74,5.0
20,75,5.795880017344075
20,76,5.0
20,77,5.0
20,78,5.0
20,79,5.0
20,80,5.0
20,81,5.0
20,82,5.0
20,83,5.0
20,84,5.0
20,85,5.0
20,86,5.0
20,87,5.0
20,88,5.0
20,89,5.0
20,90,5.0
20,91,5.0
20,92,5.0
20,93,5.0
20,94,5.0
20,95,5.0
20,96,5.0
20,97,5.657577319177793
20,98,5.0
20,99,6.119186407719209
20,100,5.0
20,101,6.795880017344075
20,102,6.0
20,103,5.0
20,104,5.0
20,105,5.0
20,106,5.0
20,107,5.0
20,108,5.0
20,109,5.0
20,110,5.0
20,111,5.0
20,112,5.0
20,113,5.0
20,114,5.0
20,115,5.0
20,116,5.0
20,117,5.0
20,118,5.0
20,119,5.0
20,120,5.0
20,121,5.0
20,122,5.0
20,123,5.0
20,124,5.0
20,125,5.0
20,126,5.0
20,127,5.0
20,128,5.0
20,129,5.0
20,130,5.0
20,131,5.0
20,132,5.0
20,133,5.0
20,134,5.0
20,135,5.0
20,136,5.0
20,137,5.0
20,138,7.119186407719209
20,139,5.0
20,140,5.0
20,141,5.0
20,142,5.0
20,143,5.3979400086720375
20,144,5.0
20,145,5.0
20,146,5.0
20,147,5.0
20,148,5.0
20,149,5.0
20,150,6.481486060122113
20,151,7.309803919971486
20,152,7.397940008672037
20,153,6.376750709602099
20,154,6.6020599913279625
20,155,5.7447274948966935
20,156,5.42021640338319
20,157,5.0
20,158,5.0
20,159,5.0
20,160,5.0
20,161,5.769551078621726
20,162,5.0
20,163,5.886056647693163
20,164,5.0
20,165,8.080921907623926
20,166,5.0
20,167,6.0
20,168,6.142667503568732
20,169,5.0
20,170,5.920818753952375
20,171,5.7447274948966935
20,172,5.0
20,173,6.167491087293763
20,174,5.0
20,175,5.0
20,176,5.0
20,177,5.0
20,178,5.0
20,179,5.0
20,180,5.0
20,181,5.0
20,182,5.0
20,183,5.0
20,184,5.0
20,185,5.0
20,186,5.0
20,187,5.769551078621726
20,188,5.0
20,189,5.0
20,190,5.0
20,191,5.0
20,192,5.0
20,193,5.0
20,194,5.958607314841775
20,195,5.2839966563652006
20,196,5.0
20,197,5.0
20,198,5.0
20,199,5.0
20,200,5.0
20,201,5.0
20,202,5.0
20,203,5.0
20,204,5.0
20,205,5.0
20,206,5.0
20,207,5.0
20,208,5.0
20,209,5.0
20,210,5.0
20,211,5.0
20,212,5.0
20,213,5.0
20,214,5.0
20,215,5.0
20,216,5.0
20,217,5.0
20,218,5.0
20,219,5.0
20,220,5.0
20,221,5.0
20,222,5.0
20,223,5.0
20,224,5.0
20,225,5.0
20,226,5.0
20,227,5.0
20,228,5.0
20,229,5.0
20,230,5.0
20,231,5.0
20,232,5.0
20,233,5.0
20,234,5.251811972993799
20,235,5.0
20,236,5.552841968657781
20,237,5.0
20,238,5.075720713938118
20,239,5.455931955649724
20,240,5.0
20,241,5.0
20,242,5.0
20,243,5.0
20,244,5.0
20,245,5.0
20,246,5.0
20,247,5.0
20,248,5.0
20,249,5.0
20,250,5.0
20,251,5.721246399047171
20,252,5.0
20,253,5.161150909262744
20,254,5.0
20,255,5.0
20,256,5.0
20,257,5.0
20,258,6.638272163982407
20,259,5.0
20,260,5.0
20,261,5.0
20,262,5.0
20,263,5.0
20,264,5.0
20,265,5.0
20,266,5.0
20,267,5.0
20,268,5.0
20,269,5.0
20,270,5.0
20,271,5.0
20,272,5.0
20,273,5.0
20,274,5.0
20,275,5.0
20,276,5.0
20,277,5.0
20,278,5.0
20,279,5.0
20,280,5.0
20,281,5.366531544420414
20,282,5.0
20,283,5.0
20,284,5.0
20,285,5.275724130399211
20,286,5.0
20,287,5.0
20,288,5.0
20,289,5.481486060122113
20,290,5.0
20,291,5.0
20,292,5.0
20,293,5.309803919971486
20,294,5.823908740944319
20,295,5.376750709602099
20,296,5.0
20,297,5.0
20,298,5.0
20,299,5.0
20,300,5.0
20,301,5.0
20,302,5.0
20,303,5.0
20,304,5.0
20,305,5.0
20,306,5.0
20,307,5.0
20,308,5.0
20,309,5.0
20,310,5.0
20,311,5.0
20,312,5.0
20,313,6.698970004336019
20,314,6.060480747381382
20,315,5.958607314841775
20,316,5.0
20,317,5.180456064458132
20,318,5.0
20,319,5.0
20,320,6.481486060122113
20,321,6.229147988357856
20,322,5.0
20,323,5.292429823902063
20,324,5.0
20,325,5.0
20,326,5.0
20,327,5.0
20,328,5.0
20,329,5.0
20,330,7.602059991327962
20,331,8.050609993355087
20,332,7.337242168318426
20,333,5.0
20,334,7.443697499232713
20,335,5.0
20,336,5.0
20,337,5.0
20,338,5.958607314841775
20,339,6.769551078621726
20,340,5.0
20,341,5.0
20,342,5.0
20,343,5.0
20,344,5.0
20,345,5.0
20,346,5.0
20,347,5.0
20,348,5.0
20,349,5.0
20,350,5.0
20,351,5.0
20,352,5.0
20,353,5.0
20,354,5.0
20,355,5.0
20,356,5.0
20,357,5.0
20,358,5.0
20,359,5.0
20,360,5.6020599913279625
20,361,5.0
20,362,6.431798275933005
20,363,5.0
20,364,5.795880017344075
20,365,5.0
20,366,7.060480747381382
20,367,6.657577319177793
20,368,5.0
20,369,7.602059991327962
20,370,5.0
20,371,5.7447274948966935
20,372,5.0
20,373,5.0
20,374,5.0
20,375,5.0
20,376,5.0
20,377,5.508638306165727
20,378,5.3872161432802645
20,379,5.0
20,380,5.0
20,381,5.0
20,382,5.0
20,383,5.0
20,384,5.0
20,385,5.6020599913279625
20,386,5.309803919971486
20,387,5.0
20,388,5.0
20,389,5.0
20,390,5.0
20,391,5.0
20,392,5.0
20,393,5.0
20,394,5.0
20,395,5.0
20,396,5.0
20,397,5.0
20,398,5.0
20,399,5.0
20,400,5.0
20,401,5.0
20,402,6.292429823902063
20,403,5.853871964321762
20,404,5.0
20,405,5.468521082957745
20,406,5.0
20,407,5.0
20,408,5.0
20,409,5.0
20,410,5.0
20,411,5.0
20,412,5.0
20,413,5.0
20,414,5.0
20,415,5.0
20,416,5.0
20,417,5.0
20,418,5.0
20,419,5.0
20,420,5.0
20,421,5.0
20,422,5.0
20,423,5.0
20,424,5.0
20,425,5.0
20,426,5.0
20,427,5.0
20,428,5.0
20,429,5.0
20,430,5.795880017344075
20,431,5.0
20,432,5.0
21,0,5.920818753952375
21,1,7.200659450546418
21,2,5.958607314841775
21,3,6.823908740944319
21,4,7.236572006437063
21,5,7.180456064458132
21,6,7.214670164989233
21,7,7.229147988357856
21,8,7.119186407719209
21,9,7.119186407719209
21,10,6.698970004336019
21,11,5.0
21,12,5.0
21,13,5.0
21,14,5.0
21,15,5.0
21,16,5.721246399047171
21,17,5.6020599913279625
21,18,5.0
21,19,5.0
21,20,5.0
21,21,5.920818753952375
21,22,5.0
21,23,5.0
21,24,5.0
21,25,5.0
21,26,5.0
21,27,5.0
21,28,5.657577319177793
21,29,5.853871964321762
21,30,6.221848749616356
21,31,5.3979400086720375
21,32,5.920818753952375
21,33,6.721246399047171
21,34,5.0
21,35,5.0
21,36,5.0
21,37,5.0
21,38,5.0
21,39,5.0
21,40,5.0
21,41,5.0
21,42,5.0
21,43,5.0
21,44,5.0
21,45,5.0
21,46,5.0
21,47,5.0
21,48,5.0
21,49,5.1938200260161125
21,50,5.0
21,51,5.0
21,52,5.0
21,53,5.0
21,54,5.0
21,55,5.0
21,56,5.0
21,57,5.0
21,58,5.0
21,59,5.0
21,60,5.0
21,61,5.0
21,62,5.0
21,63,5.0
21,64,5.0
21,65,5.0
21,66,5.0
21,67,5.0
21,68,5.0
21,69,5.0
21,70,5.0
21,71,6.167491087293763
21,72,5.0
21,73,5.0
21,74,5.0
21,75,5.0
21,76,5.0
21,77,5.017728766960431
21,78,5.0
21,79,5.0
21,80,5.455931955649724
21,81,6.301029995663981
21,82,5.0
21,83,5.0
21,84,5.0
21,85,5.0
21,86,5.0
21,87,5.0
21,88,5.0
21,89,5.0
21,90,5.221848749616356
21,91,5.0
21,92,5.0
21,93,5.0
21,94,6.102372908709558
21,95,5.0
21,96,5.0
21,97,5.537602002101044
21,98,5.468521082957745
21,99,5.200659450546418
21,100,5.026872146400302
21,101,5.0
21,102,5.0
21,103,5.886056647693163
21,104,9.173925197299171
21,105,9.318758762624412
21,106,9.070581074285707
21,107,9.2839966563652
21,108,9.2839966563652
21,109,9.327902142064282
21,110,9.455931955649724
21,111,9.013228265733757
21,112,6.721246399047171
21,113,8.920818753952375
21,114,8.795880017344075
21,115,6.853871964321762
21,116,5.0
21,117,5.0
21,118,5.0
21,119,5.619788758288394
21,120,5.0
21,121,6.1487416512809245
21,122,6.356547323513812
21,123,5.853871964321762
21,124,6.026872146400302
21,125,5.958607314841775
21,126,5.0
21,127,5.0
21,128,5.657577319177793
21,129,5.769551078621726
21,130,5.537602002101044
21,131,5.958607314841775
21,132,6.638272163982407
21,133,5.0
21,134,5.0
21,135,5.0
21,136,5.6020599913279625
21,137,5.0
21,138,5.0
21,139,5.0
21,140,5.0
21,141,5.0
21,142,5.0
21,143,5.0
21,144,5.0
21,145,5.0
21,146,5.0
21,147,5.0
21,148,5.958607314841775
21,149,5.356547323513812
21,150,5.920818753952375
21,151,6.455931955649724
21,152,6.886056647693163
21,153,5.886056647693163
21,154,6.301029995663981
21,155,5.0
21,156,5.6777807052660805
21,157,5.698970004336019
21,158,5.0
21,159,8.508638306165727
21,160,5.356547323513812
21,161,5.0
21,162,5.136677139879544
21,163,5.0
21,164,5.0
21,165,5.0
21,166,5.7447274948966935
21,167,5.0
21,168,5.0
21,169,5.0
21,170,6.017728766960432
21,171,5.0
21,172,5.0
21,173,5.0
21,174,5.0
21,175,5.0
21,176,5.0
21,177,5.0
21,178,5.0
21,179,5.0
21,180,5.0
21,181,5.0
21,182,5.0
21,183,5.0
21,184,5.0
21,185,5.0
21,186,5.431798275933005
21,187,6.154901959985743
21,188,5.0
21,189,5.698970004336019
21,190,5.366531544420414
21,191,5.769551078621726
21,192,5.0
21,193,5.0
21,194,5.795880017344075
21,195,5.455931955649724
21,196,5.508638306165727
21,197,5.886056647693163
21,198,5.0
21,199,5.0
21,200,5.0
21,201,6.6020599913279625
21,202,5.0
21,203,5.0
21,204,5.0
21,205,7.721246399047171
21,206,5.537602002101044
21,207,5.318758762624412
21,208,6.050609993355088
21,209,6.275724130399211
21,210,5.0
21,211,5.0
21,212,5.0
21,213,5.0
21,214,5.6020599913279625
21,215,5.638272163982407
21,216,5.0
21,217,5.0
21,218,5.0
21,219,5.0
21,220,5.0
21,221,5.0
21,222,5.0
21,223,5.0
21,224,5.0
21,225,5.0
21,226,5.0
21,227,5.0
21,228,5.0
21,229,5.0
21,230,5.0
21,231,5.0
21,232,7.017728766960432
21,233,5.0
21,234,5.0
21,235,6.008773924307505
21,236,5.42021640338319
21,237,5.552841968657781
21,238,5.958607314841775
21,239,5.886056647693163
21,240,5.0
21,241,6.161150909262744
21,242,6.0
21,243,5.0
21,244,5.0
21,245,5.0
21,246,5.0
21,247,5.0
21,248,5.0
21,249,5.0
21,250,5.0
21,251,5.0
21,252,5.0
21,253,5.0
21,254,5.0
21,255,5.0
21,256,5.0
21,257,6.013228265733755
21,258,5.0
21,259,5.0
21,260,5.0
21,261,5.0
21,262,5.0
21,263,5.0
21,264,5.0
21,265,5.0
21,266,5.0
21,267,5.0
21,268,5.0
21,269,5.0
21,270,5.0
21,271,5.0
21,272,5.0
21,273,5.0
21,274,5.0
21,275,5.0
21,276,5.0
21,277,5.0
21,278,5.0
21,279,5.0
21,280,5.0
21,281,5.0
21,282,5.0
21,283,5.0
21,284,5.0
21,285,5.0
21,286,5.0
21,287,5.0
21,288,5.7447274948966935
21,289,5.853871964321762
21,290,5.0
21,291,5.0
21,292,5.0
21,293,5.0
21,294,5.0
21,295,5.0
21,296,5.0
21,297,5.0
21,298,5.0
21,299,5.0
21,300,5.0
21,301,5.0
21,302,5.0
21,303,5.0
21,304,5.0
21,305,5.0
21,306,5.0
21,307,5.0
21,308,5.0
21,309,5.0
21,310,5.0
21,311,5.0
21,312,5.0
21,313,5.0
21,314,5.0
21,315,5.0
21,316,5.0
21,317,5.0
21,318,5.0
21,319,6.0
21,320,5.0
21,321,5.0
21,322,5.0
21,323,5.0
21,324,5.0
21,325,5.0
21,326,5.0
21,327,5.0
21,328,5.0
21,329,5.721246399047171
21,330,5.0
21,331,5.0
21,332,5.0
21,333,5.0
21,334,5.0
21,335,5.0
21,336,5.0
21,337,5.0
21,338,5.0
21,339,5.0
21,340,5.886056647693163
21,341,5.0
21,342,5.0
21,343,5.0
21,344,5.0
21,345,5.0
21,346,5.886056647693163
21,347,6.481486060122113
21,348,5.0
21,349,5.0
21,350,5.0
21,351,5.0
21,352,5.0
21,353,5.0
21,354,6.167491087293763
21,355,5.309803919971486
21,356,5.0
21,357,5.0
21,358,5.0
21,359,5.0
21,360,5.0
21,361,5.154901959985743
21,362,5.0
21,363,5.0
21,364,5.0
21,365,5.0
21,366,5.0
21,367,5.0
21,368,5.0
21,369,5.0
21,370,5.0
21,371,5.0
21,372,5.920818753952375
21,373,5.0
21,374,5.0
21,375,5.0
21,376,5.585026652029182
21,377,7.585026652029182
21,378,5.0
21,379,5.0
21,380,6.154901959985743
21,381,5.0
21,382,5.0
21,383,5.0
21,384,5.080921907623926
21,385,5.0
21,386,5.0
21,387,5.0
21,388,5.356547323513812
21,389,5.0
21,390,5.0
21,391,5.0
21,392,5.0
21,393,5.0
21,394,5.0
21,395,5.508638306165727
21,396,5.0
21,397,5.0
21,398,5.0
21,399,5.0
21,400,6.070581074285707
21,401,5.0
21,402,5.0
21,403,5.0
21,404,5.346787486224656
21,405,6.200659450546418
21,406,5.0
21,407,6.2441251443275085
21,408,5.0
21,409,5.0
21,410,5.0
21,411,5.0
21,412,5.0
21,413,5.431798275933005
21,414,5.42021640338319
21,415,5.0
21,416,5.619788758288394
21,417,5.4089353929735005
21,418,5.0
21,419,5.0
21,420,6.036212172654444
21,421,5.2441251443275085
21,422,5.0
21,423,5.0
21,424,5.0
21,425,5.0
21,426,5.0
21,427,5.0
21,428,5.657577319177793
21,429,5.0
21,430,7.602059991327962
21,431,5.0
21,432,5.0
22,0,5.0
22,1,6.823908740944319
22,2,6.6020599913279625
22,3,6.769551078621726
22,4,6.958607314841775
22,5,7.443697499232713
22,6,6.920818753952375
22,7,6.508638306165727
22,8,7.431798275933005
22,9,7.251811972993799
22,10,7.568636235841013
22,11,5.0
22,12,5.0
22,13,5.0
22,14,5.0
22,15,5.0
22,16,5.0
22,17,5.0
22,18,5.0
22,19,5.0
22,20,5.0
22,21,7.161150909262744
22,22,6.136677139879544
22,23,5.920818753952375
22,24,5.823908740944319
22,25,5.0
22,26,5.0
22,27,5.0
22,28,6.356547323513812
22,29,7.366531544420414
22,30,7.920818753952375
22,31,10.031517051446064
22,32,5.0
22,33,8.267606240177031
22,34,5.0
22,35,5.0
22,36,5.0
22,37,6.698970004336019
22,38,5.455931955649724
22,39,5.638272163982407
22,40,8.366531544420413
22,41,5.0
22,42,5.0
22,43,7.119186407719209
22,44,5.229147988357856
22,45,5.275724130399211
22,46,5.0
22,47,5.0
22,48,5.0
22,49,5.0
22,50,5.0
22,51,5.0
22,52,6.259637310505756
22,53,5.356547323513812
22,54,5.0
22,55,6.1938200260161125
22,56,6.318758762624412
22,57,6.6777807052660805
22,58,7.060480747381382
22,59,5.0
22,60,5.0
22,61,5.0
22,62,8.431798275933005
22,63,6.886056647693163
22,64,5.795880017344075
22,65,5.0
22,66,6.619788758288394
22,67,5.356547323513812
22,68,5.568636235841013
22,69,5.0
22,70,7.244125144327507
22,71,5.494850021680094
22,72,6.259637310505756
22,73,5.0
22,74,5.0
22,75,6.070581074285707
22,76,8.744727494896694
22,77,6.920818753952375
22,78,5.0
22,79,5.0
22,80,5.0
22,81,5.337242168318426
22,82,5.0
22,83,5.0
22,84,5.0
22,85,5.0
22,86,5.552841968657781
22,87,5.0
22,88,5.0
22,89,5.0
22,90,5.508638306165727
22,91,5.0
22,92,5.0
22,93,5.0
22,94,9.69897000433602
22,95,8.443697499232712
22,96,7.657577319177793
22,97,5.0
22,98,6.7447274948966935
22,99,5.0
22,100,5.0
22,101,5.0
22,102,5.0
22,103,5.698970004336019
22,104,6.356547323513812
22,105,6.508638306165727
22,106,6.920818753952375
22,107,6.431798275933005
22,108,6.795880017344075
22,109,6.6777807052660805
22,110,6.795880017344075
22,111,6.721246399047171
22,112,5.7447274948966935
22,113,7.0655015487564325
22,114,5.958607314841775
22,115,6.327902142064283
22,116,6.008773924307505
22,117,8.207608310501746
22,118,8.443697499232712
22,119,9.0
22,120,8.721246399047171
22,121,8.18045606445813
22,122,8.958607314841775
22,123,8.602059991327963
22,124,8.744727494896694
22,125,7.920818753952375
22,126,8.4089353929735
22,127,7.070581074285707
22,128,7.920818753952375
22,129,8.886056647693163
22,130,6.236572006437063
22,131,5.823908740944319
22,132,6.214670164989233
22,133,5.0
22,134,5.0
22,135,5.0
22,136,5.0
22,137,5.0
22,138,7.136677139879544
22,139,5.0
22,140,6.7447274948966935
22,141,7.431798275933005
22,142,6.958607314841775
22,143,6.161150909262744
22,144,6.096910013008056
22,145,6.040958607678906
22,146,5.795880017344075
22,147,5.0
22,148,7.397940008672037
22,149,8.42021640338319
22,150,9.045757490560677
22,151,8.853871964321762
22,152,8.698970004336019
22,153,9.086186147616283
22,154,8.823908740944319
22,155,7.958607314841775
22,156,8.823908740944319
22,157,8.42021640338319
22,158,7.055517327849832
22,159,5.0
22,160,5.0
22,161,5.0
22,162,5.0
22,163,5.0
22,164,5.0
22,165,5.0
22,166,7.823908740944319
22,167,6.376750709602099
22,168,6.657577319177793
22,169,7.366531544420414
22,170,9.292429823902063
22,171,7.356547323513813
22,172,5.267606240177032
22,173,5.0
22,174,6.366531544420414
22,175,5.229147988357856
22,176,5.0
22,177,5.853871964321762
22,178,6.6777807052660805
22,179,7.275724130399211
22,180,5.0
22,181,6.431798275933005
22,182,5.0
22,183,7.161150909262744
22,184,5.0
22,185,5.0
22,186,5.823908740944319
22,187,5.0
22,188,5.2441251443275085
22,189,6.173925197299173
22,190,5.4089353929735005
22,191,8.602059991327963
22,192,8.494850021680094
22,193,7.443697499232713
22,194,8.017728766960431
22,195,8.568636235841012
22,196,8.67778070526608
22,197,8.619788758288394
22,198,8.119186407719209
22,199,5.0
22,200,5.0
22,201,8.221848749616356
22,202,6.167491087293763
22,203,5.769551078621726
22,204,5.0
22,205,9.275724130399212
22,206,5.0
22,207,5.0
22,208,6.958607314841775
22,209,8.040958607678906
22,210,7.795880017344075
22,211,5.7447274948966935
22,212,5.0
22,213,5.0
22,214,5.721246399047171
22,215,5.318758762624412
22,216,5.721246399047171
22,217,5.698970004336019
22,218,6.958607314841775
22,219,6.721246399047171
22,220,8.397940008672037
22,221,5.0
22,222,5.0
22,223,5.0
22,224,5.0
22,225,5.0
22,226,5.0
22,227,5.0
22,228,7.920818753952375
22,229,7.886056647693163
22,230,5.0
22,231,5.0
22,232,8.602059991327963
22,233,5.0
22,234,6.522878745280337
22,235,9.568636235841012
22,236,8.853871964321762
22,237,9.0
22,238,9.086186147616283
22,239,5.585026652029182
22,240,5.0
22,241,7.142667503568732
22,242,8.431798275933005
22,243,5.522878745280337
22,244,6.0
22,245,6.275724130399211
22,246,6.468521082957745
22,247,6.180456064458132
22,248,6.481486060122113
22,249,5.958607314841775
22,250,8.522878745280337
22,251,5.0
22,252,5.0
22,253,5.0
22,254,5.0
22,255,7.886056647693163
22,256,5.0
22,257,5.638272163982407
22,258,5.0
22,259,5.552841968657781
22,260,6.161150909262744
22,261,5.0
22,262,5.0
22,263,5.0
22,264,5.0
22,265,5.0
22,266,5.0
22,267,5.0
22,268,5.0
22,269,5.0
22,270,5.0
22,271,6.327902142064283
22,272,5.0
22,273,6.769551078621726
22,274,5.0
22,275,6.494850021680094
22,276,6.119186407719209
22,277,7.267606240177032
22,278,6.4089353929735005
22,279,5.0
22,280,5.0
22,281,5.3872161432802645
22,282,5.0
22,283,5.0
22,284,5.0
22,285,6.050609993355088
22,286,6.769551078621726
22,287,6.6020599913279625
22,288,8.346787486224656
22,289,9.017728766960431
22,290,5.0
22,291,6.638272163982407
22,292,5.0
22,293,7.494850021680094
22,294,7.508638306165727
22,295,5.0
22,296,5.0
22,297,5.0
22,298,5.0
22,299,5.0
22,300,5.0
22,301,5.0
22,302,5.0
22,303,5.0
22,304,5.0
22,305,5.0
22,306,5.0
22,307,5.0
22,308,5.0
22,309,5.0
22,310,5.0
22,311,5.0
22,312,5.0
22,313,5.0
22,314,5.0
22,315,5.0
22,316,5.0
22,317,5.0
22,318,5.0
22,319,7.552841968657781
22,320,5.0
22,321,5.0
22,322,5.0
22,323,5.0
22,324,5.0
22,325,5.0
22,326,5.0
22,327,5.0
22,328,5.0
22,329,8.455931955649724
22,330,5.0
22,331,5.0
22,332,5.0
22,333,5.0
22,334,5.0
22,335,5.0
22,336,5.0
22,337,5.1249387366083
22,338,5.0
22,339,5.0
22,340,5.0
22,341,5.0
22,342,5.0
22,343,7.853871964321762
22,344,5.0
22,345,5.356547323513812
22,346,9.130768280269024
22,347,9.173925197299171
22,348,8.795880017344075
22,349,8.55284196865778
22,350,5.0
22,351,5.0
22,352,5.0
22,353,6.070581074285707
22,354,7.67778070526608
22,355,6.045757490560675
22,356,6.292429823902063
22,357,5.0
22,358,5.7447274948966935
22,359,7.853871964321762
22,360,5.0
22,361,5.0
22,362,5.0
22,363,5.0
22,364,5.0
22,365,5.0
22,366,5.0
22,367,5.292429823902063
22,368,5.0
22,369,5.0
22,370,5.0
22,371,5.920818753952375
22,372,5.0
22,373,5.0
22,374,5.0
22,375,6.795880017344075
22,376,6.1938200260161125
22,377,8.522878745280337
22,378,5.0
22,379,5.0
22,380,7.698970004336019
22,381,7.744727494896693
22,382,5.0
22,383,5.0
22,384,5.0
22,385,5.0
22,386,7.008773924307505
22,387,6.638272163982407
22,388,6.7447274948966935
22,389,5.0
22,390,6.552841968657781
22,391,6.267606240177032
22,392,5.431798275933005
22,393,5.161150909262744
22,394,5.0
22,395,6.096910013008056
22,396,6.508638306165727
22,397,6.585026652029182
22,398,5.0
22,399,5.0
22,400,9.102372908709558
22,401,8.508638306165727
22,402,5.0
22,403,5.0
22,404,6.6777807052660805
22,405,7.67778070526608
22,406,6.698970004336019
22,407,6.886056647693163
22,408,8.318758762624412
22,409,8.387216143280265
22,410,8.468521082957745
22,411,5.0
22,412,5.0
22,413,6.366531544420414
22,414,6.275724130399211
22,415,5.301029995663981
22,416,5.0
22,417,8.698970004336019
22,418,5.0
22,419,5.0
22,420,6.346787486224656
22,421,7.920818753952375
22,422,5.0
22,423,5.0
22,424,5.0
22,425,5.0
22,426,5.0
22,427,5.0
22,428,7.318758762624412
22,429,5.2441251443275085
22,430,8.259637310505756
22,431,7.346787486224656
22,432,5.0
23,0,5.0
23,1,5.0
23,2,5.0
23,3,5.0
23,4,5.0
23,5,5.0
23,6,5.0
23,7,5.0
23,8,5.0
23,9,5.0
23,10,5.0
23,11,5.0
23,12,5.619788758288394
23,13,5.0
23,14,5.0
23,15,5.0
23,16,5.0
23,17,5.0
23,18,5.0
23,19,5.0
23,20,5.0
23,21,5.0
23,22,5.0
23,23,5.0
23,24,5.0
23,25,5.0
23,26,5.0
23,27,5.0
23,28,5.0
23,29,5.0
23,30,5.0
23,31,5.0
23,32,5.0
23,33,5.0
23,34,5.0
23,35,5.7447274948966935
23,36,5.0
23,37,5.0
23,38,9.721246399047171
23,39,9.744727494896694
23,40,5.0
23,41,5.0
23,42,5.0
23,43,5.0
23,44,5.0
23,45,5.0
23,46,5.0
23,47,5.0
23,48,5.0
23,49,5.0
23,50,5.0
23,51,5.0
23,52,5.0
23,53,5.0
23,54,5.0
23,55,5.0
23,56,5.0
23,57,5.0
23,58,5.0
23,59,5.0
23,60,5.0
23,61,5.0
23,62,5.0
23,63,5.0
23,64,5.0
23,65,5.0
23,66,5.0
23,67,5.0
23,68,5.0
23,69,5.0
23,70,5.0
23,71,5.455931955649724
23,72,5.0
23,73,5.0
23,74,5.0
23,75,5.0
23,76,5.0
23,77,5.0
23,78,5.0
23,79,5.0
23,80,5.853871964321762
23,81,6.886056647693163
23,82,5.0
23,83,5.0
23,84,5.0
23,85,5.0
23,86,5.0
23,87,5.0
23,88,5.0
23,89,5.0
23,90,5.0
23,91,5.0
23,92,5.0
23,93,5.0
23,94,5.0
23,95,5.0
23,96,5.0
23,97,5.0
23,98,5.0
23,99,5.0
23,100,5.0
23,101,5.0
23,102,5.0
23,103,5.0
23,104,5.0
23,105,5.0
23,106,5.0
23,107,5.0
23,108,5.0
23,109,5.0
23,110,5.0
23,111,5.0
23,112,5.0
23,113,5.0
23,114,5.0
23,115,5.0
23,116,5.0
23,117,5.0
23,118,5.0
23,119,5.0
23,120,5.0
23,121,5.0
23,122,5.0
23,123,5.0
23,124,5.0
23,125,5.0
23,126,5.0
23,127,5.0
23,128,5.0
23,129,5.0
23,130,5.0
23,131,5.638272163982407
23,132,5.0
23,133,5.0
23,134,5.0
23,135,5.0
23,136,5.0
23,137,5.0
23,138,5.0
23,139,5.0
23,140,5.0
23,141,5.0
23,142,5.0
23,143,5.0
23,144,5.0
23,145,5.0
23,146,5.0
23,147,5.0
23,148,5.0
23,149,5.0
23,150,5.0
23,151,5.0
23,152,5.0
23,153,5.0
23,154,5.0
23,155,5.0
23,156,5.0
23,157,5.0
23,158,5.0
23,159,5.0
23,160,5.0
23,161,5.0
23,162,5.0
23,163,5.0
23,164,5.0
23,165,5.0
23,166,5.0
23,167,5.0
23,168,5.0
23,169,5.0
23,170,5.0
23,171,5.0
23,172,5.0
23,173,5.0
23,174,5.0
23,175,5.0
23,176,5.0
23,177,5.0
23,178,5.0
23,179,5.0
23,180,5.0
23,181,5.0
23,182,5.0
23,183,5.0
23,184,5.0
23,185,5.107905397309519
23,186,5.0
23,187,5.0
23,188,5.0
23,189,5.0
23,190,5.6020599913279625
23,191,5.0
23,192,5.0
23,193,5.0
23,194,5.0
23,195,5.0
23,196,5.0
23,197,5.0
23,198,5.0
23,199,5.0
23,200,5.0
23,201,5.0
23,202,5.0
23,203,5.0
23,204,5.0
23,205,5.886056647693163
23,206,5.0
23,207,5.0
23,208,5.0
23,209,5.0
23,210,5.0
23,211,5.0
23,212,5.0
23,213,5.0
23,214,5.0
23,215,5.0
23,216,5.0
23,217,5.0
23,218,5.0
23,219,5.638272163982407
23,220,5.0
23,221,5.0
23,222,5.0
23,223,5.0
23,224,5.0
23,225,5.0
23,226,5.0
23,227,5.0
23,228,5.0
23,229,5.0
23,230,5.0
23,231,5.0
23,232,5.292429823902063
23,233,5.0
23,234,5.0
23,235,5.0
23,236,5.0
23,237,5.0
23,238,5.0
23,239,6.0
23,240,5.0
23,241,5.0
23,242,5.0
23,243,5.0
23,244,5.0
23,245,5.0
23,246,5.0
23,247,5.0
23,248,5.0
23,249,5.0
23,250,5.0
23,251,5.0
23,252,5.0
23,253,5.0
23,254,5.0
23,255,5.0
23,256,5.0
23,257,5.0
23,258,5.0
23,259,5.0
23,260,5.0
23,261,5.0
23,262,5.0
23,263,5.0
23,264,5.0
23,265,5.0
23,266,5.0
23,267,5.0
23,268,5.0
23,269,5.0
23,270,5.0
23,271,5.0
23,272,5.0
23,273,5.0
23,274,5.0
23,275,5.0
23,276,5.0
23,277,5.0
23,278,5.0
23,279,5.0
23,280,5.0
23,281,5.0
23,282,5.0
23,283,5.0
23,284,5.0
23,285,5.0
23,286,5.0
23,287,5.0
23,288,5.0
23,289,5.0
23,290,5.0
23,291,5.0
23,292,5.0
23,293,5.0
23,294,5.0
23,295,5.0
23,296,5.0
23,297,5.0
23,298,5.0
23,299,5.0
23,300,5.0
23,301,5.0
23,302,5.0
23,303,5.0
23,304,5.0
23,305,5.0
23,306,5.0
23,307,5.0
23,308,5.0
23,309,5.0
23,310,5.0
23,311,5.0
23,312,5.0
23,313,5.0
23,314,5.0
23,315,5.0
23,316,5.0
23,317,5.0
23,318,5.0
23,319,5.0
23,320,5.0
23,321,5.0
23,322,5.0
23,323,5.0
23,324,5.0
23,325,5.0
23,326,5.0
23,327,5.0
23,328,5.0
23,329,5.0
23,330,5.0
23,331,5.0
23,332,5.0
23,333,5.0
23,334,5.0
23,335,5.0
23,336,5.0
23,337,5.0
23,338,5.0
23,339,5.0
23,340,5.0
23,341,5.0
23,342,5.0
23,343,5.0
23,344,5.0
23,345,8.18045606445813
23,346,5.0
23,347,5.0
23,348,5.0
23,349,5.0
23,350,5.0
23,351,5.920818753952375
23,352,5.0
23,353,5.0
23,354,5.6020599913279625
23,355,5.0
23,356,5.0
23,357,5.0
23,358,5.0
23,359,5.0
23,360,5.0
23,361,5.0
23,362,5.0
23,363,5.0
23,364,5.0
23,365,5.0
23,366,5.0
23,367,5.0
23,368,5.0
23,369,5.0
23,370,5.0
23,371,5.0
23,372,5.0
23,373,5.0
23,374,5.0
23,375,5.0
23,376,5.0
23,377,5.886056647693163
23,378,5.0
23,379,5.0
23,380,5.0
23,381,5.0
23,382,5.0
23,383,5.0
23,384,5.0
23,385,5.0
23,386,5.0
23,387,5.0
23,388,5.0
23,389,5.0
23,390,5.0
23,391,5.0
23,392,5.0
23,393,5.0
23,394,5.0
23,395,5.0
23,396,5.0
23,397,5.0
23,398,5.309803919971486
23,399,5.0
23,400,5.0
23,401,5.0
23,402,5.0
23,403,5.0
23,404,5.638272163982407
23,405,5.0
23,406,5.0
23,407,5.0
23,408,5.0
23,409,5.0
23,410,5.0
23,411,5.0
23,412,5.0
23,413,5.0
23,414,5.0
23,415,5.0
23,416,5.0
23,417,5.0
23,418,5.0
23,419,5.0
23,420,5.0
23,421,5.0
23,422,5.0
23,423,5.0
23,424,5.0
23,425,5.0
23,426,5.0
23,427,5.0
23,428,5.0
23,429,5.0
23,430,6.040958607678906
23,431,5.0
23,432,5.0
24,0,5.0
24,1,5.0
24,2,5.0
24,3,5.0
24,4,5.0
24,5,5.0
24,6,5.0
24,7,5.0
24,8,5.0
24,9,5.0
24,10,5.0
24,11,5.0
24,12,5.0
24,13,5.0
24,14,5.0
24,15,5.0
24,16,5.0
24,17,5.0
24,18,8.657577319177793
24,19,8.67778070526608
24,20,8.522878745280337
24,21,5.0
24,22,5.0
24,23,5.0
24,24,5.0
24,25,6.376750709602099
24,26,5.0
24,27,5.0
24,28,5.0
24,29,5.0
24,30,5.0
24,31,5.0
24,32,5.0
24,33,5.0
24,34,5.0
24,35,5.0
24,36,5.0
24,37,5.0
24,38,5.0
24,39,5.0
24,40,5.0
24,41,5.0
24,42,5.0
24,43,5.0
24,44,5.0
24,45,5.6020599913279625
24,46,5.0
24,47,5.0
24,48,5.0
24,49,5.0
24,50,5.0
24,51,6.431798275933005
24,52,5.0
24,53,5.0
24,54,5.0
24,55,5.0
24,56,5.0
24,57,5.0
24,58,5.0
24,59,5.0
24,60,5.0
24,61,5.0
24,62,5.0
24,63,5.0
24,64,5.0
24,65,5.0
24,66,5.0
24,67,5.0
24,68,5.0
24,69,5.0
24,70,5.275724130399211
24,71,6.698970004336019
24,72,5.0
24,73,6.136677139879544
24,74,5.0
24,75,5.0
24,76,5.0
24,77,5.0
24,78,5.0
24,79,5.0
24,80,5.0
24,81,5.0
24,82,5.0
24,83,5.0
24,84,5.0
24,85,5.0
24,86,5.0
24,87,5.0
24,88,5.522878745280337
24,89,5.0
24,90,6.251811972993799
24,91,5.619788758288394
24,92,5.0
24,93,6.958607314841775
24,94,5.0
24,95,5.0
24,96,5.0
24,97,5.0
24,98,5.0
24,99,5.0
24,100,5.0
24,101,5.0
24,102,5.0
24,103,5.0
24,104,5.0
24,105,5.0
24,106,5.0
24,107,5.0
24,108,5.0
24,109,5.0
24,110,5.0
24,111,5.0
24,112,5.0
24,113,5.0
24,114,5.0
24,115,5.0
24,116,5.0
24,117,5.0
24,118,5.0
24,119,5.0
24,120,5.0
24,121,5.0
24,122,5.0
24,123,5.0
24,124,5.0
24,125,5.0
24,126,5.0
24,127,5.0
24,128,5.0
24,129,5.0
24,130,5.0
24,131,5.0
24,132,5.0
24,133,5.0
24,134,5.0
24,135,5.0
24,136,5.0
24,137,5.0
24,138,5.0
24,139,5.0
24,140,5.0
24,141,5.0
24,142,5.0
24,143,5.0
24,144,5.0
24,145,5.0
24,146,5.0
24,147,5.0
24,148,5.0
24,149,5.0
24,150,5.0
24,151,5.0
24,152,5.0
24,153,5.0
24,154,5.0
24,155,5.0
24,156,5.0
24,157,5.0
24,158,5.0
24,159,5.0
24,160,5.0
24,161,6.214670164989233
24,162,5.0
24,163,6.42021640338319
24,164,5.2839966563652006
24,165,7.0
24,166,5.0
24,167,6.292429823902063
24,168,6.4089353929735005
24,169,6.698970004336019
24,170,5.0
24,171,5.0
24,172,5.0
24,173,5.0
24,174,5.0
24,175,5.0
24,176,5.0
24,177,5.0
24,178,5.0
24,179,5.0
24,180,5.0
24,181,5.0
24,182,5.0
24,183,5.0
24,184,5.0
24,185,5.0
24,186,5.0
24,187,5.0
24,188,5.0
24,189,5.0
24,190,5.0
24,191,5.0
24,192,5.7447274948966935
24,193,6.443697499232713
24,194,6.886056647693163
24,195,5.585026652029182
24,196,5.136677139879544
24,197,6.0
24,198,5.455931955649724
24,199,5.0
24,200,6.853871964321762
24,201,5.0
24,202,5.0
24,203,5.0
24,204,5.0
24,205,5.0
24,206,5.0
24,207,5.0
24,208,5.0
24,209,5.0
24,210,5.0
24,211,5.0
24,212,5.0
24,213,5.0
24,214,6.468521082957745
24,215,6.055517327849832
24,216,5.0
24,217,5.0
24,218,5.0
24,219,5.0
24,220,5.0
24,221,5.0
24,222,5.0
24,223,5.0
24,224,6.142667503568732
24,225,5.0
24,226,5.0
24,227,5.0
24,228,5.0
24,229,5.0
24,230,5.0
24,231,5.0
24,232,5.0
24,233,5.0
24,234,6.050609993355088
24,235,5.0
24,236,5.0
24,237,5.0
24,238,5.0
24,239,5.0
24,240,5.0
24,241,5.0
24,242,5.0
24,243,5.0
24,244,5.0
24,245,5.0
24,246,5.0
24,247,5.0
24,248,5.0
24,249,5.0
24,250,5.0
24,251,5.0
24,252,5.0
24,253,5.267606240177032
24,254,5.0
24,255,5.0
24,256,5.0
24,257,5.0
24,258,5.0
24,259,5.0
24,260,5.0
24,261,5.0
24,262,5.0
24,263,5.0
24,264,5.0
24,265,5.0
24,266,5.0
24,267,5.0
24,268,5.0
24,269,5.0
24,270,5.0
24,271,5.0
24,272,5.0
24,273,5.468521082957745
24,274,5.0
24,275,5.0
24,276,5.0
24,277,5.0
24,278,5.0
24,279,6.259637310505756
24,280,6.568636235841013
24,281,5.0
24,282,7.744727494896693
24,283,7.67778070526608
24,284,8.050609993355087
24,285,5.0
24,286,5.0
24,287,5.0
24,288,5.0
24,289,5.4089353929735005
24,290,5.0
24,291,5.0
24,292,5.0
24,293,5.0
24,294,5.0
24,295,5.0
24,296,5.0
24,297,5.0
24,298,5.0
24,299,5.0
24,300,5.0
24,301,5.0
24,302,5.0
24,303,5.0
24,304,5.0
24,305,5.0
24,306,5.0
24,307,5.0
24,308,5.0
24,309,5.0
24,310,5.0
24,311,5.0
24,312,5.0
24,313,6.026872146400302
24,314,6.167491087293763
24,315,6.1249387366083
24,316,5.0
24,317,5.823908740944319
24,318,5.0
24,319,5.0
24,320,7.721246399047171
24,321,7.886056647693163
24,322,5.0
24,323,7.468521082957745
24,324,5.508638306165727
24,325,8.494850021680094
24,326,5.0
24,327,5.0
24,328,5.0
24,329,5.0
24,330,7.267606240177032
24,331,8.275724130399212
24,332,8.619788758288394
24,333,6.6020599913279625
24,334,7.795880017344075
24,335,5.455931955649724
24,336,5.0
24,337,6.00436480540245
24,338,6.6777807052660805
24,339,8.508638306165727
24,340,5.698970004336019
24,341,8.142667503568731
24,342,5.0
24,343,5.0
24,344,5.0
24,345,5.0
24,346,5.0
24,347,5.886056647693163
24,348,5.0
24,349,5.0
24,350,5.0
24,351,5.0
24,352,5.0
24,353,5.0
24,354,5.0
24,355,5.0
24,356,5.0
24,357,6.552841968657781
24,358,6.698970004336019
24,359,5.0
24,360,5.0
24,361,7.292429823902063
24,362,5.0
24,363,6.795880017344075
24,364,5.0
24,365,5.0
24,366,5.0
24,367,5.0
24,368,5.0
24,369,5.0
24,370,5.0
24,371,5.0
24,372,5.0
24,373,5.0
24,374,5.721246399047171
24,375,5.0
24,376,5.161150909262744
24,377,5.0
24,378,7.0655015487564325
24,379,5.0
24,380,5.0
24,381,5.0
24,382,5.0
24,383,5.0
24,384,5.0
24,385,5.0
24,386,5.0
24,387,5.0
24,388,5.585026652029182
24,389,5.0
24,390,5.0
24,391,5.0
24,392,6.2076083105017466
24,393,5.853871964321762
24,394,5.031517051446065
24,395,5.0
24,396,5.0
24,397,5.0
24,398,5.0
24,399,5.0
24,400,5.0
24,401,5.0
24,402,5.0
24,403,5.0
24,404,5.0
24,405,5.0
24,406,5.0
24,407,5.0
24,408,5.0
24,409,5.0
24,410,5.0
24,411,5.0
24,412,5.0
24,413,5.0
24,414,5.0
24,415,5.0
24,416,5.0
24,417,5.0
24,418,5.229147988357856
24,419,5.638272163982407
24,420,5.0
24,421,5.0
24,422,5.0
24,423,5.0
24,424,5.0
24,425,5.0
24,426,5.0
24,427,5.0
24,428,5.0
24,429,5.0
24,430,7.481486060122113
24,431,5.0
24,432,5.0
25,0,5.0
25,1,5.0
25,2,5.0
25,3,5.0
25,4,5.0
25,5,5.0
25,6,5.0
25,7,5.0
25,8,5.0
25,9,5.0
25,10,5.0
25,11,5.0
25,12,5.0
25,13,5.0
25,14,5.0
25,15,5.0
25,16,5.0
25,17,5.0
25,18,5.0
25,19,5.0
25,20,5.0
25,21,5.0
25,22,5.0
25,23,5.0
25,24,5.0
25,25,5.0
25,26,5.0
25,27,5.0
25,28,5.0
25,29,5.0
25,30,5.0
25,31,5.0
25,32,5.0
25,33,5.0
25,34,5.0
25,35,5.0
25,36,5.0
25,37,5.0
25,38,5.0
25,39,5.0
25,40,5.0
25,41,5.0
25,42,5.0
25,43,5.0
25,44,5.0
25,45,5.0
25,46,5.0
25,47,5.0
25,48,5.0
25,49,5.0
25,50,5.0
25,51,5.0
25,52,5.0
25,53,5.0
25,54,5.0
25,55,5.0
25,56,5.0
25,57,5.0
25,58,5.0
25,59,5.0
25,60,5.0
25,61,5.0
25,62,5.0
25,63,5.0
25,64,5.0
25,65,5.0
25,66,5.0
25,67,5.0
25,68,5.0
25,69,5.0
25,70,5.0
25,71,5.0
25,72,5.0
25,73,5.0
25,74,5.0
25,75,5.0
25,76,8.657577319177793
25,77,5.0
25,78,5.0
25,79,5.0
25,80,5.0
25,81,5.0
25,82,5.0
25,83,5.0
25,84,5.0
25,85,5.0
25,86,5.0
25,87,5.0
25,88,5.0
25,89,5.0
25,90,5.0
25,91,5.0
25,92,5.0
25,93,5.0
25,94,5.0
25,95,5.0
25,96,5.0
25,97,5.0
25,98,5.0
25,99,5.0
25,100,5.0
25,101,5.0
25,102,5.0
25,103,5.0
25,104,5.0
25,105,5.0
25,106,5.0
25,107,5.0
25,108,5.0
25,109,5.0
25,110,5.0
25,111,5.0
25,112,5.0
25,113,5.0
25,114,5.0
25,115,5.0
25,116,5.0
25,117,5.0
25,118,5.0
25,119,5.0
25,120,5.0
25,121,5.0
25,122,5.0
25,123,5.0
25,124,5.0
25,125,5.0
25,126,5.0
25,127,5.0
25,128,5.0
25,129,5.0
25,130,5.0
25,131,5.0
25,132,5.0
25,133,5.0
25,134,5.0
25,135,5.0
25,136,5.0
25,137,5.0
25,138,5.0
25,139,5.0
25,140,5.0
25,141,5.0
25,142,5.0
25,143,5.0
25,144,5.0
25,145,5.0
25,146,5.0
25,147,5.0
25,148,5.0
25,149,5.0
25,150,5.0
25,151,5.0
25,152,5.0
25,153,5.0
25,154,5.0
25,155,5.0
25,156,5.0
25,157,5.0
25,158,5.0
25,159,5.0
25,160,5.0
25,161,5.0
25,162,5.0
25,163,5.0
25,164,5.0
25,165,5.0
25,166,5.0
25,167,5.0
25,168,5.0
25,169,5.0
25,170,5.0
25,171,5.0
25,172,5.0
25,173,5.0
25,174,5.0
25,175,5.0
25,176,5.0
25,177,5.0
25,178,5.0
25,179,5.0
25,180,5.0
25,181,5.0
25,182,5.0
25,183,5.0
25,184,5.0
25,185,5.0
25,186,5.0
25,187,5.0
25,188,5.0
25,189,5.0
25,190,5.0
25,191,5.0
25,192,5.0
25,193,5.0
25,194,5.0
25,195,5.0
25,196,5.0
25,197,5.0
25,198,5.0
25,199,5.0
25,200,5.0
25,201,5.0
25,202,5.0
25,203,5.0
25,204,5.0
25,205,5.0
25,206,5.0
25,207,5.0
25,208,5.0
25,209,5.0
25,210,5.0
25,211,5.0
25,212,5.0
25,213,5.0
25,214,5.0
25,215,5.0
25,216,5.0
25,217,5.0
25,218,5.0
25,219,5.0
25,220,5.0
25,221,5.0
25,222,5.0
25,223,5.0
25,224,5.0
25,225,5.0
25,226,5.0
25,227,5.0
25,228,5.0
25,229,5.0
25,230,5.0
25,231,5.0
25,232,5.0
25,233,5.0
25,234,5.0
25,235,5.0
25,236,5.0
25,237,5.0
25,238,5.0
25,239,5.0
25,240,5.0
25,241,5.0
25,242,5.0
25,243,5.0
25,244,5.0
25,245,5.0
25,246,5.0
25,247,5.0
25,248,5.0
25,249,5.0
25,250,5.0
25,251,5.0
25,252,5.0
25,253,5.0
25,254,5.0
25,255,5.0
25,256,5.0
25,257,5.0
25,258,5.0
25,259,5.0
25,260,5.0
25,261,5.0
25,262,5.0
25,263,5.0
25,264,5.0
25,265,5.0
25,266,5.0
25,267,5.0
25,268,5.0
25,269,5.0
25,270,5.0
25,271,5.0
25,272,5.0
25,273,5.0
25,274,5.0
25,275,5.0
25,276,5.0
25,277,5.0
25,278,5.0
25,279,5.0
25,280,5.0
25,281,5.0
25,282,5.0
25,283,5.0
25,284,5.0
25,285,5.0
25,286,5.0
25,287,5.0
25,288,5.0
25,289,5.0
25,290,5.0
25,291,5.0
25,292,5.0
25,293,5.0
25,294,5.0
25,295,5.0
25,296,5.0
25,297,5.0
25,298,5.0
25,299,5.0
25,300,5.0
25,301,5.0
25,302,5.0
25,303,5.0
25,304,5.0
25,305,5.0
25,306,5.0
25,307,5.0
25,308,5.0
25,309,5.0
25,310,5.0
25,311,5.0
25,312,5.0
25,313,5.0
25,314,5.0
25,315,5.0
25,316,5.0
25,317,5.0
25,318,5.0
25,319,5.0
25,320,5.0
25,321,5.0
25,322,5.0
25,323,5.0
25,324,5.0
25,325,5.0
25,326,5.0
25,327,5.0
25,328,5.0
25,329,5.0
25,330,5.0
25,331,5.0
25,332,5.0
25,333,5.0
25,334,5.0
25,335,5.0
25,336,5.0
25,337,5.0
25,338,5.0
25,339,5.0
25,340,5.0
25,341,5.0
25,342,5.0
25,343,5.0
25,344,5.0
25,345,5.0
25,346,5.0
25,347,5.0
25,348,5.0
25,349,5.0
25,350,5.0
25,351,5.0
25,352,5.0
25,353,5.0
25,354,5.0
25,355,5.0
25,356,5.0
25,357,5.0
25,358,5.0
25,359,5.0
25,360,5.0
25,361,5.0
25,362,5.0
25,363,5.0
25,364,5.0
25,365,5.0
25,366,5.0
25,367,5.0
25,368,5.0
25,369,5.0
25,370,5.0
25,371,5.0
25,372,5.0
25,373,5.0
25,374,5.0
25,375,5.0
25,376,5.0
25,377,5.0
25,378,5.0
25,379,5.0
25,380,5.0
25,381,5.0
25,382,5.0
25,383,5.0
25,384,5.0
25,385,5.0
25,386,5.0
25,387,5.0
25,388,5.0
25,389,5.0
25,390,5.0
25,391,5.0
25,392,5.0
25,393,5.0
25,394,5.0
25,395,5.0
25,396,5.0
25,397,5.0
25,398,5.0
25,399,5.0
25,400,5.0
25,401,5.0
25,402,5.0
25,403,5.0
25,404,5.0
25,405,5.0
25,406,5.0
25,407,5.0
25,408,6.200659450546418
25,409,7.443697499232713
25,410,6.920818753952375
25,411,5.0
25,412,5.0
25,413,5.0
25,414,5.0
25,415,5.0
25,416,5.0
25,417,5.0
25,418,5.0
25,419,5.0
25,420,5.0
25,421,5.0
25,422,5.0
25,423,5.0
25,424,5.0
25,425,5.0
25,426,5.0
25,427,5.0
25,428,5.0
25,429,5.0
25,430,5.0
25,431,5.0
25,432,5.0
26,0,5.0
26,1,6.3979400086720375
26,2,5.327902142064283
26,3,6.107905397309519
26,4,6.337242168318426
26,5,6.2839966563652006
26,6,6.638272163982407
26,7,5.0
26,8,6.443697499232713
26,9,6.318758762624412
26,10,5.795880017344075
26,11,5.0
26,12,5.0
26,13,5.0
26,14,5.0
26,15,5.0
26,16,5.0
26,17,5.0
26,18,5.0
26,19,5.0
26,20,5.0
26,21,5.0
26,22,5.0
26,23,5.0
26,24,5.0
26,25,5.0
26,26,5.0
26,27,5.0
26,28,5.0
26,29,5.0
26,30,5.0
26,31,5.7447274948966935
26,32,5.0
26,33,5.920818753952375
26,34,5.0
26,35,5.0
26,36,5.0
26,37,5.0
26,38,5.0
26,39,5.0
26,40,5.0
26,41,5.0
26,42,5.0
26,43,5.0
26,44,5.0
26,45,5.0
26,46,5.0
26,47,5.0
26,48,5.0
26,49,5.0
26,50,5.0
26,51,5.0
26,52,5.0
26,53,5.0
26,54,5.0
26,55,5.0
26,56,5.0
26,57,5.0
26,58,5.0
26,59,5.0
26,60,5.0
26,61,5.0
26,62,6.214670164989233
26,63,5.0
26,64,5.0
26,65,5.0
26,66,5.0
26,67,5.0
26,68,5.0
26,69,5.0
26,70,6.096910013008056
26,71,5.886056647693163
26,72,5.0
26,73,5.0
26,74,5.0
26,75,5.0
26,76,5.0
26,77,5.0
26,78,5.0
26,79,5.0
26,80,5.494850021680094
26,81,6.366531544420414
26,82,5.0
26,83,5.0
26,84,5.0
26,85,5.0
26,86,5.0
26,87,5.0
26,88,5.0
26,89,5.0
26,90,5.2441251443275085
26,91,5.0
26,92,5.0
26,93,5.537602002101044
26,94,5.0
26,95,5.0
26,96,5.0
26,97,5.161150909262744
26,98,5.0
26,99,5.698970004336019
26,100,5.42021640338319
26,101,5.0
26,102,5.0
26,103,5.0
26,104,9.0
26,105,9.267606240177033
26,106,8.698970004336019
26,107,8.958607314841775
26,108,9.244125144327509
26,109,9.244125144327509
26,110,9.2839966563652
26,111,9.0268721464003
26,112,6.853871964321762
26,113,8.853871964321762
26,114,9.008773924307503
26,115,7.397940008672037
26,116,5.0
26,117,5.3979400086720375
26,118,5.0
26,119,5.259637310505756
26,120,5.0
26,121,5.823908740944319
26,122,6.229147988357856
26,123,5.0
26,124,5.7447274948966935
26,125,5.886056647693163
26,126,5.0
26,127,5.0
26,128,5.6020599913279625
26,129,5.494850021680094
26,130,5.455931955649724
26,131,6.102372908709558
26,132,6.3872161432802645
26,133,5.0
26,134,5.0
26,135,5.795880017344075
26,136,5.508638306165727
26,137,5.0
26,138,5.0
26,139,5.0
26,140,5.0
26,141,5.0
26,142,5.0
26,143,5.0
26,144,5.0
26,145,5.0
26,146,5.0
26,147,5.0
26,148,5.585026652029182
26,149,5.0
26,150,5.508638306165727
26,151,5.958607314841775
26,152,6.0
26,153,5.292429823902063
26,154,5.522878745280337
26,155,5.455931955649724
26,156,5.0
26,157,5.698970004336019
26,158,5.0
26,159,7.886056647693163
26,160,5.0
26,161,5.0
26,162,5.0
26,163,5.0
26,164,5.0
26,165,5.0
26,166,5.356547323513812
26,167,5.0
26,168,5.0
26,169,5.0
26,170,6.508638306165727
26,171,5.0
26,172,5.0
26,173,5.0
26,174,5.0
26,175,5.0
26,176,5.0
26,177,5.0
26,178,5.0
26,179,5.0
26,180,7.161150909262744
26,181,5.823908740944319
26,182,6.267606240177032
26,183,5.0
26,184,5.0
26,185,5.0
26,186,5.0
26,187,5.0
26,188,5.0
26,189,5.769551078621726
26,190,5.494850021680094
26,191,5.0
26,192,5.7447274948966935
26,193,5.259637310505756
26,194,5.366531544420414
26,195,5.0
26,196,5.0
26,197,5.0
26,198,5.0
26,199,5.0
26,200,5.0
26,201,6.200659450546418
26,202,5.0
26,203,5.0
26,204,5.0
26,205,6.327902142064283
26,206,5.0
26,207,5.0
26,208,5.259637310505756
26,209,6.00436480540245
26,210,5.0
26,211,5.0
26,212,5.0
26,213,5.0
26,214,5.481486060122113
26,215,5.6777807052660805
26,216,5.0
26,217,5.0
26,218,5.0
26,219,5.0
26,220,5.0
26,221,5.0
26,222,5.0
26,223,5.0
26,224,5.0
26,225,5.0
26,226,5.0
26,227,5.0
26,228,5.0
26,229,5.0
26,230,5.0
26,231,5.0
26,232,6.221848749616356
26,233,5.0
26,234,5.0
26,235,5.0
26,236,5.0
26,237,5.0
26,238,5.455931955649724
26,239,5.7447274948966935
26,240,5.0
26,241,6.537602002101044
26,242,5.920818753952375
26,243,5.0
26,244,5.0
26,245,5.0
26,246,5.0
26,247,5.0
26,248,5.0
26,249,5.0
26,250,5.0
26,251,5.0
26,252,5.0
26,253,5.0
26,254,5.0
26,255,5.0
26,256,5.0
26,257,5.721246399047171
26,258,5.0
26,259,5.0
26,260,5.0
26,261,5.0
26,262,5.0
26,263,5.0
26,264,5.0
26,265,5.0
26,266,5.0
26,267,5.0
26,268,5.0
26,269,5.0
26,270,5.0
26,271,5.0
26,272,5.0
26,273,5.376750709602099
26,274,5.0
26,275,5.0
26,276,5.0
26,277,5.0
26,278,5.0
26,279,5.0
26,280,5.0
26,281,5.0
26,282,5.0
26,283,5.0
26,284,5.0
26,285,5.0
26,286,5.0
26,287,5.0
26,288,5.0
26,289,5.0
26,290,5.0
26,291,5.0
26,292,5.0
26,293,5.0
26,294,5.0
26,295,5.431798275933005
26,296,5.568636235841013
26,297,5.0
26,298,5.0
26,299,5.0
26,300,5.0
26,301,5.0
26,302,5.0
26,303,5.0
26,304,5.0
26,305,5.0
26,306,5.0
26,307,5.0
26,308,5.0
26,309,5.0
26,310,5.0
26,311,5.0
26,312,5.0
26,313,5.0
26,314,5.0
26,315,5.236572006437063
26,316,5.0
26,317,5.0
26,318,5.0
26,319,5.1249387366083
26,320,5.0
26,321,5.0
26,322,5.0
26,323,5.0
26,324,5.0
26,325,5.0
26,326,5.0
26,327,5.0
26,328,5.0
26,329,5.0
26,330,5.0
26,331,5.0
26,332,5.0
26,333,5.0
26,334,5.0
26,335,5.455931955649724
26,336,5.0
26,337,5.0
26,338,5.0
26,339,5.0
26,340,5.0
26,341,5.0
26,342,5.0
26,343,5.0
26,344,5.0
26,345,5.0
26,346,5.0
26,347,5.0
26,348,5.0
26,349,5.0
26,350,5.0
26,351,5.0
26,352,5.0
26,353,5.0
26,354,6.275724130399211
26,355,5.0
26,356,5.0
26,357,5.0
26,358,5.0
26,359,5.0
26,360,5.0
26,361,5.920818753952375
26,362,5.0
26,363,5.0
26,364,5.0
26,365,5.0
26,366,5.0
26,367,5.0
26,368,5.0
26,369,5.0
26,370,5.0
26,371,5.0
26,372,6.251811972993799
26,373,5.0
26,374,5.0
26,375,5.0
26,376,5.6777807052660805
26,377,6.036212172654444
26,378,5.337242168318426
26,379,5.0
26,380,5.42021640338319
26,381,5.0
26,382,5.0
26,383,5.0
26,384,5.0
26,385,5.0
26,386,5.0
26,387,5.0
26,388,5.2441251443275085
26,389,5.0
26,390,5.0
26,391,5.0
26,392,5.0
26,393,5.0
26,394,5.0
26,395,5.0
26,396,5.0
26,397,5.0
26,398,5.0
26,399,5.0
26,400,5.0
26,401,5.0
26,402,5.0
26,403,5.0
26,404,5.161150909262744
26,405,5.0
26,406,5.0
26,407,5.0
26,408,5.0
26,409,5.0
26,410,5.0
26,411,5.0
26,412,5.0
26,413,5.0
26,414,5.221848749616356
26,415,5.0
26,416,5.0
26,417,5.0
26,418,5.0
26,419,5.0
26,420,5.0
26,421,5.0
26,422,5.0
26,423,5.0
26,424,5.0
26,425,5.0
26,426,5.0
26,427,5.0
26,428,5.0
26,429,5.0
26,430,6.619788758288394
26,431,5.0
26,432,5.0
27,0,5.0
27,1,6.769551078621726
27,2,6.236572006437063
27,3,6.958607314841775
27,4,7.187086643357144
27,5,7.356547323513813
27,6,7.036212172654444
27,7,5.0
27,8,6.886056647693163
27,9,7.67778070526608
27,10,8.0
27,11,5.0
27,12,5.0
27,13,5.0
27,14,5.0
27,15,5.0
27,16,5.0
27,17,5.0
27,18,5.0
27,19,5.0
27,20,5.0
27,21,5.0
27,22,5.0
27,23,5.0
27,24,5.0
27,25,5.0
27,26,5.0
27,27,5.0
27,28,5.0
27,29,5.0
27,30,5.0
27,31,5.0
27,32,5.0
27,33,6.2839966563652006
27,34,5.0
27,35,5.0
27,36,5.0
27,37,5.0
27,38,5.0
27,39,5.481486060122113
27,40,5.0
27,41,5.0
27,42,5.0
27,43,5.0
27,44,5.0
27,45,5.0
27,46,5.0
27,47,5.0
27,48,5.0
27,49,5.0
27,50,5.0
27,51,5.0
27,52,5.0
27,53,5.0
27,54,5.0
27,55,5.0
27,56,5.0
27,57,5.0
27,58,5.259637310505756
27,59,5.0
27,60,5.0
27,61,5.0
27,62,5.0
27,63,5.0
27,64,5.0
27,65,5.0
27,66,5.0
27,67,5.0
27,68,5.0
27,69,5.0
27,70,5.0
27,71,5.0
27,72,5.346787486224656
27,73,5.0
27,74,5.0
27,75,5.6777807052660805
27,76,7.958607314841775
27,77,5.0
27,78,5.0
27,79,5.0
27,80,5.0
27,81,5.0
27,82,5.0
27,83,5.0
27,84,5.0
27,85,5.0
27,86,5.0
27,87,5.0
27,88,5.0
27,89,5.0
27,90,5.0
27,91,5.0
27,92,5.0
27,93,5.0
27,94,9.154901959985745
27,95,7.823908740944319
27,96,5.0
27,97,5.0
27,98,5.0
27,99,5.275724130399211
27,100,5.0
27,101,5.0
27,102,5.0
27,103,5.0
27,104,5.0
27,105,5.0
27,106,5.0
27,107,5.0
27,108,5.119186407719209
27,109,5.0
27,110,5.0
27,111,5.0
27,112,5.0
27,113,5.0
27,114,5.0
27,115,5.0
27,116,5.0
27,117,5.0
27,118,5.0
27,119,5.0
27,120,5.0
27,121,5.0
27,122,5.0
27,123,5.0
27,124,5.853871964321762
27,125,5.0
27,126,5.0
27,127,5.0
27,128,5.0
27,129,5.0
27,130,5.0
27,131,5.0
27,132,5.0
27,133,5.0
27,134,5.0
27,135,5.0
27,136,5.0
27,137,5.0
27,138,5.0
27,139,5.0
27,140,5.0
27,141,5.0
27,142,5.0
27,143,5.0
27,144,5.0
27,145,5.0
27,146,5.0
27,147,5.0
27,148,5.619788758288394
27,149,5.0
27,150,5.0
27,151,5.0
27,152,5.0
27,153,5.0
27,154,5.0
27,155,5.0
27,156,5.0
27,157,5.823908740944319
27,158,5.508638306165727
27,159,6.0
27,160,5.0
27,161,5.0
27,162,5.0
27,163,5.0
27,164,5.0
27,165,5.0
27,166,5.0
27,167,5.0
27,168,5.0
27,169,5.0
27,170,6.017728766960432
27,171,5.0
27,172,5.0
27,173,5.0
27,174,5.0
27,175,5.0
27,176,5.0
27,177,5.0
27,178,5.0
27,179,5.0
27,180,5.920818753952375
27,181,5.0
27,182,5.0
27,183,5.0
27,184,5.0
27,185,5.0
27,186,5.0
27,187,5.0
27,188,5.301029995663981
27,189,5.0
27,190,5.508638306165727
27,191,7.886056647693163
27,192,7.823908740944319
27,193,6.251811972993799
27,194,6.008773924307505
27,195,7.853871964321762
27,196,7.823908740944319
27,197,5.6020599913279625
27,198,7.040958607678906
27,199,5.0
27,200,5.0
27,201,7.397940008672037
27,202,5.0
27,203,5.0
27,204,5.0
27,205,5.0
27,206,5.0
27,207,5.0
27,208,5.0
27,209,6.050609993355088
27,210,5.0
27,211,5.0
27,212,5.0
27,213,5.0
27,214,5.0
27,215,5.0
27,216,5.0
27,217,5.0
27,218,5.0
27,219,5.0
27,220,5.0
27,221,5.0
27,222,5.0
27,223,5.0
27,224,5.0
27,225,5.0
27,226,5.0
27,227,5.0
27,228,5.0
27,229,5.0
27,230,5.0
27,231,5.0
27,232,5.0
27,233,5.0
27,234,5.721246399047171
27,235,5.0
27,236,5.0
27,237,5.0
27,238,5.0
27,239,5.0
27,240,5.0
27,241,5.0
27,242,5.0
27,243,5.0
27,244,5.0
27,245,5.0
27,246,5.0
27,247,5.0
27,248,5.0
27,249,5.0
27,250,5.0
27,251,5.0
27,252,5.0
27,253,5.0
27,254,5.0
27,255,5.0
27,256,5.0
27,257,5.0
27,258,5.0
27,259,5.0
27,260,5.0
27,261,5.0
27,262,5.0
27,263,5.0
27,264,5.0
27,265,5.0
27,266,5.0
27,267,5.0
27,268,5.0
27,269,5.0
27,270,5.0
27,271,5.0
27,272,5.0
27,273,5.0
27,274,5.0
27,275,5.0
27,276,5.0
27,277,5.0
27,278,5.0
27,279,5.0
27,280,5.0
27,281,5.0
27,282,5.0
27,283,5.0
27,284,5.0
27,285,5.0
27,286,5.0
27,287,5.0
27,288,7.508638306165727
27,289,7.853871964321762
27,290,5.0
27,291,5.0
27,292,5.0
27,293,5.0
27,294,5.0
27,295,5.0
27,296,5.0
27,297,5.0
27,298,5.0
27,299,5.0
27,300,5.0
27,301,5.0
27,302,5.0
27,303,5.0
27,304,5.0
27,305,5.0
27,306,5.0
27,307,5.0
27,308,5.0
27,309,5.0
27,310,5.0
27,311,5.0
27,312,5.0
27,313,5.0
27,314,5.0
27,315,5.0
27,316,5.0
27,317,5.0
27,318,5.0
27,319,6.42021640338319
27,320,5.0
27,321,5.0
27,322,5.0
27,323,5.0
27,324,5.0
27,325,5.0
27,326,5.0
27,327,5.0
27,328,5.0
27,329,5.107905397309519
27,330,5.0
27,331,5.0
27,332,5.0
27,333,5.0
27,334,5.0
27,335,5.0
27,336,5.0
27,337,5.0
27,338,5.0
27,339,5.0
27,340,5.0
27,341,5.0
27,342,5.0
27,343,5.0
27,344,5.0
27,345,5.769551078621726
27,346,5.0
27,347,5.0
27,348,5.0
27,349,5.0
27,350,5.0
27,351,5.0
27,352,5.0
27,353,5.0
27,354,5.0
27,355,5.0
27,356,5.0
27,357,5.0
27,358,5.0
27,359,5.0
27,360,5.0
27,361,5.0
27,362,5.0
27,363,5.0
27,364,5.0
27,365,5.0
27,366,5.0
27,367,5.0
27,368,5.0
27,369,5.0
27,370,5.0
27,371,5.0
27,372,5.0
27,373,5.0
27,374,5.0
27,375,5.0
27,376,5.0
27,377,5.0
27,378,5.0
27,379,5.0
27,380,5.0
27,381,5.0
27,382,5.0
27,383,5.0
27,384,5.0
27,385,5.0
27,386,5.0
27,387,5.0
27,388,5.0
27,389,5.0
27,390,5.0
27,391,5.0
27,392,5.0
27,393,5.0
27,394,5.0
27,395,5.0
27,396,5.0
27,397,5.0
27,398,5.0
27,399,5.0
27,400,5.0
27,401,5.0
27,402,5.0
27,403,5.0
27,404,5.0
27,405,5.0
27,406,5.0
27,407,5.366531544420414
27,408,5.0
27,409,5.0
27,410,5.0
27,411,5.0
27,412,5.0
27,413,5.0
27,414,5.0
27,415,5.0
27,416,5.060480747381382
27,417,5.0
27,418,5.0
27,419,5.0
27,420,5.0
27,421,5.0
27,422,5.0
27,423,5.0
27,424,5.0
27,425,5.0
27,426,5.0
27,427,5.0
27,428,5.0
27,429,5.0
27,430,5.0
27,431,5.585026652029182
27,432,5.0
28,0,6.2839966563652006
28,1,6.431798275933005
28,2,5.346787486224656
28,3,5.920818753952375
28,4,6.356547323513812
28,5,6.638272163982407
28,6,6.638272163982407
28,7,6.7447274948966935
28,8,6.455931955649724
28,9,6.4089353929735005
28,10,5.275724130399211
28,11,6.4089353929735005
28,12,8.0
28,13,5.0
28,14,5.0
28,15,5.721246399047171
28,16,5.0
28,17,5.0
28,18,5.0
28,19,5.0
28,20,5.0
28,21,6.075720713938118
28,22,6.698970004336019
28,23,8.387216143280265
28,24,5.853871964321762
28,25,5.638272163982407
28,26,5.0
28,27,5.096910013008056
28,28,5.0
28,29,5.537602002101044
28,30,5.522878745280337
28,31,8.275724130399212
28,32,6.853871964321762
28,33,7.958607314841775
28,34,5.0
28,35,6.431798275933005
28,36,6.508638306165727
28,37,6.107905397309519
28,38,5.0
28,39,5.0
28,40,5.0
28,41,5.0
28,42,5.0
28,43,7.113509274827518
28,44,5.0
28,45,5.180456064458132
28,46,5.2076083105017466
28,47,5.0
28,48,5.0
28,49,5.0
28,50,5.0
28,51,5.0
28,52,5.552841968657781
28,53,5.0
28,54,5.0
28,55,5.0
28,56,5.0
28,57,5.0
28,58,5.0
28,59,5.0
28,60,5.0
28,61,5.0
28,62,5.0
28,63,5.0
28,64,5.0
28,65,5.0
28,66,5.0
28,67,5.0
28,68,5.0
28,69,8.00436480540245
28,70,5.0
28,71,5.0
28,72,6.045757490560675
28,73,6.026872146400302
28,74,5.0
28,75,5.886056647693163
28,76,8.494850021680094
28,77,5.0
28,78,5.0
28,79,5.0
28,80,5.0
28,81,5.0
28,82,5.0
28,83,5.0
28,84,5.0
28,85,5.0
28,86,5.2076083105017466
28,87,5.0
28,88,5.301029995663981
28,89,5.468521082957745
28,90,5.327902142064283
28,91,5.080921907623926
28,92,5.0
28,93,5.0
28,94,8.0268721464003
28,95,7.0
28,96,6.481486060122113
28,97,5.0
28,98,5.0
28,99,6.568636235841013
28,100,5.1249387366083
28,101,5.0
28,102,5.0
28,103,5.0
28,104,5.0
28,105,5.0
28,106,5.0
28,107,5.0
28,108,5.167491087293763
28,109,5.0
28,110,5.0
28,111,5.0
28,112,6.619788758288394
28,113,5.017728766960431
28,114,5.0
28,115,5.958607314841775
28,116,5.0
28,117,5.167491087293763
28,118,5.214670164989233
28,119,5.795880017344075
28,120,5.113509274827518
28,121,5.259637310505756
28,122,5.356547323513812
28,123,5.173925197299173
28,124,5.0
28,125,5.823908740944319
28,126,5.481486060122113
28,127,5.0
28,128,5.568636235841013
28,129,5.958607314841775
28,130,5.0
28,131,5.0
28,132,5.0
28,133,5.0
28,134,5.0
28,135,5.0
28,136,5.0
28,137,5.0
28,138,5.0
28,139,5.2441251443275085
28,140,5.431798275933005
28,141,6.920818753952375
28,142,5.958607314841775
28,143,5.455931955649724
28,144,5.443697499232713
28,145,5.958607314841775
28,146,5.795880017344075
28,147,5.0
28,148,6.657577319177793
28,149,7.275724130399211
28,150,7.769551078621726
28,151,8.619788758288394
28,152,8.823908740944319
28,153,7.698970004336019
28,154,7.886056647693163
28,155,7.107905397309519
28,156,6.154901959985743
28,157,5.259637310505756
28,158,6.468521082957745
28,159,6.060480747381382
28,160,7.091514981121351
28,161,5.769551078621726
28,162,5.657577319177793
28,163,6.086186147616283
28,164,6.42021640338319
28,165,6.142667503568732
28,166,5.431798275933005
28,167,5.0
28,168,5.443697499232713
28,169,5.3979400086720375
28,170,5.0
28,171,6.431798275933005
28,172,5.0
28,173,5.0
28,174,5.958607314841775
28,175,5.0
28,176,5.0
28,177,5.886056647693163
28,178,6.481486060122113
28,179,5.920818753952375
28,180,6.657577319177793
28,181,5.0
28,182,6.0655015487564325
28,183,6.309803919971486
28,184,6.698970004336019
28,185,6.853871964321762
28,186,8.00436480540245
28,187,7.744727494896693
28,188,6.080921907623926
28,189,5.853871964321762
28,190,6.619788758288394
28,191,8.443697499232712
28,192,7.221848749616356
28,193,7.318758762624412
28,194,7.744727494896693
28,195,8.638272163982407
28,196,8.113509274827518
28,197,7.4089353929735005
28,198,8.221848749616356
28,199,5.481486060122113
28,200,5.6777807052660805
28,201,6.7447274948966935
28,202,5.0
28,203,5.0
28,204,5.0
28,205,5.769551078621726
28,206,6.721246399047171
28,207,6.431798275933005
28,208,5.0
28,209,5.795880017344075
28,210,6.6777807052660805
28,211,5.0
28,212,5.0
28,213,5.6020599913279625
28,214,7.0655015487564325
28,215,6.657577319177793
28,216,5.173925197299173
28,217,7.187086643357144
28,218,6.6777807052660805
28,219,6.853871964321762
28,220,6.443697499232713
28,221,5.0
28,222,5.0
28,223,5.376750709602099
28,224,5.638272163982407
28,225,5.2076083105017466
28,226,5.275724130399211
28,227,5.0
28,228,6.698970004336019
28,229,6.376750709602099
28,230,6.443697499232713
28,231,5.468521082957745
28,232,7.00436480540245
28,233,5.494850021680094
28,234,5.958607314841775
28,235,7.0655015487564325
28,236,6.173925197299173
28,237,5.3872161432802645
28,238,5.267606240177032
28,239,7.091514981121351
28,240,5.0
28,241,5.0
28,242,5.0
28,243,7.376750709602099
28,244,5.0
28,245,5.0
28,246,5.0
28,247,5.0
28,248,5.0
28,249,7.318758762624412
28,250,5.0
28,251,6.795880017344075
28,252,5.6777807052660805
28,253,5.920818753952375
28,254,5.0
28,255,5.251811972993799
28,256,6.229147988357856
28,257,5.0
28,258,6.060480747381382
28,259,5.0
28,260,5.0
28,261,5.0
28,262,5.0
28,263,5.0
28,264,5.0
28,265,5.0
28,266,5.0
28,267,5.0
28,268,5.0
28,269,5.0
28,270,5.0
28,271,5.0
28,272,5.0
28,273,5.0
28,274,5.0
28,275,5.0
28,276,5.0
28,277,5.0
28,278,5.0
28,279,5.0
28,280,5.0
28,281,6.431798275933005
28,282,5.823908740944319
28,283,5.251811972993799
28,284,6.3872161432802645
28,285,5.0
28,286,5.0
28,287,5.0
28,288,7.568636235841013
28,289,7.552841968657781
28,290,5.4089353929735005
28,291,5.0
28,292,5.0
28,293,5.0
28,294,5.0
28,295,6.229147988357856
28,296,5.769551078621726
28,297,5.0
28,298,5.0
28,299,5.0
28,300,5.0
28,301,5.0
28,302,5.0
28,303,5.0
28,304,5.0
28,305,5.0
28,306,5.0
28,307,5.0
28,308,5.0
28,309,5.0
28,310,5.0
28,311,5.0
28,312,5.0
28,313,5.638272163982407
28,314,6.2076083105017466
28,315,5.769551078621726
28,316,6.229147988357856
28,317,5.0
28,318,5.431798275933005
28,319,5.0
28,320,5.0
28,321,5.0
28,322,5.0
28,323,5.619788758288394
28,324,5.327902142064283
28,325,6.769551078621726
28,326,5.0
28,327,5.0
28,328,5.0
28,329,7.508638306165727
28,330,5.0
28,331,5.0
28,332,5.0
28,333,5.0
28,334,5.0
28,335,6.376750709602099
28,336,6.494850021680094
28,337,6.318758762624412
28,338,5.0
28,339,5.0
28,340,5.0
28,341,5.0
28,342,5.060480747381382
28,343,6.119186407719209
28,344,5.0
28,345,5.0
28,346,8.036212172654444
28,347,8.193820026016112
28,348,8.920818753952375
28,349,9.080921907623926
28,350,5.638272163982407
28,351,5.0
28,352,5.698970004336019
28,353,6.619788758288394
28,354,5.0
28,355,5.0
28,356,6.130768280269024
28,357,5.0
28,358,5.0
28,359,5.346787486224656
28,360,5.494850021680094
28,361,5.0
28,362,5.0
28,363,5.0
28,364,5.6777807052660805
28,365,5.0
28,366,6.356547323513812
28,367,5.886056647693163
28,368,5.0
28,369,5.522878745280337
28,370,5.0
28,371,5.0
28,372,5.508638306165727
28,373,5.958607314841775
28,374,5.0
28,375,5.522878745280337
28,376,6.3979400086720375
28,377,6.142667503568732
28,378,6.886056647693163
28,379,5.0
28,380,5.619788758288394
28,381,5.0
28,382,5.769551078621726
28,383,5.657577319177793
28,384,5.221848749616356
28,385,7.744727494896693
28,386,6.107905397309519
28,387,5.494850021680094
28,388,5.0
28,389,5.0
28,390,5.045757490560675
28,391,8.142667503568731
28,392,5.769551078621726
28,393,5.0
28,394,5.657577319177793
28,395,6.327902142064283
28,396,5.698970004336019
28,397,5.0
28,398,5.958607314841775
28,399,5.698970004336019
28,400,5.0
28,401,5.0
28,402,5.0
28,403,5.0
28,404,6.823908740944319
28,405,5.657577319177793
28,406,6.060480747381382
28,407,5.0
28,408,7.251811972993799
28,409,6.920818753952375
28,410,7.167491087293763
28,411,5.0
28,412,5.494850021680094
28,413,7.468521082957745
28,414,5.958607314841775
28,415,8.236572006437063
28,416,6.327902142064283
28,417,5.0
28,418,5.721246399047171
28,419,6.346787486224656
28,420,6.045757490560675
28,421,6.337242168318426
28,422,5.0
28,423,5.0
28,424,5.0
28,425,5.0
28,426,5.0
28,427,5.0
28,428,6.366531544420414
28,429,5.508638306165727
28,430,7.4089353929735005
28,431,5.0
28,432,5.0
29,0,7.318758762624412
29,1,7.443697499232713
29,2,6.275724130399211
29,3,7.026872146400302
29,4,7.619788758288394
29,5,7.721246399047171
29,6,7.657577319177793
29,7,8.229147988357855
29,8,7.443697499232713
29,9,7.1249387366083
29,10,6.6020599913279625
29,11,6.853871964321762
29,12,5.0
29,13,6.494850021680094
29,14,6.431798275933005
29,15,5.0
29,16,5.0
29,17,5.0
29,18,5.0
29,19,5.0
29,20,5.0
29,21,6.180456064458132
29,22,6.366531544420414
29,23,6.356547323513812
29,24,7.086186147616283
29,25,5.0
29,26,5.0
29,27,5.0
29,28,6.187086643357144
29,29,7.055517327849832
29,30,7.229147988357856
29,31,6.7447274948966935
29,32,8.017728766960431
29,33,5.455931955649724
29,34,5.721246399047171
29,35,6.920818753952375
29,36,6.431798275933005
29,37,5.721246399047171
29,38,5.0
29,39,5.0
29,40,5.0
29,41,5.721246399047171
29,42,5.920818753952375
29,43,6.0
29,44,5.853871964321762
29,45,6.275724130399211
29,46,5.6777807052660805
29,47,5.3979400086720375
29,48,5.0
29,49,5.0
29,50,5.0
29,51,5.0
29,52,6.6777807052660805
29,53,6.327902142064283
29,54,5.0
29,55,5.0
29,56,5.0
29,57,5.0
29,58,5.0
29,59,5.0
29,60,5.0
29,61,5.0
29,62,6.721246399047171
29,63,5.0
29,64,5.0
29,65,5.0
29,66,5.853871964321762
29,67,5.0
29,68,5.0
29,69,6.1487416512809245
29,70,7.022276394711152
29,71,6.187086643357144
29,72,7.1938200260161125
29,73,7.031517051446065
29,74,5.2076083105017466
29,75,7.309803919971486
29,76,6.920818753952375
29,77,5.356547323513812
29,78,5.920818753952375
29,79,5.0
29,80,5.638272163982407
29,81,6.200659450546418
29,82,5.920818753952375
29,83,6.236572006437063
29,84,5.920818753952375
29,85,5.920818753952375
29,86,6.638272163982407
29,87,5.522878745280337
29,88,6.443697499232713
29,89,5.7447274948966935
29,90,6.508638306165727
29,91,5.698970004336019
29,92,5.0
29,93,7.0655015487564325
29,94,5.494850021680094
29,95,5.6777807052660805
29,96,7.173925197299173
29,97,5.42021640338319
29,98,5.6777807052660805
29,99,8.537602002101044
29,100,8.318758762624412
29,101,6.7447274948966935
29,102,6.026872146400302
29,103,6.4089353929735005
29,104,5.0
29,105,5.1487416512809245
29,106,5.568636235841013
29,107,5.337242168318426
29,108,5.0
29,109,5.0
29,110,5.0
29,111,5.0
29,112,6.1938200260161125
29,113,5.0
29,114,5.0
29,115,6.251811972993799
29,116,5.0
29,117,6.823908740944319
29,118,5.823908740944319
29,119,6.091514981121351
29,120,5.0
29,121,5.0
29,122,5.823908740944319
29,123,6.4089353929735005
29,124,5.0
29,125,5.6020599913279625
29,126,5.0
29,127,5.0
29,128,5.537602002101044
29,129,6.886056647693163
29,130,5.0
29,131,5.0
29,132,5.0
29,133,5.0
29,134,5.0
29,135,5.259637310505756
29,136,5.0
29,137,5.568636235841013
29,138,5.958607314841775
29,139,5.455931955649724
29,140,5.6777807052660805
29,141,5.958607314841775
29,142,6.1249387366083
29,143,6.431798275933005
29,144,6.070581074285707
29,145,5.920818753952375
29,146,6.552841968657781
29,147,5.638272163982407
29,148,6.356547323513812
29,149,7.136677139879544
29,150,7.823908740944319
29,151,7.886056647693163
29,152,7.886056647693163
29,153,8.18045606445813
29,154,7.886056647693163
29,155,7.221848749616356
29,156,5.886056647693163
29,157,5.6777807052660805
29,158,6.180456064458132
29,159,6.585026652029182
29,160,6.481486060122113
29,161,5.0
29,162,7.1487416512809245
29,163,5.301029995663981
29,164,5.0
29,165,5.0
29,166,5.366531544420414
29,167,6.366531544420414
29,168,6.522878745280337
29,169,6.236572006437063
29,170,6.0
29,171,7.200659450546418
29,172,6.337242168318426
29,173,5.657577319177793
29,174,6.036212172654444
29,175,6.7447274948966935
29,176,6.366531544420414
29,177,6.468521082957745
29,178,6.3979400086720375
29,179,6.376750709602099
29,180,7.318758762624412
29,181,6.619788758288394
29,182,6.167491087293763
29,183,6.619788758288394
29,184,5.920818753952375
29,185,6.721246399047171
29,186,7.119186407719209
29,187,7.4089353929735005
29,188,6.236572006437063
29,189,6.638272163982407
29,190,7.292429823902063
29,191,7.275724130399211
29,192,6.0655015487564325
29,193,6.619788758288394
29,194,6.795880017344075
29,195,7.67778070526608
29,196,7.638272163982407
29,197,7.920818753952375
29,198,7.119186407719209
29,199,5.301029995663981
29,200,5.823908740944319
29,201,5.920818753952375
29,202,5.0
29,203,5.0
29,204,6.619788758288394
29,205,7.886056647693163
29,206,6.455931955649724
29,207,7.346787486224656
29,208,6.036212172654444
29,209,5.508638306165727
29,210,6.301029995663981
29,211,5.0
29,212,5.0
29,213,5.0
29,214,7.142667503568732
29,215,6.920818753952375
29,216,5.795880017344075
29,217,7.958607314841775
29,218,6.823908740944319
29,219,7.481486060122113
29,220,6.585026652029182
29,221,5.0
29,222,5.920818753952375
29,223,6.508638306165727
29,224,6.356547323513812
29,225,5.886056647693163
29,226,6.6777807052660805
29,227,5.0
29,228,6.275724130399211
29,229,6.070581074285707
29,230,6.823908740944319
29,231,6.6020599913279625
29,232,6.920818753952375
29,233,6.086186147616283
29,234,6.6777807052660805
29,235,6.1249387366083
29,236,6.769551078621726
29,237,6.6777807052660805
29,238,6.2441251443275085
29,239,7.602059991327962
29,240,5.0
29,241,5.0
29,242,5.920818753952375
29,243,8.366531544420413
29,244,6.187086643357144
29,245,5.823908740944319
29,246,6.638272163982407
29,247,5.0
29,248,5.0
29,249,6.251811972993799
29,250,6.091514981121351
29,251,5.0
29,252,5.958607314841775
29,253,5.958607314841775
29,254,5.0
29,255,6.698970004336019
29,256,6.130768280269024
29,257,7.2839966563652
29,258,6.769551078621726
29,259,6.130768280269024
29,260,5.221848749616356
29,261,6.4089353929735005
29,262,5.958607314841775
29,263,5.508638306165727
29,264,5.0
29,265,5.275724130399211
29,266,6.0
29,267,5.958607314841775
29,268,5.638272163982407
29,269,6.920818753952375
29,270,6.6777807052660805
29,271,6.2839966563652006
29,272,5.958607314841775
29,273,5.0
29,274,5.769551078621726
29,275,5.0
29,276,5.853871964321762
29,277,5.0
29,278,5.0
29,279,5.6777807052660805
29,280,5.568636235841013
29,281,6.337242168318426
29,282,5.823908740944319
29,283,5.886056647693163
29,284,6.4089353929735005
29,285,6.080921907623926
29,286,5.721246399047171
29,287,5.0
29,288,6.886056647693163
29,289,7.522878745280337
29,290,6.187086643357144
29,291,5.619788758288394
29,292,5.0
29,293,5.585026652029182
29,294,6.060480747381382
29,295,6.6777807052660805
29,296,6.853871964321762
29,297,5.0
29,298,5.0
29,299,5.0
29,300,5.0
29,301,5.0
29,302,5.0
29,303,5.0
29,304,5.0
29,305,5.0
29,306,5.0
29,307,5.0
29,308,5.0
29,309,5.0
29,310,5.0
29,311,5.0
29,312,5.0
29,313,5.0
29,314,5.0
29,315,5.0
29,316,7.292429823902063
29,317,5.0
29,318,7.026872146400302
29,319,5.0
29,320,5.0
29,321,5.0
29,322,5.0
29,323,6.236572006437063
29,324,6.055517327849832
29,325,6.619788758288394
29,326,5.0
29,327,5.0
29,328,5.0
29,329,7.67778070526608
29,330,5.0
29,331,5.0
29,332,5.0
29,333,5.0
29,334,5.0
29,335,5.920818753952375
29,336,5.823908740944319
29,337,6.107905397309519
29,338,5.6020599913279625
29,339,6.096910013008056
29,340,5.443697499232713
29,341,5.920818753952375
29,342,6.568636235841013
29,343,6.119186407719209
29,344,5.638272163982407
29,345,5.0
29,346,6.823908740944319
29,347,7.327902142064283
29,348,7.455931955649724
29,349,7.455931955649724
29,350,7.327902142064283
29,351,5.301029995663981
29,352,7.214670164989233
29,353,7.1938200260161125
29,354,5.431798275933005
29,355,6.886056647693163
29,356,6.180456064458132
29,357,6.522878745280337
29,358,6.6020599913279625
29,359,5.0
29,360,5.657577319177793
29,361,5.958607314841775
29,362,5.0
29,363,5.721246399047171
29,364,5.468521082957745
29,365,5.0
29,366,6.552841968657781
29,367,6.2076083105017466
29,368,5.1249387366083
29,369,6.356547323513812
29,370,5.0
29,371,6.508638306165727
29,372,6.236572006437063
29,373,6.638272163982407
29,374,7.017728766960432
29,375,6.173925197299173
29,376,6.251811972993799
29,377,7.886056647693163
29,378,7.267606240177032
29,379,5.0
29,380,5.552841968657781
29,381,5.568636235841013
29,382,7.259637310505756
29,383,7.823908740944319
29,384,6.698970004336019
29,385,7.5376020021010435
29,386,6.853871964321762
29,387,6.200659450546418
29,388,5.0
29,389,6.050609993355088
29,390,6.173925197299173
29,391,7.443697499232713
29,392,5.7447274948966935
29,393,5.0
29,394,6.0
29,395,6.886056647693163
29,396,5.0
29,397,5.0
29,398,5.0
29,399,5.0
29,400,6.522878745280337
29,401,5.958607314841775
29,402,5.568636235841013
29,403,5.7447274948966935
29,404,7.552841968657781
29,405,6.236572006437063
29,406,5.795880017344075
29,407,5.0
29,408,6.568636235841013
29,409,6.853871964321762
29,410,6.6020599913279625
29,411,5.0
29,412,5.638272163982407
29,413,6.958607314841775
29,414,6.236572006437063
29,415,6.795880017344075
29,416,6.2839966563652006
29,417,5.0
29,418,7.275724130399211
29,419,6.886056647693163
29,420,6.920818753952375
29,421,6.920818753952375
29,422,5.0
29,423,5.552841968657781
29,424,5.327902142064283
29,425,5.356547323513812
29,426,5.0
29,427,5.0
29,428,7.744727494896693
29,429,5.366531544420414
29,430,8.2839966563652
29,431,6.236572006437063
29,432,6.026872146400302
30,0,5.0
30,1,5.0
30,2,5.0
30,3,5.0
30,4,5.0
30,5,5.0
30,6,5.0
30,7,5.0
30,8,5.0
30,9,5.0
30,10,5.0
30,11,5.0
30,12,5.0
30,13,5.0
30,14,5.0
30,15,5.0
30,16,5.0
30,17,5.0
30,18,5.0
30,19,5.0
30,20,5.0
30,21,5.0
30,22,5.0
30,23,5.0
30,24,5.0
30,25,5.0
30,26,5.0
30,27,5.0
30,28,5.0
30,29,5.0
30,30,5.0
30,31,5.0
30,32,5.0
30,33,5.0
30,34,5.0
30,35,5.0
30,36,5.0
30,37,5.0
30,38,5.0
30,39,5.0
30,40,5.0
30,41,5.0
30,42,5.0
30,43,5.0
30,44,5.0
30,45,5.0
30,46,5.0
30,47,5.0
30,48,5.0
30,49,5.0
30,50,5.0
30,51,5.0
30,52,5.0
30,53,5.0
30,54,5.0
30,55,5.0
30,56,5.0
30,57,5.0
30,58,5.0
30,59,5.0
30,60,5.0
30,61,5.0
30,62,5.0
30,63,5.0
30,64,5.0
30,65,5.0
30,66,5.0
30,67,5.0
30,68,5.0
30,69,5.0
30,70,5.0
30,71,5.0
30,72,5.0
30,73,5.0
30,74,5.0
30,75,5.0
30,76,5.0
30,77,5.0
30,78,5.0
30,79,5.0
30,80,5.0
30,81,5.0
30,82,5.0
30,83,5.0
30,84,5.0
30,85,5.0
30,86,5.0
30,87,5.0
30,88,5.0
30,89,5.0
30,90,5.0
30,91,5.0
30,92,5.0
30,93,5.0
30,94,5.0
30,95,5.0
30,96,5.0
30,97,5.0
30,98,5.0
30,99,5.0
30,100,5.0
30,101,5.0
30,102,5.0
30,103,5.0
30,104,8.619788758288394
30,105,8.065501548756432
30,106,9.036212172654444
30,107,8.67778070526608
30,108,8.657577319177793
30,109,8.4089353929735
30,110,8.455931955649724
30,111,8.55284196865778
30,112,5.0
30,113,8.920818753952375
30,114,8.3767507096021
30,115,6.0655015487564325
30,116,5.0
30,117,5.0
30,118,5.0
30,119,5.0
30,120,5.0
30,121,5.0
30,122,5.0
30,123,5.0
30,124,5.0
30,125,5.0
30,126,5.0
30,127,5.0
30,128,5.0
30,129,5.0
30,130,8.154901959985743
30,131,5.259637310505756
30,132,7.267606240177032
30,133,5.0
30,134,5.0
30,135,5.0
30,136,5.0
30,137,5.0
30,138,5.0
30,139,5.0
30,140,5.0
30,141,5.0
30,142,5.0
30,143,5.0
30,144,5.0
30,145,5.0
30,146,5.0
30,147,5.0
30,148,5.0
30,149,5.0
30,150,5.0
30,151,5.0
30,152,5.0
30,153,5.0
30,154,5.0
30,155,5.0
30,156,5.0
30,157,5.0
30,158,5.0
30,159,5.0
30,160,5.0
30,161,5.0
30,162,5.0
30,163,5.0
30,164,5.0
30,165,5.0
30,166,5.0
30,167,5.0
30,168,5.0
30,169,5.0
30,170,5.0
30,171,5.0
30,172,5.0
30,173,5.0
30,174,5.0
30,175,5.0
30,176,5.0
30,177,5.0
30,178,5.0
30,179,5.0
30,180,5.0
30,181,5.0
30,182,5.0
30,183,5.0
30,184,5.0
30,185,5.0
30,186,5.0
30,187,5.0
30,188,5.0
30,189,5.0
30,190,5.0
30,191,5.0
30,192,5.0
30,193,5.0
30,194,5.0
30,195,5.0
30,196,5.0
30,197,5.0
30,198,5.0
30,199,5.0
30,200,5.0
30,201,5.0
30,202,5.0
30,203,5.0
30,204,5.0
30,205,5.356547323513812
30,206,5.0
30,207,5.0
30,208,5.0
30,209,5.0
30,210,5.0
30,211,5.0
30,212,5.0
30,213,5.0
30,214,5.0
30,215,5.0
30,216,5.0
30,217,5.0
30,218,5.0
30,219,5.0
30,220,5.0
30,221,5.0
30,222,5.0
30,223,5.0
30,224,5.0
30,225,5.0
30,226,5.0
30,227,5.0
30,228,5.0
30,229,5.0
30,230,5.0
30,231,5.0
30,232,5.958607314841775
30,233,5.0
30,234,5.0
30,235,5.0
30,236,5.0
30,237,5.0
30,238,5.0
30,239,5.0
30,240,5.356547323513812
30,241,5.0
30,242,5.0
30,243,5.0
30,244,5.0
30,245,5.0
30,246,5.0
30,247,5.0
30,248,5.0
30,249,5.0
30,250,5.0
30,251,5.0
30,252,5.0
30,253,5.0
30,254,5.0
30,255,5.0
30,256,5.0
30,257,5.0
30,258,5.0
30,259,5.0
30,260,5.0
30,261,5.0
30,262,5.0
30,263,5.0
30,264,5.0
30,265,5.0
30,266,5.0
30,267,5.0
30,268,5.0
30,269,5.0
30,270,5.0
30,271,5.0
30,272,5.0
30,273,5.0
30,274,5.0
30,275,5.0
30,276,5.0
30,277,5.0
30,278,5.0
30,279,5.0
30,280,5.0
30,281,5.0
30,282,5.0
30,283,5.0
30,284,5.0
30,285,5.0
30,286,5.0
30,287,5.0
30,288,5.0
30,289,5.0
30,290,5.0
30,291,5.0
30,292,5.0
30,293,5.0
30,294,5.0
30,295,5.0
30,296,5.0
30,297,6.173925197299173
30,298,5.1249387366083
30,299,5.0
30,300,5.0
30,301,5.0
30,302,5.0
30,303,5.0
30,304,5.0
30,305,5.0
30,306,5.0
30,307,5.0
30,308,5.0
30,309,5.0
30,310,5.0
30,311,5.0
30,312,6.026872146400302
30,313,5.0
30,314,5.0
30,315,5.0
30,316,5.0
30,317,5.0
30,318,5.0
30,319,5.0
30,320,5.0
30,321,5.0
30,322,5.0
30,323,5.0
30,324,5.0
30,325,5.0
30,326,5.0
30,327,5.0
30,328,5.0
30,329,5.0
30,330,5.0
30,331,5.0
30,332,5.0
30,333,5.0
30,334,5.0
30,335,5.0
30,336,5.0
30,337,5.0
30,338,5.0
30,339,5.0
30,340,5.0
30,341,5.0
30,342,5.0
30,343,5.0
30,344,5.0
30,345,5.0
30,346,5.0
30,347,5.0
30,348,5.0
30,349,5.0
30,350,5.0
30,351,5.0
30,352,5.0
30,353,5.0
30,354,5.443697499232713
30,355,5.0
30,356,5.0
30,357,5.0
30,358,5.0
30,359,5.0
30,360,5.0
30,361,5.0
30,362,5.0
30,363,5.0
30,364,5.0
30,365,5.0
30,366,5.0
30,367,5.0
30,368,5.0
30,369,5.0
30,370,5.0
30,371,5.0
30,372,5.0
30,373,5.0
30,374,5.0
30,375,5.0
30,376,5.0
30,377,5.481486060122113
30,378,5.0
30,379,5.0
30,380,5.0
30,381,5.0
30,382,5.0
30,383,5.0
30,384,5.0
30,385,5.0
30,386,5.0
30,387,5.0
30,388,5.0
30,389,5.0
30,390,5.0
30,391,5.0
30,392,5.0
30,393,5.0
30,394,5.0
30,395,5.0
30,396,5.0
30,397,5.0
30,398,5.0
30,399,5.0
30,400,5.0
30,401,5.0
30,402,5.0
30,403,5.0
30,404,5.0
30,405,5.0
30,406,5.0
30,407,5.0
30,408,5.0
30,409,5.0
30,410,5.0
30,411,5.0
30,412,5.0
30,413,5.0
30,414,5.0
30,415,5.0
30,416,5.0
30,417,5.0
30,418,5.0
30,419,5.0
30,420,5.0
30,421,5.0
30,422,5.0
30,423,5.0
30,424,5.0
30,425,5.0
30,426,5.0
30,427,5.0
30,428,5.0
30,429,5.0
30,430,5.0
30,431,5.0
30,432,5.0
31,0,8.508638306165727
31,1,6.075720713938118
31,2,5.309803919971486
31,3,5.657577319177793
31,4,6.060480747381382
31,5,6.107905397309519
31,6,6.080921907623926
31,7,6.795880017344075
31,8,6.040958607678906
31,9,6.0
31,10,5.187086643357144
31,11,7.1249387366083
31,12,7.0655015487564325
31,13,5.6020599913279625
31,14,5.42021640338319
31,15,5.657577319177793
31,16,5.0
31,17,5.0
31,18,5.356547323513812
31,19,5.6777807052660805
31,20,5.2076083105017466
31,21,7.1487416512809245
31,22,7.602059991327962
31,23,7.251811972993799
31,24,7.494850021680094
31,25,8.431798275933005
31,26,7.154901959985743
31,27,6.769551078621726
31,28,7.795880017344075
31,29,7.795880017344075
31,30,8.387216143280265
31,31,7.455931955649724
31,32,7.795880017344075
31,33,6.795880017344075
31,34,6.022276394711152
31,35,7.244125144327507
31,36,5.823908740944319
31,37,6.698970004336019
31,38,5.0
31,39,5.0
31,40,5.769551078621726
31,41,7.602059991327962
31,42,7.795880017344075
31,43,7.180456064458132
31,44,6.886056647693163
31,45,7.327902142064283
31,46,6.327902142064283
31,47,8.0
31,48,7.229147988357856
31,49,8.05551732784983
31,50,7.585026652029182
31,51,5.522878745280337
31,52,7.638272163982407
31,53,7.823908740944319
31,54,6.481486060122113
31,55,5.0
31,56,5.0
31,57,6.0
31,58,5.0
31,59,7.698970004336019
31,60,6.376750709602099
31,61,6.3872161432802645
31,62,7.060480747381382
31,63,5.096910013008056
31,64,6.275724130399211
31,65,6.309803919971486
31,66,7.366531544420414
31,67,6.366531544420414
31,68,8.0
31,69,8.55284196865778
31,70,6.6777807052660805
31,71,7.070581074285707
31,72,8.017728766960431
31,73,7.356547323513813
31,74,5.0
31,75,8.522878745280337
31,76,6.958607314841775
31,77,6.585026652029182
31,78,5.0
31,79,5.1487416512809245
31,80,5.0
31,81,5.0
31,82,5.0
31,83,5.0
31,84,5.0
31,85,5.585026652029182
31,86,6.013228265733755
31,87,6.013228265733755
31,88,7.096910013008056
31,89,7.200659450546418
31,90,7.086186147616283
31,91,5.0
31,92,5.346787486224656
31,93,5.958607314841775
31,94,6.292429823902063
31,95,6.3979400086720375
31,96,6.075720713938118
31,97,6.619788758288394
31,98,5.6020599913279625
31,99,8.468521082957745
31,100,8.301029995663981
31,101,7.698970004336019
31,102,7.5376020021010435
31,103,7.657577319177793
31,104,5.958607314841775
31,105,6.3979400086720375
31,106,5.920818753952375
31,107,5.958607314841775
31,108,6.494850021680094
31,109,5.853871964321762
31,110,6.251811972993799
31,111,6.0655015487564325
31,112,8.10790539730952
31,113,6.096910013008056
31,114,5.853871964321762
31,115,7.795880017344075
31,116,5.0
31,117,6.42021640338319
31,118,6.102372908709558
31,119,6.795880017344075
31,120,5.769551078621726
31,121,5.229147988357856
31,122,5.920818753952375
31,123,6.585026652029182
31,124,5.0
31,125,5.2839966563652006
31,126,5.161150909262744
31,127,5.0
31,128,5.161150909262744
31,129,7.008773924307505
31,130,5.0
31,131,5.259637310505756
31,132,5.853871964321762
31,133,5.008773924307505
31,134,5.0
31,135,5.0
31,136,5.0
31,137,5.958607314841775
31,138,8.309803919971486
31,139,8.244125144327509
31,140,5.958607314841775
31,141,7.552841968657781
31,142,6.431798275933005
31,143,6.508638306165727
31,144,6.180456064458132
31,145,6.236572006437063
31,146,6.136677139879544
31,147,5.7447274948966935
31,148,7.2839966563652
31,149,6.920818753952375
31,150,8.070581074285707
31,151,9.18045606445813
31,152,9.244125144327509
31,153,8.267606240177031
31,154,8.853871964321762
31,155,8.154901959985743
31,156,7.769551078621726
31,157,6.130768280269024
31,158,7.075720713938118
31,159,8.136677139879543
31,160,8.387216143280265
31,161,7.619788758288394
31,162,7.920818753952375
31,163,8.142667503568731
31,164,5.638272163982407
31,165,5.886056647693163
31,166,6.568636235841013
31,167,6.229147988357856
31,168,6.431798275933005
31,169,6.6020599913279625
31,170,6.823908740944319
31,171,7.42021640338319
31,172,6.2441251443275085
31,173,7.4089353929735005
31,174,5.376750709602099
31,175,8.045757490560675
31,176,7.920818753952375
31,177,7.958607314841775
31,178,5.958607314841775
31,179,5.7447274948966935
31,180,8.214670164989233
31,181,7.795880017344075
31,182,8.769551078621726
31,183,6.537602002101044
31,184,8.05551732784983
31,185,5.0
31,186,8.431798275933005
31,187,8.638272163982407
31,188,7.958607314841775
31,189,6.494850021680094
31,190,7.920818753952375
31,191,6.823908740944319
31,192,7.455931955649724
31,193,7.958607314841775
31,194,8.148741651280925
31,195,7.397940008672037
31,196,7.119186407719209
31,197,7.346787486224656
31,198,6.42021640338319
31,199,7.522878745280337
31,200,9.0
31,201,6.366531544420414
31,202,5.795880017344075
31,203,5.0
31,204,7.244125144327507
31,205,8.244125144327509
31,206,8.443697499232712
31,207,8.602059991327963
31,208,6.309803919971486
31,209,6.721246399047171
31,210,6.468521082957745
31,211,5.769551078621726
31,212,5.356547323513812
31,213,8.468521082957745
31,214,8.318758762624412
31,215,8.221848749616356
31,216,5.585026652029182
31,217,8.327902142064282
31,218,6.958607314841775
31,219,7.638272163982407
31,220,7.366531544420414
31,221,6.638272163982407
31,222,6.031517051446065
31,223,7.080921907623926
31,224,7.853871964321762
31,225,7.309803919971486
31,226,6.920818753952375
31,227,7.721246399047171
31,228,8.455931955649724
31,229,8.4089353929735
31,230,8.301029995663981
31,231,8.42021640338319
31,232,8.154901959985743
31,233,7.356547323513813
31,234,7.585026652029182
31,235,7.494850021680094
31,236,6.537602002101044
31,237,6.318758762624412
31,238,7.387216143280264
31,239,8.443697499232712
31,240,7.096910013008056
31,241,7.251811972993799
31,242,8.853871964321762
31,243,7.920818753952375
31,244,8.455931955649724
31,245,7.823908740944319
31,246,7.744727494896693
31,247,5.036212172654444
31,248,6.0
31,249,8.522878745280337
31,250,5.086186147616283
31,251,8.619788758288394
31,252,6.119186407719209
31,253,6.638272163982407
31,254,5.0
31,255,5.3872161432802645
31,256,7.886056647693163
31,257,7.251811972993799
31,258,7.5376020021010435
31,259,6.585026652029182
31,260,6.113509274827518
31,261,6.657577319177793
31,262,6.431798275933005
31,263,5.6020599913279625
31,264,5.0
31,265,5.309803919971486
31,266,5.0
31,267,5.0
31,268,5.251811972993799
31,269,5.356547323513812
31,270,5.3979400086720375
31,271,5.267606240177032
31,272,5.7447274948966935
31,273,6.113509274827518
31,274,5.096910013008056
31,275,5.0
31,276,5.0
31,277,5.455931955649724
31,278,6.431798275933005
31,279,7.522878745280337
31,280,7.366531544420414
31,281,7.455931955649724
31,282,7.619788758288394
31,283,8.00436480540245
31,284,7.619788758288394
31,285,7.568636235841013
31,286,6.142667503568732
31,287,5.0
31,288,6.455931955649724
31,289,7.5376020021010435
31,290,8.468521082957745
31,291,8.2518119729938
31,292,5.251811972993799
31,293,5.886056647693163
31,294,6.142667503568732
31,295,9.4089353929735
31,296,8.769551078621726
31,297,5.2839966563652006
31,298,6.638272163982407
31,299,5.309803919971486
31,300,5.309803919971486
31,301,5.229147988357856
31,302,5.251811972993799
31,303,5.130768280269024
31,304,7.309803919971486
31,305,6.187086643357144
31,306,5.0
31,307,5.958607314841775
31,308,5.267606240177032
31,309,5.173925197299173
31,310,5.3979400086720375
31,311,6.455931955649724
31,312,6.537602002101044
31,313,6.698970004336019
31,314,6.6020599913279625
31,315,7.744727494896693
31,316,7.443697499232713
31,317,5.0
31,318,7.744727494896693
31,319,5.0
31,320,6.657577319177793
31,321,6.795880017344075
31,322,5.0
31,323,8.275724130399212
31,324,8.744727494896694
31,325,7.259637310505756
31,326,6.657577319177793
31,327,6.481486060122113
31,328,5.638272163982407
31,329,8.823908740944319
31,330,6.619788758288394
31,331,6.795880017344075
31,332,6.853871964321762
31,333,5.7447274948966935
31,334,7.0
31,335,7.853871964321762
31,336,8.09151498112135
31,337,8.050609993355087
31,338,6.431798275933005
31,339,7.602059991327962
31,340,6.920818753952375
31,341,7.376750709602099
31,342,6.259637310505756
31,343,7.387216143280264
31,344,6.920818753952375
31,345,5.0
31,346,7.698970004336019
31,347,7.853871964321762
31,348,8.173925197299173
31,349,8.327902142064282
31,350,8.045757490560675
31,351,5.173925197299173
31,352,8.113509274827518
31,353,5.0
31,354,6.1938200260161125
31,355,7.886056647693163
31,356,8.275724130399212
31,357,7.251811972993799
31,358,7.1487416512809245
31,359,7.585026652029182
31,360,7.207608310501746
31,361,5.886056647693163
31,362,7.376750709602099
31,363,6.017728766960432
31,364,7.552841968657781
31,365,5.619788758288394
31,366,6.537602002101044
31,367,7.055517327849832
31,368,5.920818753952375
31,369,6.958607314841775
31,370,5.040958607678906
31,371,7.161150909262744
31,372,6.698970004336019
31,373,6.920818753952375
31,374,8.236572006437063
31,375,7.086186147616283
31,376,7.823908740944319
31,377,7.455931955649724
31,378,9.0
31,379,5.0
31,380,6.1938200260161125
31,381,6.086186147616283
31,382,8.0
31,383,7.292429823902063
31,384,7.886056647693163
31,385,7.721246399047171
31,386,7.585026652029182
31,387,6.091514981121351
31,388,5.42021640338319
31,389,5.958607314841775
31,390,8.022276394711152
31,391,8.537602002101044
31,392,7.154901959985743
31,393,6.301029995663981
31,394,7.0655015487564325
31,395,7.744727494896693
31,396,5.920818753952375
31,397,6.537602002101044
31,398,6.920818753952375
31,399,6.267606240177032
31,400,6.167491087293763
31,401,6.200659450546418
31,402,6.958607314841775
31,403,7.1938200260161125
31,404,8.267606240177031
31,405,8.031517051446064
31,406,8.18045606445813
31,407,5.6777807052660805
31,408,8.080921907623926
31,409,7.853871964321762
31,410,7.853871964321762
31,411,5.0
31,412,7.008773924307505
31,413,8.187086643357144
31,414,6.180456064458132
31,415,7.823908740944319
31,416,6.040958607678906
31,417,6.187086643357144
31,418,6.0
31,419,7.221848749616356
31,420,8.309803919971486
31,421,6.657577319177793
31,422,5.0
31,423,5.920818753952375
31,424,5.102372908709558
31,425,5.6777807052660805
31,426,5.229147988357856
31,427,5.096910013008056
31,428,6.795880017344075
31,429,7.013228265733755
31,430,9.2839966563652
31,431,5.173925197299173
31,432,7.795880017344075
32,0,5.0
32,1,5.0
32,2,5.0
32,3,5.0
32,4,5.0
32,5,5.0
32,6,5.0
32,7,5.0
32,8,5.0
32,9,5.0
32,10,5.0
32,11,5.0
32,12,5.0
32,13,5.0
32,14,5.0
32,15,5.0
32,16,5.0
32,17,5.0
32,18,5.0
32,19,5.0
32,20,5.0
32,21,5.795880017344075
32,22,5.0
32,23,5.0
32,24,5.0
32,25,5.0
32,26,5.0
32,27,5.0
32,28,5.795880017344075
32,29,6.4089353929735005
32,30,7.1487416512809245
32,31,6.468521082957745
32,32,5.0
32,33,5.0
32,34,5.0
32,35,6.1487416512809245
32,36,5.107905397309519
32,37,5.0
32,38,5.0
32,39,5.0
32,40,5.0
32,41,5.0
32,42,5.0
32,43,5.0
32,44,5.0
32,45,5.0
32,46,5.0
32,47,5.0
32,48,5.0
32,49,5.0
32,50,5.0
32,51,5.0
32,52,5.0
32,53,5.0
32,54,5.0
32,55,5.886056647693163
32,56,5.920818753952375
32,57,7.42021640338319
32,58,7.130768280269024
32,59,5.0
32,60,5.0
32,61,5.0
32,62,5.537602002101044
32,63,7.022276394711152
32,64,5.522878745280337
32,65,5.0
32,66,5.0
32,67,5.0
32,68,5.0
32,69,5.0
32,70,5.0
32,71,5.0
32,72,5.050609993355088
32,73,5.0
32,74,5.0
32,75,5.795880017344075
32,76,8.468521082957745
32,77,5.0
32,78,5.0
32,79,5.0
32,80,5.0
32,81,5.0
32,82,5.0
32,83,5.0
32,84,5.0
32,85,5.0
32,86,5.0
32,87,5.0
32,88,5.0
32,89,5.0
32,90,5.0
32,91,5.0
32,92,5.0
32,93,5.0
32,94,7.236572006437063
32,95,5.42021640338319
32,96,5.0
32,97,5.0
32,98,5.080921907623926
32,99,5.0
32,100,5.0
32,101,5.0
32,102,5.0
32,103,5.0
32,104,5.0
32,105,5.0
32,106,5.187086643357144
32,107,5.0
32,108,5.0
32,109,5.0
32,110,5.0
32,111,5.0
32,112,5.0
32,113,5.0
32,114,5.0
32,115,5.0
32,116,5.0
32,117,5.0
32,118,5.0
32,119,5.455931955649724
32,120,5.0
32,121,5.823908740944319
32,122,6.481486060122113
32,123,6.958607314841775
32,124,5.0
32,125,6.055517327849832
32,126,5.853871964321762
32,127,5.853871964321762
32,128,5.853871964321762
32,129,7.481486060122113
32,130,5.0
32,131,5.0
32,132,5.0
32,133,5.0
32,134,5.0
32,135,5.0
32,136,5.0
32,137,5.0
32,138,5.552841968657781
32,139,5.0
32,140,5.0
32,141,5.0
32,142,5.0
32,143,5.0
32,144,5.0
32,145,5.0
32,146,5.0
32,147,5.0
32,148,5.0
32,149,8.1249387366083
32,150,9.200659450546418
32,151,8.568636235841012
32,152,7.958607314841775
32,153,8.886056647693163
32,154,8.585026652029182
32,155,7.795880017344075
32,156,7.795880017344075
32,157,6.3979400086720375
32,158,5.0
32,159,5.638272163982407
32,160,5.0
32,161,5.0
32,162,5.0
32,163,5.0
32,164,5.0
32,165,5.0
32,166,5.0
32,167,5.0
32,168,5.0
32,169,5.638272163982407
32,170,7.337242168318426
32,171,6.080921907623926
32,172,5.0
32,173,5.0
32,174,5.0
32,175,5.0
32,176,5.0
32,177,5.0
32,178,5.0
32,179,5.4089353929735005
32,180,5.0
32,181,5.0
32,182,5.0
32,183,5.0
32,184,5.0
32,185,5.0
32,186,5.0
32,187,5.0
32,188,5.0
32,189,6.619788758288394
32,190,5.366531544420414
32,191,8.698970004336019
32,192,7.769551078621726
32,193,5.958607314841775
32,194,7.091514981121351
32,195,8.721246399047171
32,196,8.769551078621726
32,197,8.42021640338319
32,198,7.67778070526608
32,199,5.6777807052660805
32,200,5.769551078621726
32,201,5.0
32,202,5.0
32,203,5.327902142064283
32,204,5.0
32,205,6.337242168318426
32,206,5.0
32,207,5.0
32,208,6.259637310505756
32,209,5.0
32,210,5.0
32,211,5.0
32,212,5.0
32,213,5.0
32,214,5.0
32,215,5.0
32,216,5.0
32,217,5.0
32,218,5.494850021680094
32,219,5.0
32,220,6.040958607678906
32,221,5.0
32,222,5.0
32,223,5.0
32,224,5.0
32,225,5.0
32,226,5.0
32,227,5.0
32,228,5.0
32,229,5.0
32,230,5.0
32,231,5.0
32,232,5.920818753952375
32,233,5.0
32,234,5.0
32,235,6.060480747381382
32,236,5.886056647693163
32,237,6.161150909262744
32,238,5.585026652029182
32,239,5.0
32,240,5.0
32,241,5.309803919971486
32,242,6.568636235841013
32,243,5.0
32,244,5.0
32,245,5.0
32,246,5.0
32,247,5.0
32,248,5.0
32,249,5.853871964321762
32,250,5.119186407719209
32,251,5.823908740944319
32,252,5.0
32,253,5.080921907623926
32,254,5.0
32,255,8.0
32,256,5.0
32,257,5.552841968657781
32,258,5.0
32,259,5.0
32,260,5.494850021680094
32,261,5.0
32,262,5.0
32,263,5.0
32,264,5.0
32,265,5.0
32,266,5.0
32,267,5.0
32,268,5.0
32,269,5.0
32,270,5.0
32,271,5.0
32,272,5.0
32,273,5.0
32,274,5.0
32,275,5.0
32,276,6.431798275933005
32,277,5.0
32,278,5.698970004336019
32,279,5.0
32,280,5.0
32,281,5.0
32,282,5.0
32,283,5.0
32,284,5.0
32,285,5.552841968657781
32,286,5.0
32,287,5.0
32,288,8.3767507096021
32,289,8.721246399047171
32,290,5.0
32,291,5.0
32,292,5.0
32,293,5.0
32,294,5.0
32,295,5.0
32,296,5.0
32,297,5.0
32,298,5.0
32,299,5.0
32,300,5.0
32,301,5.0
32,302,5.0
32,303,5.0
32,304,5.0
32,305,5.0
32,306,5.0
32,307,5.0
32,308,5.0
32,309,5.0
32,310,5.0
32,311,5.0
32,312,5.0
32,313,5.0
32,314,5.0
32,315,5.0
32,316,5.0
32,317,5.0
32,318,5.0
32,319,5.0
32,320,5.161150909262744
32,321,5.0
32,322,5.0
32,323,5.0
32,324,5.0
32,325,5.0
32,326,5.0
32,327,5.0
32,328,5.070581074285707
32,329,5.638272163982407
32,330,5.0
32,331,5.0
32,332,5.0
32,333,5.0
32,334,5.0
32,335,5.0
32,336,5.0
32,337,5.0
32,338,5.0
32,339,5.0
32,340,5.0
32,341,5.0
32,342,5.0
32,343,5.0
32,344,5.0
32,345,5.0
32,346,7.0
32,347,6.920818753952375
32,348,6.013228265733755
32,349,7.267606240177032
32,350,5.0
32,351,5.0
32,352,5.0
32,353,5.552841968657781
32,354,5.0
32,355,5.0
32,356,5.0
32,357,5.0
32,358,6.200659450546418
32,359,5.0
32,360,5.142667503568732
32,361,5.0
32,362,5.920818753952375
32,363,5.0
32,364,5.0
32,365,5.0
32,366,5.0
32,367,5.0
32,368,5.0
32,369,5.0
32,370,5.0
32,371,5.552841968657781
32,372,5.0
32,373,5.0
32,374,5.721246399047171
32,375,5.0
32,376,5.0
32,377,6.346787486224656
32,378,5.0
32,379,5.0
32,380,5.0
32,381,5.0
32,382,5.0
32,383,5.0
32,384,5.0
32,385,5.0
32,386,5.42021640338319
32,387,5.0
32,388,5.0
32,389,5.0
32,390,5.0
32,391,5.0
32,392,6.494850021680094
32,393,5.0
32,394,6.585026652029182
32,395,5.0
32,396,5.0
32,397,5.0
32,398,5.0
32,399,5.0
32,400,6.958607314841775
32,401,6.346787486224656
32,402,5.0
32,403,5.0
32,404,5.552841968657781
32,405,5.0
32,406,5.0
32,407,5.0
32,408,5.508638306165727
32,409,5.958607314841775
32,410,6.6777807052660805
32,411,5.0
32,412,5.0
32,413,5.0
32,414,5.0
32,415,5.0
32,416,5.0
32,417,5.0
32,418,5.0
32,419,5.0
32,420,5.0
32,421,8.09151498112135
32,422,5.0
32,423,5.0
32,424,5.0
32,425,6.1938200260161125
32,426,6.568636235841013
32,427,5.0
32,428,5.0
32,429,5.0
32,430,6.6020599913279625
32,431,5.0
32,432,5.0
33,0,5.0
33,1,5.0
33,2,5.0
33,3,5.0
33,4,5.0
33,5,5.0
33,6,5.0
33,7,5.0
33,8,5.0
33,9,5.0
33,10,5.0
33,11,5.0
33,12,5.0
33,13,5.0
33,14,5.0
33,15,5.0
33,16,5.0
33,17,5.0
33,18,5.0
33,19,5.0
33,20,5.0
33,21,5.0
33,22,5.0
33,23,5.0
33,24,5.0
33,25,5.0
33,26,5.0
33,27,5.0
33,28,5.0
33,29,5.0
33,30,5.0
33,31,5.0
33,32,5.0
33,33,5.0
33,34,5.0
33,35,5.0
33,36,5.0
33,37,5.0
33,38,5.0
33,39,5.0
33,40,5.0
33,41,5.0
33,42,5.0
33,43,5.0
33,44,5.0
33,45,5.0
33,46,5.0
33,47,5.0
33,48,5.0
33,49,5.0
33,50,5.0
33,51,5.0
33,52,5.0
33,53,5.0
33,54,5.0
33,55,5.0
33,56,5.0
33,57,5.0
33,58,5.0
33,59,5.0
33,60,5.0
33,61,5.0
33,62,5.0
33,63,5.0
33,64,5.0
33,65,5.0
33,66,5.0
33,67,5.0
33,68,5.0
33,69,5.0
33,70,5.0
33,71,5.0
33,72,6.1938200260161125
33,73,5.638272163982407
33,74,5.0
33,75,6.0
33,76,5.0
33,77,5.0
33,78,5.0
33,79,5.0
33,80,5.0
33,81,5.0
33,82,5.0
33,83,5.0
33,84,5.0
33,85,5.0
33,86,5.0
33,87,5.0
33,88,5.0
33,89,5.0
33,90,5.0
33,91,5.0
33,92,5.0
33,93,5.0
33,94,5.0
33,95,5.0
33,96,5.0
33,97,5.0
33,98,5.0
33,99,5.0
33,100,5.0
33,101,5.6777807052660805
33,102,5.0
33,103,5.0
33,104,5.0
33,105,5.0
33,106,5.0
33,107,5.0
33,108,5.0
33,109,5.0
33,110,5.0
33,111,5.0
33,112,5.0
33,113,5.0
33,114,5.0
33,115,5.0
33,116,5.0
33,117,5.0
33,118,5.0
33,119,5.0
33,120,5.0
33,121,5.0
33,122,5.0
33,123,5.0
33,124,5.0
33,125,5.0
33,126,5.0
33,127,5.0
33,128,5.0
33,129,5.0
33,130,5.0
33,131,5.0
33,132,5.0
33,133,5.0
33,134,5.0
33,135,5.0
33,136,5.0
33,137,5.0
33,138,5.0
33,139,5.0
33,140,5.0
33,141,5.0
33,142,5.0
33,143,5.0
33,144,5.0
33,145,5.0
33,146,5.0
33,147,5.0
33,148,5.0
33,149,5.0
33,150,5.0
33,151,5.0
33,152,5.0
33,153,5.0
33,154,5.0
33,155,5.0
33,156,5.0
33,157,5.0
33,158,5.0
33,159,5.0
33,160,5.0
33,161,5.0
33,162,5.0
33,163,5.0
33,164,5.0
33,165,5.0
33,166,5.0
33,167,5.0
33,168,5.0
33,169,5.0
33,170,5.0
33,171,5.0
33,172,5.0
33,173,5.0
33,174,5.0
33,175,6.0
33,176,7.721246399047171
33,177,5.0
33,178,5.0
33,179,5.0
33,180,5.0
33,181,5.0
33,182,5.0
33,183,5.0
33,184,5.0
33,185,5.0
33,186,5.0
33,187,5.0
33,188,5.0
33,189,5.0
33,190,5.0
33,191,5.0
33,192,5.0
33,193,5.0
33,194,5.0
33,195,5.0
33,196,5.0
33,197,5.0
33,198,5.0
33,199,5.0
33,200,5.0
33,201,5.0
33,202,5.0
33,203,5.0
33,204,5.0
33,205,5.0
33,206,5.0
33,207,5.0
33,208,5.0
33,209,5.0
33,210,5.0
33,211,5.0
33,212,5.0
33,213,5.0
33,214,5.0
33,215,5.0
33,216,5.0
33,217,5.0
33,218,5.0
33,219,5.0
33,220,5.0
33,221,5.0
33,222,5.0
33,223,5.0
33,224,5.0
33,225,5.0
33,226,5.0
33,227,5.0
33,228,5.0
33,229,5.0
33,230,5.0
33,231,5.0
33,232,5.0
33,233,5.0
33,234,5.0
33,235,5.0
33,236,5.0
33,237,5.0
33,238,5.0
33,239,5.0
33,240,5.0
33,241,5.0
33,242,5.0
33,243,5.0
33,244,5.0
33,245,5.0
33,246,5.0
33,247,5.0
33,248,5.0
33,249,5.0
33,250,5.0
33,251,5.0
33,252,5.0
33,253,5.0
33,254,5.0
33,255,5.0
33,256,5.0
33,257,5.0
33,258,5.0
33,259,5.0
33,260,5.0
33,261,5.0
33,262,5.0
33,263,5.0
33,264,5.0
33,265,5.0
33,266,5.0
33,267,5.0
33,268,5.0
33,269,5.0
33,270,5.0
33,271,5.0
33,272,5.0
33,273,5.0
33,274,5.0
33,275,5.0
33,276,5.0
33,277,5.0
33,278,5.0
33,279,5.0
33,280,5.0
33,281,5.0
33,282,5.0
33,283,5.0
33,284,5.0
33,285,5.0
33,286,5.0
33,287,5.0
33,288,5.0
33,289,5.0
33,290,5.0
33,291,5.0
33,292,5.0
33,293,5.0
33,294,5.0
33,295,5.0
33,296,5.0
33,297,5.0
33,298,5.0
33,299,5.0
33,300,5.0
33,301,5.0
33,302,5.0
33,303,5.0
33,304,5.0
33,305,5.0
33,306,5.0
33,307,5.0
33,308,5.0
33,309,5.0
33,310,5.0
33,311,5.0
33,312,6.568636235841013
33,313,5.0
33,314,5.0
33,315,5.0
33,316,5.0
33,317,5.0
33,318,5.0
33,319,5.0
33,320,5.0
33,321,5.0
33,322,5.0
33,323,5.0
33,324,5.0
33,325,5.0
33,326,5.0
33,327,5.0
33,328,5.0
33,329,5.0
33,330,5.0
33,331,5.0
33,332,5.0
33,333,5.0
33,334,5.0
33,335,5.0
33,336,5.0
33,337,5.0
33,338,5.0
33,339,5.0
33,340,5.0
33,341,5.0
33,342,5.0
33,343,5.0
33,344,5.0
33,345,5.0
33,346,5.0
33,347,5.0
33,348,5.0
33,349,5.0
33,350,5.0
33,351,5.0
33,352,5.0
33,353,5.0
33,354,5.0
33,355,5.0
33,356,5.0
33,357,5.0
33,358,5.0
33,359,5.0
33,360,5.0
33,361,5.0
33,362,5.0
33,363,5.0
33,364,5.0
33,365,5.0
33,366,5.0
33,367,5.0
33,368,5.0
33,369,5.0
33,370,5.0
33,371,5.0
33,372,5.0
33,373,5.0
33,374,5.0
33,375,5.0
33,376,5.0
33,377,5.0
33,378,5.0
33,379,5.0
33,380,5.0
33,381,5.0
33,382,5.0
33,383,5.0
33,384,5.0
33,385,5.0
33,386,5.0
33,387,5.0
33,388,5.0
33,389,5.0
33,390,5.0
33,391,5.0
33,392,5.0
33,393,5.0
33,394,5.0
33,395,5.0
33,396,5.0
33,397,5.0
33,398,5.0
33,399,5.0
33,400,5.0
33,401,5.0
33,402,5.0
33,403,5.0
33,404,5.0
33,405,5.0
33,406,5.0
33,407,5.0
33,408,5.0
33,409,5.0
33,410,5.0
33,411,5.0
33,412,5.0
33,413,5.0
33,414,5.0
33,415,5.0
33,416,6.301029995663981
33,417,5.0
33,418,5.0
33,419,5.0
33,420,5.0
33,421,5.0
33,422,5.0
33,423,5.0
33,424,5.0
33,425,5.0
33,426,5.0
33,427,5.0
33,428,5.0
33,429,5.0
33,430,5.0
33,431,5.0
33,432,5.0
34,0,5.0
34,1,5.721246399047171
34,2,5.0
34,3,5.0
34,4,6.026872146400302
34,5,6.1249387366083
34,6,5.886056647693163
34,7,5.552841968657781
34,8,6.0
34,9,6.050609993355088
34,10,5.481486060122113
34,11,5.0
34,12,5.0
34,13,5.0
34,14,5.0
34,15,5.0
34,16,5.0
34,17,5.0
34,18,5.0
34,19,5.0
34,20,5.0
34,21,5.0
34,22,5.0
34,23,5.0
34,24,5.0
34,25,5.0
34,26,5.0
34,27,5.0
34,28,8.187086643357144
34,29,7.366531544420414
34,30,7.585026652029182
34,31,6.356547323513812
34,32,5.0
34,33,7.167491087293763
34,34,5.0
34,35,5.0
34,36,5.0
34,37,5.508638306165727
34,38,5.0
34,39,5.0
34,40,5.0
34,41,5.0
34,42,5.0
34,43,5.376750709602099
34,44,5.0
34,45,5.0
34,46,5.0
34,47,5.0
34,48,5.0
34,49,5.0
34,50,5.0
34,51,5.0
34,52,5.0
34,53,5.0
34,54,5.0
34,55,5.0
34,56,5.0
34,57,5.0
34,58,5.0
34,59,5.0
34,60,5.0
34,61,5.0
34,62,5.0
34,63,5.0
34,64,5.0
34,65,5.0
34,66,5.0
34,67,5.0
34,68,5.0
34,69,5.0
34,70,5.0
34,71,5.0
34,72,5.0
34,73,5.494850021680094
34,74,5.638272163982407
34,75,5.0
34,76,5.0
34,77,5.045757490560675
34,78,5.0
34,79,5.0
34,80,5.0
34,81,5.0
34,82,5.0
34,83,5.0
34,84,5.0
34,85,5.0
34,86,5.0
34,87,5.0
34,88,5.0
34,89,5.040958607678906
34,90,5.0
34,91,5.0
34,92,5.0
34,93,5.0
34,94,5.376750709602099
34,95,5.0
34,96,5.0
34,97,5.0
34,98,5.0
34,99,6.721246399047171
34,100,8.09151498112135
34,101,5.0
34,102,5.0
34,103,5.0
34,104,5.0
34,105,5.0
34,106,5.0
34,107,5.0
34,108,5.0
34,109,5.1938200260161125
34,110,5.0
34,111,5.494850021680094
34,112,5.0
34,113,5.0
34,114,5.0
34,115,5.0
34,116,5.0
34,117,5.7447274948966935
34,118,6.431798275933005
34,119,5.6777807052660805
34,120,6.376750709602099
34,121,5.853871964321762
34,122,6.236572006437063
34,123,6.0
34,124,5.0
34,125,6.481486060122113
34,126,5.0
34,127,5.455931955649724
34,128,6.251811972993799
34,129,5.0
34,130,5.0
34,131,5.0
34,132,5.0
34,133,5.0
34,134,5.0
34,135,5.0
34,136,5.0
34,137,5.0
34,138,5.0
34,139,5.0
34,140,5.0
34,141,5.356547323513812
34,142,5.0
34,143,5.619788758288394
34,144,5.769551078621726
34,145,5.920818753952375
34,146,5.886056647693163
34,147,5.0
34,148,6.657577319177793
34,149,6.0
34,150,5.0
34,151,5.0
34,152,5.0
34,153,5.022276394711152
34,154,5.0
34,155,5.0
34,156,5.508638306165727
34,157,5.0
34,158,5.886056647693163
34,159,5.0
34,160,5.0
34,161,5.0
34,162,5.0
34,163,5.0
34,164,5.0
34,165,5.0
34,166,5.823908740944319
34,167,5.0
34,168,5.0
34,169,5.0
34,170,5.0
34,171,5.0
34,172,5.0
34,173,5.0
34,174,5.0
34,175,5.0
34,176,5.0
34,177,5.0
34,178,5.0
34,179,5.0
34,180,5.0
34,181,5.853871964321762
34,182,5.0
34,183,5.0
34,184,5.0
34,185,5.0
34,186,5.0
34,187,5.0
34,188,5.0
34,189,5.0
34,190,5.0
34,191,5.0
34,192,5.0
34,193,5.0
34,194,5.0
34,195,5.0
34,196,5.0
34,197,5.0
34,198,5.0
34,199,5.0
34,200,5.0
34,201,6.229147988357856
34,202,5.0
34,203,5.0
34,204,5.0
34,205,5.431798275933005
34,206,5.0
34,207,5.0
34,208,5.0
34,209,5.853871964321762
34,210,5.0
34,211,5.0
34,212,5.0
34,213,5.0
34,214,5.0
34,215,5.0
34,216,5.0
34,217,5.0
34,218,5.0
34,219,5.0
34,220,5.0
34,221,5.0
34,222,5.0
34,223,5.0
34,224,5.0
34,225,5.0
34,226,5.0
34,227,5.0
34,228,5.0
34,229,5.0
34,230,5.0
34,231,5.0
34,232,5.0
34,233,5.0
34,234,5.0
34,235,6.136677139879544
34,236,5.0
34,237,5.0
34,238,5.0
34,239,5.0
34,240,5.0
34,241,5.0
34,242,5.0
34,243,5.0
34,244,5.0
34,245,5.0
34,246,5.0
34,247,5.0
34,248,5.0
34,249,5.0
34,250,5.0
34,251,5.0
34,252,5.0
34,253,5.0
34,254,5.0
34,255,5.0
34,256,5.0
34,257,5.0
34,258,5.0
34,259,5.0
34,260,5.0
34,261,5.0
34,262,5.0
34,263,5.0
34,264,5.0
34,265,5.0
34,266,5.0
34,267,5.0
34,268,5.0
34,269,5.0
34,270,5.0
34,271,5.0
34,272,5.0
34,273,5.0
34,274,5.0
34,275,5.0
34,276,5.0
34,277,5.0
34,278,5.0
34,279,5.0
34,280,5.0
34,281,5.0
34,282,5.0
34,283,5.0
34,284,5.0
34,285,5.0
34,286,5.0
34,287,5.0
34,288,5.0
34,289,5.0
34,290,5.0
34,291,5.0
34,292,5.0
34,293,5.0
34,294,5.0
34,295,5.0
34,296,5.0
34,297,5.0
34,298,5.0
34,299,5.0
34,300,5.0
34,301,5.0
34,302,5.0
34,303,5.0
34,304,5.0
34,305,5.0
34,306,5.0
34,307,5.0
34,308,5.0
34,309,5.0
34,310,5.0
34,311,5.0
34,312,5.0
34,313,5.0
34,314,5.0
34,315,5.0
34,316,5.0
34,317,5.0
34,318,5.0
34,319,5.0
34,320,5.0
34,321,5.0
34,322,5.0
34,323,5.0
34,324,5.0
34,325,5.0
34,326,5.0
34,327,5.0
34,328,5.0
34,329,6.3872161432802645
34,330,5.0
34,331,5.0
34,332,5.0
34,333,5.0
34,334,5.0
34,335,5.0
34,336,5.0
34,337,5.0
34,338,5.0
34,339,5.0
34,340,5.0
34,341,5.0
34,342,5.0
34,343,5.698970004336019
34,344,5.0
34,345,5.0
34,346,5.0
34,347,5.0
34,348,5.0
34,349,5.0
34,350,5.0
34,351,5.0
34,352,5.0
34,353,5.0
34,354,5.0
34,355,5.0
34,356,5.0
34,357,5.0
34,358,5.0
34,359,5.508638306165727
34,360,5.0
34,361,5.0
34,362,5.0
34,363,5.0
34,364,5.318758762624412
34,365,5.0
34,366,5.0
34,367,5.0
34,368,5.0
34,369,5.0
34,370,5.0
34,371,5.0
34,372,5.0
34,373,5.0
34,374,5.0
34,375,5.769551078621726
34,376,5.0
34,377,5.0
34,378,5.0
34,379,5.0
34,380,6.096910013008056
34,381,5.0
34,382,5.0
34,383,5.0
34,384,5.0
34,385,5.0
34,386,5.0
34,387,5.0
34,388,5.0
34,389,5.0
34,390,5.0
34,391,5.0
34,392,5.0
34,393,5.0
34,394,5.0
34,395,5.0
34,396,6.136677139879544
34,397,5.0
34,398,5.0
34,399,5.0
34,400,5.795880017344075
34,401,6.522878745280337
34,402,5.0
34,403,5.0
34,404,5.0
34,405,5.619788758288394
34,406,5.0
34,407,5.0
34,408,5.0
34,409,5.0
34,410,5.0
34,411,5.0
34,412,5.0
34,413,5.0
34,414,5.0
34,415,5.0
34,416,5.0
34,417,5.508638306165727
34,418,5.0
34,419,5.0
34,420,5.0
34,421,5.0
34,422,5.0
34,423,5.0
34,424,5.0
34,425,5.0
34,426,5.0
34,427,5.0
34,428,6.585026652029182
34,429,5.0
34,430,5.0
34,431,5.0
34,432,5.0
35,0,5.0
35,1,6.853871964321762
35,2,7.107905397309519
35,3,6.958607314841775
35,4,6.853871964321762
35,5,6.853871964321762
35,6,8.337242168318426
35,7,5.0
35,8,7.602059991327962
35,9,7.259637310505756
35,10,6.958607314841775
35,11,5.0
35,12,5.0
35,13,5.0
35,14,5.0
35,15,5.0
35,16,5.0
35,17,5.0
35,18,5.0
35,19,5.0
35,20,5.0
35,21,5.0
35,22,5.0
35,23,5.0
35,24,5.0
35,25,5.0
35,26,5.0
35,27,5.0
35,28,5.0
35,29,5.0
35,30,5.0
35,31,5.0
35,32,5.0
35,33,6.823908740944319
35,34,5.0
35,35,5.0
35,36,5.0
35,37,5.0
35,38,5.0
35,39,5.7447274948966935
35,40,5.0
35,41,5.0
35,42,5.0
35,43,5.0
35,44,5.0
35,45,5.0
35,46,5.0
35,47,5.0
35,48,5.0
35,49,5.0
35,50,5.0
35,51,5.0
35,52,5.0
35,53,5.0
35,54,5.0
35,55,5.0
35,56,5.0
35,57,5.0
35,58,5.0
35,59,5.0
35,60,5.0
35,61,5.0
35,62,5.0
35,63,5.0
35,64,5.0
35,65,5.0
35,66,5.0
35,67,5.0
35,68,5.0
35,69,5.0
35,70,5.0
35,71,5.0
35,72,5.0
35,73,5.0
35,74,5.0
35,75,5.0
35,76,8.119186407719209
35,77,5.0
35,78,5.0
35,79,5.0
35,80,5.0
35,81,5.0
35,82,5.0
35,83,5.0
35,84,5.0
35,85,5.0
35,86,5.0
35,87,5.0
35,88,5.0
35,89,5.0
35,90,5.0
35,91,5.0
35,92,5.0
35,93,5.0
35,94,8.060480747381382
35,95,7.585026652029182
35,96,5.0
35,97,5.0
35,98,5.0
35,99,5.0
35,100,5.0
35,101,5.0
35,102,5.0
35,103,5.0
35,104,5.0
35,105,5.0
35,106,5.0
35,107,5.0
35,108,6.096910013008056
35,109,5.0
35,110,5.886056647693163
35,111,5.0
35,112,5.0
35,113,5.327902142064283
35,114,5.0
35,115,5.0
35,116,5.0
35,117,5.0
35,118,5.0
35,119,5.6020599913279625
35,120,5.0
35,121,5.0
35,122,5.0
35,123,5.0
35,124,5.7447274948966935
35,125,5.0
35,126,5.0
35,127,5.0
35,128,5.0
35,129,5.0
35,130,5.920818753952375
35,131,5.0
35,132,5.0
35,133,5.0
35,134,5.0
35,135,5.0
35,136,5.0
35,137,5.0
35,138,5.0
35,139,5.0
35,140,5.0
35,141,5.0
35,142,5.0
35,143,5.0
35,144,5.0
35,145,5.0
35,146,5.0
35,147,5.0
35,148,6.1938200260161125
35,149,5.0
35,150,5.0
35,151,5.0
35,152,5.0
35,153,5.0
35,154,5.0
35,155,5.0
35,156,5.0
35,157,7.060480747381382
35,158,6.853871964321762
35,159,5.0
35,160,5.0
35,161,5.0
35,162,5.0
35,163,5.0
35,164,5.0
35,165,5.0
35,166,6.161150909262744
35,167,5.0
35,168,5.0
35,169,5.0
35,170,5.0
35,171,5.0
35,172,5.0
35,173,5.0
35,174,5.0
35,175,5.0
35,176,5.0
35,177,5.0
35,178,5.0
35,179,5.0
35,180,5.0
35,181,5.0
35,182,5.0
35,183,5.0
35,184,5.0
35,185,5.0
35,186,5.0
35,187,5.0
35,188,5.0
35,189,5.0
35,190,5.0
35,191,8.09151498112135
35,192,7.920818753952375
35,193,5.823908740944319
35,194,5.886056647693163
35,195,8.102372908709558
35,196,8.236572006437063
35,197,5.0
35,198,8.327902142064282
35,199,5.0
35,200,5.0
35,201,7.508638306165727
35,202,5.0
35,203,5.0
35,204,5.0
35,205,5.0
35,206,5.0
35,207,5.0
35,208,5.0
35,209,7.214670164989233
35,210,5.0
35,211,5.0
35,212,5.0
35,213,5.0
35,214,5.0
35,215,5.0
35,216,5.0
35,217,5.0
35,218,5.0
35,219,5.0
35,220,5.0
35,221,5.0
35,222,5.0
35,223,5.0
35,224,5.0
35,225,5.0
35,226,5.0
35,227,5.0
35,228,5.0
35,229,5.0
35,230,5.0
35,231,5.0
35,232,5.0
35,233,5.0
35,234,5.0
35,235,5.0
35,236,5.0
35,237,5.0
35,238,5.0
35,239,5.0
35,240,5.0
35,241,5.0
35,242,5.0
35,243,5.0
35,244,5.0
35,245,5.0
35,246,5.0
35,247,5.0
35,248,5.0
35,249,5.0
35,250,5.0
35,251,5.0
35,252,5.0
35,253,5.0
35,254,5.0
35,255,5.0
35,256,5.0
35,257,5.0
35,258,5.0
35,259,5.0
35,260,5.0
35,261,5.0
35,262,5.0
35,263,5.0
35,264,5.0
35,265,5.0
35,266,5.0
35,267,5.0
35,268,5.0
35,269,5.0
35,270,5.0
35,271,5.0
35,272,5.0
35,273,5.0
35,274,5.0
35,275,5.0
35,276,5.0
35,277,5.0
35,278,5.0
35,279,5.0
35,280,5.0
35,281,5.0
35,282,5.0
35,283,5.0
35,284,5.0
35,285,5.0
35,286,5.0
35,287,5.0
35,288,7.602059991327962
35,289,8.075720713938118
35,290,5.0
35,291,5.0
35,292,5.0
35,293,5.0
35,294,5.0
35,295,5.0
35,296,5.0
35,297,5.0
35,298,5.0
35,299,5.0
35,300,5.0
35,301,5.0
35,302,5.0
35,303,5.0
35,304,5.0
35,305,5.0
35,306,5.0
35,307,5.0
35,308,5.0
35,309,5.0
35,310,5.0
35,311,5.0
35,312,5.0
35,313,5.886056647693163
35,314,5.0
35,315,6.142667503568732
35,316,5.0
35,317,5.0
35,318,5.0
35,319,5.0
35,320,5.0
35,321,5.0
35,322,5.0
35,323,5.0
35,324,5.0
35,325,5.0
35,326,5.0
35,327,5.0
35,328,5.0
35,329,5.0
35,330,5.0
35,331,5.0
35,332,5.0
35,333,5.0
35,334,5.0
35,335,5.0
35,336,5.0
35,337,5.0
35,338,5.0
35,339,5.0
35,340,5.0
35,341,5.0
35,342,5.0
35,343,5.0
35,344,5.0
35,345,5.0
35,346,5.0
35,347,5.0
35,348,5.0
35,349,5.0
35,350,5.0
35,351,5.769551078621726
35,352,5.0
35,353,5.0
35,354,5.0
35,355,5.0
35,356,5.0
35,357,5.0
35,358,5.0
35,359,5.0
35,360,5.0
35,361,5.0
35,362,5.0
35,363,5.0
35,364,5.0
35,365,5.0
35,366,5.0
35,367,5.0
35,368,5.0
35,369,5.0
35,370,5.0
35,371,5.0
35,372,5.0
35,373,5.0
35,374,5.0
35,375,5.0
35,376,5.0
35,377,5.0
35,378,5.0
35,379,5.0
35,380,6.045757490560675
35,381,5.0
35,382,5.0
35,383,5.0
35,384,5.0
35,385,5.0
35,386,5.0
35,387,5.0
35,388,5.0
35,389,5.0
35,390,5.0
35,391,5.0
35,392,5.0
35,393,5.0
35,394,5.0
35,395,5.0
35,396,5.0
35,397,5.0
35,398,5.0
35,399,5.0
35,400,5.0
35,401,5.0
35,402,5.0
35,403,5.0
35,404,5.0
35,405,5.0
35,406,5.0
35,407,5.0
35,408,5.0
35,409,5.0
35,410,5.0
35,411,5.0
35,412,5.0
35,413,5.0
35,414,5.0
35,415,5.0
35,416,5.0
35,417,5.0
35,418,5.0
35,419,5.0
35,420,5.0
35,421,5.0
35,422,5.0
35,423,5.0
35,424,5.0
35,425,5.0
35,426,5.0
35,427,5.0
35,428,6.2441251443275085
35,429,5.0
35,430,5.0
35,431,6.113509274827518
35,432,5.0
36,0,7.318758762624412
36,1,5.0
36,2,5.0
36,3,5.0
36,4,5.251811972993799
36,5,5.0
36,6,5.0
36,7,6.102372908709558
36,8,5.0
36,9,5.0
36,10,5.0
36,11,5.0
36,12,5.0
36,13,5.0
36,14,5.0
36,15,5.0
36,16,5.0
36,17,5.0
36,18,6.022276394711152
36,19,6.107905397309519
36,20,5.356547323513812
36,21,6.568636235841013
36,22,6.7447274948966935
36,23,6.337242168318426
36,24,5.0
36,25,7.387216143280264
36,26,5.0
36,27,5.0
36,28,6.920818753952375
36,29,7.207608310501746
36,30,6.769551078621726
36,31,6.2076083105017466
36,32,6.657577319177793
36,33,6.301029995663981
36,34,5.0
36,35,5.0
36,36,5.0
36,37,5.0
36,38,5.0
36,39,5.0
36,40,5.0
36,41,5.920818753952375
36,42,6.187086643357144
36,43,5.0
36,44,5.698970004336019
36,45,6.173925197299173
36,46,5.7447274948966935
36,47,7.698970004336019
36,48,6.6777807052660805
36,49,7.443697499232713
36,50,6.853871964321762
36,51,5.0
36,52,6.886056647693163
36,53,7.136677139879544
36,54,5.0
36,55,5.0
36,56,5.0
36,57,5.0
36,58,5.142667503568732
36,59,5.0
36,60,5.0
36,61,5.0
36,62,5.0
36,63,5.0
36,64,5.0
36,65,5.0
36,66,5.0
36,67,5.0
36,68,5.0
36,69,5.886056647693163
36,70,5.0
36,71,5.0
36,72,6.455931955649724
36,73,6.0655015487564325
36,74,5.443697499232713
36,75,6.3872161432802645
36,76,6.481486060122113
36,77,5.060480747381382
36,78,5.0
36,79,5.0
36,80,5.0
36,81,5.0
36,82,5.0
36,83,5.0
36,84,5.0
36,85,5.0
36,86,5.0
36,87,5.0
36,88,5.327902142064283
36,89,6.050609993355088
36,90,5.7447274948966935
36,91,5.0
36,92,5.0
36,93,5.0
36,94,5.142667503568732
36,95,5.0
36,96,5.0
36,97,5.42021640338319
36,98,5.0
36,99,5.721246399047171
36,100,5.327902142064283
36,101,7.0
36,102,6.481486060122113
36,103,5.0
36,104,5.886056647693163
36,105,5.154901959985743
36,106,5.823908740944319
36,107,5.275724130399211
36,108,6.2076083105017466
36,109,5.769551078621726
36,110,5.721246399047171
36,111,6.119186407719209
36,112,8.05551732784983
36,113,5.552841968657781
36,114,5.7447274948966935
36,115,8.008773924307505
36,116,5.0
36,117,5.0
36,118,5.0
36,119,5.0
36,120,5.0
36,121,5.0
36,122,5.0
36,123,5.0
36,124,5.0
36,125,5.0
36,126,5.0
36,127,5.0
36,128,5.0
36,129,5.508638306165727
36,130,5.0
36,131,5.0
36,132,5.508638306165727
36,133,5.0
36,134,5.0
36,135,5.0
36,136,5.0
36,137,5.0
36,138,5.0
36,139,5.638272163982407
36,140,5.0
36,141,5.920818753952375
36,142,5.0
36,143,5.795880017344075
36,144,5.619788758288394
36,145,5.769551078621726
36,146,5.0
36,147,5.0
36,148,6.136677139879544
36,149,6.346787486224656
36,150,7.958607314841775
36,151,8.167491087293763
36,152,7.823908740944319
36,153,8.698970004336019
36,154,8.221848749616356
36,155,7.920818753952375
36,156,6.173925197299173
36,157,5.619788758288394
36,158,5.6777807052660805
36,159,6.42021640338319
36,160,7.4089353929735005
36,161,7.070581074285707
36,162,6.958607314841775
36,163,7.318758762624412
36,164,5.6020599913279625
36,165,5.7447274948966935
36,166,6.142667503568732
36,167,5.0
36,168,5.508638306165727
36,169,5.638272163982407
36,170,6.022276394711152
36,171,5.6777807052660805
36,172,6.619788758288394
36,173,5.229147988357856
36,174,5.0
36,175,5.42021640338319
36,176,5.200659450546418
36,177,6.795880017344075
36,178,5.0
36,179,5.0
36,180,5.0
36,181,6.7447274948966935
36,182,5.0
36,183,5.0
36,184,6.173925197299173
36,185,5.0
36,186,7.026872146400302
36,187,7.920818753952375
36,188,5.356547323513812
36,189,5.301029995663981
36,190,5.443697499232713
36,191,6.657577319177793
36,192,7.366531544420414
36,193,7.795880017344075
36,194,8.113509274827518
36,195,7.387216143280264
36,196,6.698970004336019
36,197,6.823908740944319
36,198,5.795880017344075
36,199,5.958607314841775
36,200,5.657577319177793
36,201,6.552841968657781
36,202,5.0
36,203,5.0
36,204,6.455931955649724
36,205,6.229147988357856
36,206,6.2441251443275085
36,207,6.7447274948966935
36,208,5.522878745280337
36,209,5.376750709602099
36,210,5.552841968657781
36,211,5.0
36,212,5.0
36,213,5.0
36,214,6.853871964321762
36,215,6.6777807052660805
36,216,5.0
36,217,5.6020599913279625
36,218,6.920818753952375
36,219,6.187086643357144
36,220,5.958607314841775
36,221,5.0
36,222,5.0
36,223,6.769551078621726
36,224,7.0
36,225,7.67778070526608
36,226,6.431798275933005
36,227,6.721246399047171
36,228,5.0
36,229,5.0
36,230,5.275724130399211
36,231,5.318758762624412
36,232,5.0
36,233,5.187086643357144
36,234,6.552841968657781
36,235,5.537602002101044
36,236,6.161150909262744
36,237,5.6777807052660805
36,238,6.251811972993799
36,239,6.769551078621726
36,240,5.0
36,241,5.0
36,242,6.022276394711152
36,243,5.638272163982407
36,244,7.823908740944319
36,245,6.102372908709558
36,246,7.769551078621726
36,247,5.0
36,248,5.0
36,249,7.397940008672037
36,250,5.0
36,251,6.657577319177793
36,252,5.0
36,253,5.0
36,254,5.0
36,255,5.0
36,256,5.698970004336019
36,257,5.0
36,258,6.1938200260161125
36,259,5.0
36,260,5.0
36,261,5.0
36,262,5.0
36,263,5.0
36,264,5.0
36,265,5.0
36,266,5.0
36,267,5.0
36,268,5.0
36,269,5.0
36,270,5.0
36,271,5.0
36,272,5.0
36,273,5.0
36,274,5.0
36,275,5.0
36,276,5.0
36,277,5.0
36,278,5.0
36,279,5.6777807052660805
36,280,5.481486060122113
36,281,6.7447274948966935
36,282,5.0
36,283,5.0
36,284,5.0
36,285,5.0
36,286,5.0
36,287,5.0
36,288,6.42021640338319
36,289,6.958607314841775
36,290,6.721246399047171
36,291,6.022276394711152
36,292,5.0
36,293,5.0
36,294,5.0
36,295,6.045757490560675
36,296,5.853871964321762
36,297,5.0
36,298,6.2441251443275085
36,299,5.0
36,300,5.0
36,301,5.0
36,302,5.0
36,303,5.0
36,304,5.958607314841775
36,305,5.0
36,306,5.0
36,307,5.0
36,308,5.0
36,309,5.0
36,310,5.0
36,311,5.0
36,312,5.0
36,313,6.251811972993799
36,314,5.508638306165727
36,315,6.251811972993799
36,316,6.508638306165727
36,317,5.0
36,318,6.568636235841013
36,319,5.0
36,320,6.142667503568732
36,321,6.619788758288394
36,322,5.0
36,323,8.031517051446064
36,324,7.823908740944319
36,325,5.0
36,326,5.0
36,327,5.0
36,328,5.0
36,329,7.180456064458132
36,330,6.494850021680094
36,331,6.267606240177032
36,332,6.537602002101044
36,333,5.0
36,334,6.036212172654444
36,335,5.0
36,336,5.200659450546418
36,337,5.494850021680094
36,338,6.6020599913279625
36,339,7.130768280269024
36,340,5.161150909262744
36,341,6.017728766960432
36,342,7.259637310505756
36,343,6.180456064458132
36,344,7.008773924307505
36,345,5.0
36,346,6.455931955649724
36,347,6.886056647693163
36,348,7.568636235841013
36,349,7.698970004336019
36,350,5.920818753952375
36,351,7.013228265733755
36,352,6.376750709602099
36,353,5.0
36,354,5.0
36,355,5.0
36,356,5.327902142064283
36,357,5.107905397309519
36,358,5.638272163982407
36,359,6.366531544420414
36,360,6.585026652029182
36,361,5.0
36,362,6.619788758288394
36,363,5.0
36,364,6.161150909262744
36,365,5.0
36,366,6.130768280269024
36,367,6.136677139879544
36,368,5.0
36,369,5.823908740944319
36,370,5.0
36,371,5.886056647693163
36,372,5.0
36,373,5.0
36,374,5.853871964321762
36,375,6.795880017344075
36,376,6.251811972993799
36,377,6.657577319177793
36,378,7.200659450546418
36,379,5.0
36,380,5.920818753952375
36,381,5.0
36,382,7.376750709602099
36,383,6.481486060122113
36,384,7.096910013008056
36,385,6.552841968657781
36,386,6.721246399047171
36,387,5.0
36,388,5.0
36,389,5.0
36,390,7.055517327849832
36,391,6.886056647693163
36,392,5.0
36,393,5.0
36,394,5.0
36,395,8.031517051446064
36,396,5.0
36,397,5.0
36,398,5.0
36,399,5.0
36,400,5.853871964321762
36,401,5.721246399047171
36,402,5.0
36,403,5.0
36,404,5.795880017344075
36,405,7.080921907623926
36,406,6.920818753952375
36,407,5.0
36,408,6.42021640338319
36,409,6.508638306165727
36,410,5.769551078621726
36,411,5.0
36,412,5.318758762624412
36,413,6.455931955649724
36,414,5.0
36,415,6.6020599913279625
36,416,5.0
36,417,5.0
36,418,5.0
36,419,5.0
36,420,5.886056647693163
36,421,5.494850021680094
36,422,5.0
36,423,5.337242168318426
36,424,5.0
36,425,5.619788758288394
36,426,5.0
36,427,5.0
36,428,6.022276394711152
36,429,5.7447274948966935
36,430,7.823908740944319
36,431,5.0
36,432,5.585026652029182
37,0,5.0
37,1,5.0
37,2,5.0
37,3,5.113509274827518
37,4,5.0
37,5,5.0
37,6,5.0
37,7,5.0
37,8,5.346787486224656
37,9,5.173925197299173
37,10,5.346787486224656
37,11,5.0
37,12,5.0
37,13,5.0
37,14,5.0
37,15,5.0
37,16,5.0
37,17,5.0
37,18,5.0
37,19,5.0
37,20,5.0
37,21,5.0
37,22,5.0
37,23,5.0
37,24,5.0
37,25,5.0
37,26,5.0
37,27,5.0
37,28,5.0
37,29,5.0
37,30,5.721246399047171
37,31,5.0
37,32,5.0
37,33,5.657577319177793
37,34,5.0
37,35,5.0
37,36,5.0
37,37,5.0
37,38,6.200659450546418
37,39,6.552841968657781
37,40,6.0
37,41,5.0
37,42,5.0
37,43,5.0
37,44,5.0
37,45,5.0
37,46,5.0
37,47,5.0
37,48,5.0
37,49,5.0
37,50,5.0
37,51,5.0
37,52,5.0
37,53,5.0
37,54,5.0
37,55,5.0
37,56,5.0
37,57,5.0
37,58,5.0
37,59,5.0
37,60,5.0
37,61,5.0
37,62,5.0
37,63,5.0
37,64,5.0
37,65,5.0
37,66,5.0
37,67,5.0
37,68,5.0
37,69,5.0
37,70,5.0
37,71,6.522878745280337
37,72,5.0
37,73,5.0
37,74,5.0
37,75,5.0
37,76,8.2518119729938
37,77,5.0
37,78,5.0
37,79,5.0
37,80,5.0
37,81,5.0
37,82,5.0
37,83,5.0
37,84,5.0
37,85,5.0
37,86,5.0
37,87,5.0
37,88,5.0
37,89,5.0
37,90,5.0
37,91,5.0
37,92,5.0
37,93,5.0
37,94,6.585026652029182
37,95,5.0
37,96,5.0
37,97,5.0
37,98,5.0
37,99,5.0
37,100,5.0
37,101,5.0
37,102,5.0
37,103,5.0
37,104,5.886056647693163
37,105,5.42021640338319
37,106,5.638272163982407
37,107,6.0
37,108,6.017728766960432
37,109,5.346787486224656
37,110,5.585026652029182
37,111,5.1487416512809245
37,112,5.0
37,113,5.4089353929735005
37,114,5.0
37,115,5.0
37,116,5.0
37,117,5.0
37,118,5.0
37,119,5.0
37,120,5.0
37,121,5.0
37,122,6.309803919971486
37,123,5.0
37,124,5.0
37,125,5.0
37,126,5.0
37,127,5.0
37,128,5.0
37,129,5.0
37,130,5.0
37,131,5.0
37,132,5.0
37,133,5.0
37,134,5.0
37,135,5.0
37,136,5.0
37,137,5.0
37,138,5.0
37,139,5.0
37,140,5.0
37,141,5.0
37,142,5.0
37,143,5.2076083105017466
37,144,5.0
37,145,5.0
37,146,5.0
37,147,5.167491087293763
37,148,5.161150909262744
37,149,7.920818753952375
37,150,7.1487416512809245
37,151,5.346787486224656
37,152,5.022276394711152
37,153,7.267606240177032
37,154,5.958607314841775
37,155,5.42021640338319
37,156,8.013228265733755
37,157,7.00436480540245
37,158,5.552841968657781
37,159,5.0
37,160,5.356547323513812
37,161,5.0
37,162,5.0
37,163,5.0
37,164,5.0
37,165,5.0
37,166,5.0655015487564325
37,167,5.0
37,168,5.0
37,169,5.0
37,170,5.0
37,171,5.0
37,172,5.0
37,173,5.0
37,174,5.0
37,175,5.0
37,176,5.0
37,177,5.0
37,178,5.0
37,179,5.0
37,180,5.0
37,181,5.0
37,182,5.0
37,183,5.0
37,184,5.2839966563652006
37,185,5.0
37,186,5.0
37,187,5.0
37,188,5.0
37,189,5.0
37,190,5.0
37,191,8.431798275933005
37,192,7.823908740944319
37,193,6.7447274948966935
37,194,6.3872161432802645
37,195,8.886056647693163
37,196,8.494850021680094
37,197,7.886056647693163
37,198,7.638272163982407
37,199,5.0
37,200,5.0
37,201,6.443697499232713
37,202,5.0
37,203,5.0
37,204,5.0
37,205,5.958607314841775
37,206,5.0
37,207,5.0
37,208,5.0
37,209,6.795880017344075
37,210,5.0
37,211,5.0
37,212,5.0
37,213,5.0
37,214,5.161150909262744
37,215,5.6777807052660805
37,216,5.0
37,217,5.0
37,218,5.0
37,219,5.236572006437063
37,220,5.0
37,221,5.0
37,222,5.0
37,223,5.0
37,224,5.0
37,225,5.0
37,226,5.0
37,227,5.0
37,228,5.0
37,229,5.0
37,230,5.0
37,231,5.0
37,232,5.0
37,233,5.0
37,234,5.0
37,235,5.0
37,236,5.0
37,237,5.0
37,238,5.0
37,239,5.0
37,240,5.0
37,241,5.0
37,242,5.0
37,243,5.0
37,244,5.0
37,245,5.0
37,246,5.0
37,247,5.0
37,248,5.0
37,249,5.0
37,250,5.0
37,251,5.0
37,252,5.0
37,253,5.0
37,254,5.0
37,255,5.0
37,256,5.0
37,257,5.0
37,258,5.0
37,259,5.0
37,260,5.0
37,261,5.0
37,262,5.0
37,263,5.0
37,264,5.0
37,265,5.0
37,266,5.0
37,267,5.0
37,268,5.0
37,269,5.0
37,270,5.0
37,271,5.0
37,272,5.0
37,273,5.0
37,274,5.0
37,275,5.0
37,276,5.0
37,277,5.0
37,278,5.0
37,279,5.0
37,280,5.0
37,281,5.0
37,282,5.0
37,283,5.0
37,284,5.0
37,285,5.0
37,286,5.0
37,287,5.0
37,288,8.0
37,289,8.040958607678906
37,290,5.0
37,291,5.0
37,292,5.0
37,293,5.0
37,294,5.0
37,295,5.0
37,296,5.0
37,297,5.0
37,298,5.0
37,299,5.0
37,300,5.0
37,301,5.0
37,302,5.0
37,303,5.0
37,304,5.0
37,305,5.0
37,306,5.0
37,307,5.0
37,308,5.0
37,309,5.0
37,310,5.0
37,311,5.0
37,312,5.0
37,313,5.0
37,314,5.0
37,315,5.0
37,316,5.0
37,317,5.0
37,318,5.0
37,319,5.0
37,320,5.0
37,321,5.0
37,322,5.0
37,323,5.0
37,324,5.0
37,325,5.0
37,326,5.0
37,327,5.0
37,328,5.0
37,329,5.0
37,330,5.0
37,331,5.0
37,332,5.0
37,333,5.0
37,334,5.0
37,335,5.0
37,336,5.0
37,337,5.0
37,338,5.0
37,339,5.0
37,340,5.0
37,341,5.0
37,342,5.0
37,343,5.0
37,344,5.0
37,345,6.055517327849832
37,346,7.853871964321762
37,347,7.698970004336019
37,348,5.0
37,349,5.0
37,350,5.0
37,351,5.0
37,352,5.0
37,353,5.0
37,354,5.031517051446065
37,355,5.0
37,356,5.0
37,357,5.0
37,358,5.0
37,359,5.0
37,360,5.0
37,361,5.0
37,362,5.0
37,363,5.0
37,364,5.0
37,365,5.0
37,366,5.0
37,367,5.0
37,368,5.0
37,369,5.0
37,370,5.0
37,371,5.0
37,372,5.0
37,373,5.0
37,374,5.0
37,375,5.0
37,376,5.0
37,377,5.886056647693163
37,378,5.0
37,379,5.0
37,380,5.0
37,381,5.0
37,382,5.0
37,383,5.0
37,384,5.0
37,385,5.0
37,386,5.0
37,387,5.267606240177032
37,388,5.0
37,389,5.0
37,390,5.0
37,391,5.886056647693163
37,392,5.0
37,393,5.0
37,394,5.0
37,395,5.0
37,396,5.0
37,397,5.0
37,398,5.0
37,399,5.0
37,400,5.0
37,401,5.0
37,402,5.0
37,403,5.0
37,404,5.0
37,405,5.0
37,406,5.0
37,407,6.657577319177793
37,408,5.0
37,409,5.0
37,410,5.0
37,411,5.0
37,412,5.0
37,413,5.0
37,414,5.0
37,415,5.0
37,416,5.0
37,417,5.0
37,418,5.0
37,419,5.0
37,420,5.0
37,421,7.585026652029182
37,422,5.0
37,423,5.0
37,424,5.0
37,425,5.0
37,426,5.0
37,427,5.0
37,428,5.301029995663981
37,429,5.0
37,430,6.698970004336019
37,431,8.096910013008056
37,432,5.0
38,0,5.0
38,1,5.0
38,2,5.0
38,3,5.0
38,4,5.0
38,5,5.0
38,6,5.221848749616356
38,7,5.0
38,8,5.0
38,9,5.0
38,10,5.0
38,11,5.0
38,12,5.0
38,13,5.0
38,14,5.0
38,15,5.0
38,16,5.0
38,17,5.0
38,18,5.0
38,19,5.0
38,20,5.0
38,21,5.0
38,22,5.0
38,23,5.0
38,24,5.0
38,25,5.823908740944319
38,26,5.0
38,27,5.0
38,28,5.0
38,29,5.0
38,30,5.0
38,31,6.721246399047171
38,32,5.0
38,33,7.070581074285707
38,34,5.0
38,35,5.0
38,36,5.0
38,37,5.0
38,38,5.0
38,39,5.0
38,40,5.0
38,41,5.0
38,42,5.0
38,43,6.795880017344075
38,44,5.0
38,45,5.251811972993799
38,46,5.0
38,47,5.0
38,48,5.0
38,49,5.0
38,50,5.0
38,51,5.0
38,52,5.0
38,53,5.0
38,54,5.0
38,55,5.0
38,56,5.0
38,57,5.0
38,58,5.0
38,59,5.0
38,60,5.0
38,61,5.0
38,62,5.292429823902063
38,63,5.0
38,64,5.0
38,65,5.0
38,66,5.0
38,67,5.0
38,68,5.0
38,69,5.2441251443275085
38,70,6.070581074285707
38,71,5.0
38,72,5.0
38,73,5.0
38,74,5.0
38,75,5.0
38,76,6.173925197299173
38,77,6.259637310505756
38,78,5.0
38,79,5.0
38,80,5.0
38,81,6.537602002101044
38,82,5.0
38,83,5.180456064458132
38,84,5.107905397309519
38,85,5.0
38,86,5.0
38,87,5.0
38,88,5.0
38,89,5.0
38,90,5.0
38,91,5.0
38,92,5.0
38,93,5.0
38,94,5.0
38,95,5.0
38,96,6.431798275933005
38,97,5.0
38,98,5.0
38,99,6.468521082957745
38,100,5.958607314841775
38,101,5.0
38,102,5.0
38,103,5.0
38,104,8.958607314841775
38,105,8.638272163982407
38,106,9.431798275933003
38,107,9.040958607678906
38,108,9.214670164989233
38,109,9.031517051446064
38,110,9.0
38,111,9.173925197299171
38,112,7.568636235841013
38,113,9.431798275933003
38,114,9.200659450546418
38,115,8.823908740944319
38,116,5.0
38,117,5.0
38,118,5.0
38,119,5.0
38,120,5.0
38,121,5.0
38,122,5.0
38,123,5.0
38,124,5.0
38,125,5.0
38,126,5.0
38,127,5.0
38,128,5.0
38,129,5.552841968657781
38,130,8.221848749616356
38,131,8.113509274827518
38,132,8.619788758288394
38,133,5.0
38,134,5.0
38,135,5.0
38,136,5.0
38,137,5.0
38,138,5.0
38,139,5.0
38,140,5.721246399047171
38,141,6.292429823902063
38,142,6.229147988357856
38,143,5.0
38,144,5.0
38,145,5.0
38,146,5.0
38,147,5.0
38,148,5.721246399047171
38,149,5.0
38,150,5.267606240177032
38,151,5.337242168318426
38,152,5.508638306165727
38,153,5.309803919971486
38,154,5.1938200260161125
38,155,5.0
38,156,5.0
38,157,5.0
38,158,5.1938200260161125
38,159,6.6020599913279625
38,160,7.017728766960432
38,161,5.0
38,162,5.0
38,163,5.0
38,164,5.0
38,165,5.0
38,166,6.309803919971486
38,167,5.0
38,168,5.0
38,169,5.0
38,170,5.823908740944319
38,171,7.031517051446065
38,172,5.0
38,173,5.0
38,174,5.0
38,175,5.0
38,176,5.0
38,177,5.0
38,178,5.522878745280337
38,179,5.337242168318426
38,180,5.638272163982407
38,181,5.0
38,182,5.0
38,183,5.0
38,184,5.0
38,185,5.0
38,186,5.0
38,187,5.698970004336019
38,188,5.481486060122113
38,189,5.0
38,190,5.6020599913279625
38,191,5.0
38,192,5.0
38,193,5.0
38,194,5.0
38,195,5.0
38,196,5.0
38,197,5.0
38,198,5.0
38,199,5.0
38,200,5.0
38,201,6.920818753952375
38,202,5.0
38,203,5.0
38,204,5.0
38,205,7.886056647693163
38,206,5.0
38,207,5.0
38,208,5.0
38,209,6.086186147616283
38,210,6.130768280269024
38,211,5.0
38,212,5.0
38,213,5.0
38,214,6.346787486224656
38,215,6.886056647693163
38,216,7.4089353929735005
38,217,6.657577319177793
38,218,8.113509274827518
38,219,6.481486060122113
38,220,9.187086643357144
38,221,5.0
38,222,5.0
38,223,5.0
38,224,5.0
38,225,5.0
38,226,5.0
38,227,5.259637310505756
38,228,7.853871964321762
38,229,7.585026652029182
38,230,5.0
38,231,5.0
38,232,7.200659450546418
38,233,5.0
38,234,5.795880017344075
38,235,6.3979400086720375
38,236,5.3979400086720375
38,237,5.173925197299173
38,238,5.376750709602099
38,239,7.5376020021010435
38,240,6.275724130399211
38,241,5.0
38,242,5.0
38,243,5.0
38,244,5.267606240177032
38,245,5.337242168318426
38,246,5.236572006437063
38,247,5.0
38,248,5.0
38,249,6.568636235841013
38,250,5.075720713938118
38,251,7.236572006437063
38,252,8.187086643357144
38,253,8.130768280269024
38,254,5.0
38,255,5.0
38,256,5.0
38,257,5.0
38,258,5.0
38,259,5.0
38,260,5.0
38,261,5.0
38,262,5.0
38,263,5.0
38,264,5.0
38,265,6.6020599913279625
38,266,5.619788758288394
38,267,5.0
38,268,5.0
38,269,5.0
38,270,5.0
38,271,5.0
38,272,5.0
38,273,5.0
38,274,5.0
38,275,5.0
38,276,5.0
38,277,5.0
38,278,5.0
38,279,6.6777807052660805
38,280,7.102372908709558
38,281,5.0
38,282,5.0
38,283,5.1249387366083
38,284,5.0
38,285,5.638272163982407
38,286,5.0
38,287,5.0
38,288,5.0
38,289,5.0
38,290,5.0
38,291,5.0
38,292,5.0
38,293,5.0
38,294,5.0
38,295,5.0
38,296,5.0
38,297,5.0
38,298,5.0
38,299,5.0
38,300,5.0
38,301,5.0
38,302,5.0
38,303,5.0
38,304,5.0
38,305,5.0
38,306,5.0
38,307,5.0
38,308,5.0
38,309,5.0
38,310,5.0
38,311,5.0
38,312,5.0
38,313,5.0
38,314,5.0
38,315,5.0
38,316,5.0
38,317,5.0
38,318,5.0
38,319,5.0
38,320,5.0
38,321,5.0
38,322,5.0
38,323,5.0
38,324,5.0
38,325,5.0
38,326,5.0
38,327,5.0
38,328,5.0
38,329,5.0
38,330,5.0
38,331,5.0
38,332,5.0
38,333,5.0
38,334,5.0
38,335,6.086186147616283
38,336,5.958607314841775
38,337,5.619788758288394
38,338,5.0
38,339,5.0
38,340,5.0
38,341,5.0
38,342,5.0
38,343,5.096910013008056
38,344,5.0
38,345,5.0
38,346,5.0
38,347,5.0
38,348,5.0
38,349,5.0
38,350,5.0
38,351,5.0
38,352,5.0
38,353,5.0
38,354,5.0
38,355,5.0
38,356,5.1938200260161125
38,357,5.0
38,358,5.0
38,359,5.0
38,360,5.0
38,361,5.0
38,362,5.0
38,363,5.0
38,364,5.130768280269024
38,365,5.0
38,366,5.0
38,367,5.3872161432802645
38,368,5.0
38,369,5.0
38,370,5.0
38,371,5.0
38,372,5.0
38,373,5.0
38,374,5.0
38,375,6.657577319177793
38,376,5.481486060122113
38,377,7.180456064458132
38,378,6.853871964321762
38,379,5.0
38,380,5.3872161432802645
38,381,5.0
38,382,5.0
38,383,5.0
38,384,5.0
38,385,5.0
38,386,6.026872146400302
38,387,5.346787486224656
38,388,5.275724130399211
38,389,5.0
38,390,5.292429823902063
38,391,5.0
38,392,5.0
38,393,5.0
38,394,5.376750709602099
38,395,5.0
38,396,5.0
38,397,5.0
38,398,5.0
38,399,5.0
38,400,6.4089353929735005
38,401,5.522878745280337
38,402,5.0
38,403,5.0
38,404,6.853871964321762
38,405,5.0
38,406,6.167491087293763
38,407,5.0
38,408,5.0
38,409,5.0
38,410,5.0
38,411,5.0
38,412,5.0
38,413,5.0
38,414,5.318758762624412
38,415,5.0
38,416,5.0
38,417,5.0
38,418,5.0
38,419,5.0
38,420,5.0
38,421,5.0
38,422,5.0
38,423,5.3872161432802645
38,424,5.886056647693163
38,425,5.0
38,426,5.1938200260161125
38,427,5.0
38,428,6.619788758288394
38,429,7.920818753952375
38,430,7.795880017344075
38,431,5.823908740944319
38,432,5.0
39,0,5.0
39,1,7.443697499232713
39,2,7.251811972993799
39,3,7.853871964321762
39,4,7.67778070526608
39,5,7.823908740944319
39,6,7.67778070526608
39,7,5.0
39,8,7.886056647693163
39,9,7.886056647693163
39,10,7.585026652029182
39,11,5.0
39,12,5.0
39,13,5.0
39,14,5.0
39,15,5.0
39,16,5.0
39,17,5.0
39,18,5.0
39,19,5.0
39,20,5.0
39,21,5.0
39,22,5.0
39,23,5.0
39,24,5.0
39,25,5.0
39,26,5.0
39,27,5.0
39,28,5.0
39,29,5.0
39,30,5.0
39,31,5.0
39,32,5.0
39,33,6.301029995663981
39,34,5.0
39,35,5.0
39,36,5.0
39,37,5.0
39,38,5.769551078621726
39,39,6.2441251443275085
39,40,5.0
39,41,5.0
39,42,5.0
39,43,5.0
39,44,5.0
39,45,5.0
39,46,5.0
39,47,5.0
39,48,5.0
39,49,5.0
39,50,5.0
39,51,5.0
39,52,5.0
39,53,5.0
39,54,5.0
39,55,5.0
39,56,5.0
39,57,5.0
39,58,5.0
39,59,5.0
39,60,5.0
39,61,5.0
39,62,5.0
39,63,5.0
39,64,5.0
39,65,5.0
39,66,5.0
39,67,5.0
39,68,5.0
39,69,5.0
39,70,5.0
39,71,5.0
39,72,5.6777807052660805
39,73,5.0
39,74,5.0
39,75,5.1487416512809245
39,76,7.346787486224656
39,77,5.619788758288394
39,78,5.0
39,79,5.0
39,80,5.0
39,81,5.0
39,82,5.0
39,83,5.0
39,84,5.0
39,85,5.0
39,86,5.0
39,87,5.0
39,88,5.0
39,89,5.0
39,90,5.0
39,91,5.0
39,92,5.0
39,93,5.0
39,94,8.958607314841775
39,95,7.481486060122113
39,96,5.0
39,97,5.0
39,98,5.0
39,99,5.0
39,100,5.0
39,101,5.0
39,102,5.0
39,103,5.0
39,104,5.0
39,105,5.0
39,106,5.0
39,107,5.0
39,108,5.0
39,109,5.0
39,110,5.0
39,111,5.0
39,112,5.0
39,113,5.0
39,114,5.0
39,115,5.0
39,116,5.0
39,117,6.229147988357856
39,118,6.638272163982407
39,119,6.958607314841775
39,120,6.481486060122113
39,121,5.721246399047171
39,122,6.1938200260161125
39,123,5.0
39,124,7.431798275933005
39,125,5.886056647693163
39,126,6.1938200260161125
39,127,6.0
39,128,6.136677139879544
39,129,6.301029995663981
39,130,5.0
39,131,5.0
39,132,5.0
39,133,5.0
39,134,5.0
39,135,5.0
39,136,5.0
39,137,5.0
39,138,5.0
39,139,5.0
39,140,5.0
39,141,5.0
39,142,5.0
39,143,5.0
39,144,5.0
39,145,5.0
39,146,5.0
39,147,5.0
39,148,6.494850021680094
39,149,5.0
39,150,5.0
39,151,5.0
39,152,5.0
39,153,5.0
39,154,5.0
39,155,5.0
39,156,5.0
39,157,7.0655015487564325
39,158,5.795880017344075
39,159,5.0
39,160,5.0
39,161,5.0
39,162,5.0
39,163,5.0
39,164,5.0
39,165,5.0
39,166,6.4089353929735005
39,167,5.0
39,168,5.0
39,169,5.0
39,170,5.0
39,171,6.050609993355088
39,172,5.0
39,173,5.0
39,174,5.0
39,175,5.0
39,176,5.0
39,177,5.0
39,178,5.0
39,179,5.0
39,180,5.0
39,181,5.0
39,182,5.0
39,183,5.0
39,184,5.0
39,185,5.0
39,186,5.0
39,187,5.0
39,188,6.346787486224656
39,189,5.236572006437063
39,190,5.698970004336019
39,191,7.5376020021010435
39,192,7.337242168318426
39,193,6.267606240177032
39,194,6.113509274827518
39,195,7.657577319177793
39,196,7.337242168318426
39,197,6.823908740944319
39,198,6.585026652029182
39,199,5.0
39,200,5.0
39,201,7.327902142064283
39,202,5.0
39,203,5.0
39,204,5.0
39,205,5.167491087293763
39,206,5.0
39,207,5.0
39,208,5.0
39,209,7.0
39,210,5.0
39,211,5.0
39,212,5.0
39,213,5.0
39,214,5.0
39,215,5.0
39,216,5.0
39,217,5.0
39,218,5.0
39,219,5.0
39,220,5.0
39,221,5.0
39,222,5.0
39,223,5.0
39,224,5.0
39,225,5.0
39,226,5.0
39,227,5.0
39,228,5.0
39,229,5.0
39,230,5.0
39,231,5.0
39,232,6.721246399047171
39,233,5.0
39,234,5.0
39,235,5.0
39,236,5.0
39,237,5.0
39,238,5.0
39,239,5.0
39,240,5.0
39,241,5.0
39,242,5.0
39,243,5.0
39,244,5.0
39,245,5.0
39,246,5.0
39,247,5.0
39,248,6.040958607678906
39,249,5.0
39,250,5.0
39,251,5.0
39,252,5.0
39,253,5.0
39,254,5.0
39,255,5.0
39,256,5.0
39,257,5.0
39,258,5.0
39,259,5.0
39,260,5.0
39,261,5.0
39,262,5.0
39,263,5.0
39,264,5.0
39,265,5.0
39,266,5.0
39,267,5.0
39,268,5.0
39,269,5.0
39,270,5.0
39,271,5.0
39,272,5.0
39,273,5.0
39,274,5.0
39,275,6.337242168318426
39,276,7.443697499232713
39,277,5.0
39,278,5.0
39,279,5.0
39,280,5.0
39,281,5.0
39,282,5.0
39,283,5.0
39,284,5.0
39,285,5.0
39,286,5.0
39,287,5.0
39,288,6.7447274948966935
39,289,7.136677139879544
39,290,5.0
39,291,6.102372908709558
39,292,5.0
39,293,5.0
39,294,5.0
39,295,5.0
39,296,5.0
39,297,5.0
39,298,5.0
39,299,5.0
39,300,5.0
39,301,5.0
39,302,5.0
39,303,5.0
39,304,5.0
39,305,5.0
39,306,5.0
39,307,5.0
39,308,5.0
39,309,5.0
39,310,5.0
39,311,5.0
39,312,5.0
39,313,5.0
39,314,5.0
39,315,5.0
39,316,5.0
39,317,5.0
39,318,5.0
39,319,5.055517327849831
39,320,5.0
39,321,5.0
39,322,5.0
39,323,5.0
39,324,5.0
39,325,5.0
39,326,5.0
39,327,5.0
39,328,5.0
39,329,5.0
39,330,5.0
39,331,5.0
39,332,5.0
39,333,5.0
39,334,5.0
39,335,5.0
39,336,5.0
39,337,5.0
39,338,5.0
39,339,5.0
39,340,5.0
39,341,5.0
39,342,5.0
39,343,5.0
39,344,5.0
39,345,5.4089353929735005
39,346,6.060480747381382
39,347,5.958607314841775
39,348,5.0
39,349,5.0
39,350,5.0
39,351,5.0
39,352,5.0
39,353,5.0
39,354,5.0
39,355,5.0
39,356,5.0
39,357,5.0
39,358,5.0
39,359,5.0
39,360,5.0
39,361,5.0
39,362,5.0
39,363,5.0
39,364,5.0
39,365,5.0
39,366,5.0
39,367,5.0
39,368,5.0
39,369,5.0
39,370,5.0
39,371,5.0
39,372,5.0
39,373,5.0
39,374,5.0
39,375,5.0
39,376,5.0
39,377,5.0
39,378,5.0
39,379,5.0
39,380,5.721246399047171
39,381,5.0
39,382,5.0
39,383,5.0
39,384,5.0
39,385,5.0
39,386,5.0
39,387,5.0
39,388,5.0
39,389,5.0
39,390,5.0
39,391,5.0
39,392,5.327902142064283
39,393,5.0
39,394,5.769551078621726
39,395,5.0
39,396,5.0
39,397,5.0
39,398,5.0
39,399,5.0
39,400,6.0
39,401,6.0
39,402,5.0
39,403,5.0
39,404,5.0
39,405,5.0
39,406,5.0
39,407,6.443697499232713
39,408,5.0
39,409,6.309803919971486
39,410,6.221848749616356
39,411,5.0
39,412,5.0
39,413,5.0
39,414,5.0
39,415,5.0
39,416,5.0
39,417,5.0
39,418,5.0
39,419,5.0
39,420,5.0
39,421,5.0
39,422,5.0
39,423,5.0
39,424,5.0
39,425,5.0
39,426,5.0
39,427,5.0
39,428,5.958607314841775
39,429,5.0
39,430,5.0
39,431,7.958607314841775
39,432,5.0
40,0,5.0
40,1,9.259637310505756
40,2,8.275724130399212
40,3,8.602059991327963
40,4,8.853871964321762
40,5,9.2839966563652
40,6,9.031517051446064
40,7,6.318758762624412
40,8,9.05551732784983
40,9,9.236572006437065
40,10,9.161150909262744
40,11,6.795880017344075
40,12,7.017728766960432
40,13,8.0
40,14,8.040958607678906
40,15,7.161150909262744
40,16,6.040958607678906
40,17,7.568636235841013
40,18,5.0
40,19,5.0
40,20,5.0
40,21,5.0
40,22,5.0
40,23,5.0
40,24,5.0
40,25,5.0
40,26,5.0
40,27,5.0
40,28,5.0
40,29,5.0
40,30,5.292429823902063
40,31,5.0
40,32,5.0
40,33,8.823908740944319
40,34,6.769551078621726
40,35,8.397940008672037
40,36,5.0
40,37,7.494850021680094
40,38,8.244125144327509
40,39,8.356547323513812
40,40,7.318758762624412
40,41,5.468521082957745
40,42,5.050609993355088
40,43,6.657577319177793
40,44,5.0
40,45,5.0
40,46,5.0
40,47,5.0
40,48,5.0
40,49,5.0
40,50,5.0
40,51,5.0
40,52,5.0
40,53,5.0
40,54,5.0
40,55,5.0
40,56,5.0
40,57,5.0
40,58,5.0
40,59,5.0
40,60,5.0
40,61,5.0
40,62,5.0
40,63,5.0
40,64,5.0
40,65,5.0
40,66,5.0
40,67,5.0
40,68,5.0
40,69,5.0
40,70,5.0
40,71,5.0
40,72,5.0
40,73,5.0
40,74,5.0
40,75,5.0
40,76,9.173925197299171
40,77,7.221848749616356
40,78,5.0
40,79,5.0
40,80,5.0
40,81,5.0
40,82,5.0
40,83,5.0
40,84,5.0
40,85,5.0
40,86,5.0
40,87,5.0
40,88,5.0
40,89,5.0
40,90,5.0
40,91,5.0
40,92,5.0
40,93,5.0
40,94,8.619788758288394
40,95,7.920818753952375
40,96,5.0
40,97,5.0
40,98,6.6020599913279625
40,99,5.0
40,100,5.0
40,101,5.0
40,102,5.0
40,103,5.0
40,104,6.0
40,105,6.7447274948966935
40,106,6.275724130399211
40,107,6.200659450546418
40,108,5.823908740944319
40,109,5.769551078621726
40,110,5.958607314841775
40,111,6.0655015487564325
40,112,5.0
40,113,5.920818753952375
40,114,5.638272163982407
40,115,5.0
40,116,5.0
40,117,8.187086643357144
40,118,8.42021640338319
40,119,8.119186407719209
40,120,8.080921907623926
40,121,7.853871964321762
40,122,7.154901959985743
40,123,5.0
40,124,8.229147988357855
40,125,8.356547323513812
40,126,7.721246399047171
40,127,6.468521082957745
40,128,7.920818753952375
40,129,8.698970004336019
40,130,5.0
40,131,6.853871964321762
40,132,6.026872146400302
40,133,5.0
40,134,5.0
40,135,6.769551078621726
40,136,5.958607314841775
40,137,5.0
40,138,5.0
40,139,5.0
40,140,5.0
40,141,5.455931955649724
40,142,6.167491087293763
40,143,7.207608310501746
40,144,7.508638306165727
40,145,7.318758762624412
40,146,7.337242168318426
40,147,6.309803919971486
40,148,8.619788758288394
40,149,7.638272163982407
40,150,6.823908740944319
40,151,5.795880017344075
40,152,5.508638306165727
40,153,6.886056647693163
40,154,6.107905397309519
40,155,5.0
40,156,6.130768280269024
40,157,8.387216143280265
40,158,8.309803919971486
40,159,8.086186147616283
40,160,7.585026652029182
40,161,5.0
40,162,5.0
40,163,5.0
40,164,5.0
40,165,5.0
40,166,8.481486060122112
40,167,5.0
40,168,5.0
40,169,5.0
40,170,5.0
40,171,6.6777807052660805
40,172,5.0
40,173,5.0
40,174,5.0
40,175,5.0
40,176,5.0
40,177,5.0
40,178,5.0
40,179,5.0
40,180,5.0
40,181,5.0
40,182,5.0
40,183,5.0
40,184,6.481486060122113
40,185,5.0
40,186,7.0
40,187,6.292429823902063
40,188,5.823908740944319
40,189,5.0
40,190,5.0
40,191,8.744727494896694
40,192,7.229147988357856
40,193,6.327902142064283
40,194,7.455931955649724
40,195,8.431798275933005
40,196,8.795880017344075
40,197,5.0
40,198,7.167491087293763
40,199,5.0
40,200,5.0
40,201,8.958607314841775
40,202,6.00436480540245
40,203,6.508638306165727
40,204,5.0
40,205,5.7447274948966935
40,206,5.1249387366083
40,207,5.292429823902063
40,208,5.0
40,209,8.657577319177793
40,210,5.0
40,211,5.0
40,212,5.0
40,213,5.0
40,214,6.200659450546418
40,215,6.366531544420414
40,216,7.251811972993799
40,217,5.920818753952375
40,218,6.4089353929735005
40,219,6.055517327849832
40,220,6.638272163982407
40,221,5.0
40,222,5.0
40,223,5.0
40,224,5.00436480540245
40,225,6.130768280269024
40,226,5.0
40,227,5.0
40,228,6.080921907623926
40,229,5.721246399047171
40,230,5.2839966563652006
40,231,6.481486060122113
40,232,7.236572006437063
40,233,5.3872161432802645
40,234,5.0
40,235,5.0
40,236,6.080921907623926
40,237,5.958607314841775
40,238,6.070581074285707
40,239,6.221848749616356
40,240,5.0
40,241,5.0
40,242,5.0
40,243,6.853871964321762
40,244,6.3872161432802645
40,245,5.275724130399211
40,246,6.259637310505756
40,247,5.886056647693163
40,248,5.958607314841775
40,249,5.356547323513812
40,250,5.6020599913279625
40,251,5.823908740944319
40,252,5.585026652029182
40,253,5.3872161432802645
40,254,5.0
40,255,5.0
40,256,5.0
40,257,6.721246399047171
40,258,5.0
40,259,5.0
40,260,5.0
40,261,5.0
40,262,5.0
40,263,5.080921907623926
40,264,5.522878745280337
40,265,6.958607314841775
40,266,5.0
40,267,5.0
40,268,6.050609993355088
40,269,5.0
40,270,5.0
40,271,5.0
40,272,5.1938200260161125
40,273,7.455931955649724
40,274,5.0
40,275,7.173925197299173
40,276,7.013228265733755
40,277,5.0
40,278,5.0
40,279,5.0
40,280,5.0
40,281,5.0
40,282,5.0
40,283,5.0
40,284,5.0
40,285,5.0
40,286,5.0
40,287,5.0
40,288,8.2518119729938
40,289,8.853871964321762
40,290,5.0
40,291,5.481486060122113
40,292,5.0
40,293,5.0
40,294,5.0
40,295,5.0
40,296,5.0
40,297,5.0
40,298,5.0
40,299,5.0
40,300,5.0
40,301,5.0
40,302,5.0
40,303,5.0
40,304,5.0
40,305,5.0
40,306,5.0
40,307,5.0
40,308,5.0
40,309,5.0
40,310,5.0
40,311,5.0
40,312,5.0
40,313,5.0
40,314,5.0
40,315,5.0
40,316,5.0
40,317,5.0
40,318,5.0
40,319,6.638272163982407
40,320,5.0
40,321,5.0
40,322,7.356547323513813
40,323,5.0
40,324,5.0
40,325,5.0
40,326,5.0
40,327,5.0
40,328,5.6777807052660805
40,329,5.0
40,330,5.0
40,331,5.0
40,332,5.0
40,333,5.0
40,334,5.0
40,335,5.0
40,336,5.0
40,337,5.0
40,338,5.0
40,339,5.0
40,340,5.0
40,341,5.0
40,342,5.0
40,343,5.301029995663981
40,344,7.00436480540245
40,345,7.638272163982407
40,346,7.1487416512809245
40,347,7.275724130399211
40,348,5.0
40,349,5.221848749616356
40,350,5.0
40,351,5.0
40,352,5.0
40,353,5.455931955649724
40,354,7.795880017344075
40,355,5.0
40,356,5.0
40,357,5.0
40,358,5.0
40,359,5.0
40,360,5.0
40,361,5.0
40,362,5.0
40,363,5.0
40,364,5.0
40,365,5.0
40,366,5.0
40,367,5.0
40,368,5.0
40,369,5.0
40,370,5.0
40,371,5.0
40,372,5.0
40,373,5.958607314841775
40,374,5.0
40,375,8.187086643357144
40,376,7.585026652029182
40,377,5.431798275933005
40,378,5.0
40,379,5.0
40,380,9.148741651280924
40,381,6.221848749616356
40,382,5.0
40,383,5.0
40,384,5.0
40,385,5.0
40,386,5.0
40,387,6.443697499232713
40,388,6.537602002101044
40,389,5.0
40,390,6.3872161432802645
40,391,5.0
40,392,6.091514981121351
40,393,6.356547323513812
40,394,6.4089353929735005
40,395,5.0
40,396,6.221848749616356
40,397,7.102372908709558
40,398,5.823908740944319
40,399,6.568636235841013
40,400,5.920818753952375
40,401,6.552841968657781
40,402,5.0
40,403,5.0
40,404,6.366531544420414
40,405,6.443697499232713
40,406,7.568636235841013
40,407,7.327902142064283
40,408,5.0
40,409,5.0
40,410,5.200659450546418
40,411,5.0
40,412,5.0
40,413,5.0
40,414,7.455931955649724
40,415,6.366531544420414
40,416,5.0
40,417,6.346787486224656
40,418,5.0
40,419,5.0
40,420,5.0
40,421,6.161150909262744
40,422,5.0
40,423,7.1487416512809245
40,424,7.244125144327507
40,425,5.6020599913279625
40,426,5.920818753952375
40,427,5.0
40,428,8.638272163982407
40,429,5.568636235841013
40,430,6.619788758288394
40,431,6.522878745280337
40,432,5.0
41,0,6.494850021680094
41,1,6.113509274827518
41,2,5.0
41,3,5.537602002101044
41,4,5.045757490560675
41,5,5.769551078621726
41,6,5.031517051446065
41,7,5.4089353929735005
41,8,5.920818753952375
41,9,5.086186147616283
41,10,5.161150909262744
41,11,5.0
41,12,5.0
41,13,5.0
41,14,5.0
41,15,5.0
41,16,5.0
41,17,5.0
41,18,5.0
41,19,5.0
41,20,5.0
41,21,5.568636235841013
41,22,6.508638306165727
41,23,6.113509274827518
41,24,5.0
41,25,6.2076083105017466
41,26,5.0
41,27,5.0
41,28,5.0
41,29,5.698970004336019
41,30,6.522878745280337
41,31,6.958607314841775
41,32,7.327902142064283
41,33,5.721246399047171
41,34,5.0
41,35,5.0
41,36,5.2076083105017466
41,37,5.0
41,38,5.0
41,39,5.0
41,40,5.0
41,41,5.0
41,42,5.0
41,43,5.0
41,44,5.6777807052660805
41,45,5.823908740944319
41,46,5.0
41,47,5.468521082957745
41,48,5.0
41,49,5.537602002101044
41,50,5.698970004336019
41,51,5.0
41,52,7.1938200260161125
41,53,7.136677139879544
41,54,5.769551078621726
41,55,5.0
41,56,5.0
41,57,5.0
41,58,5.0
41,59,5.0
41,60,5.0
41,61,5.0
41,62,6.886056647693163
41,63,5.0
41,64,5.7447274948966935
41,65,5.0
41,66,5.619788758288394
41,67,5.0
41,68,5.0
41,69,5.0
41,70,5.0
41,71,5.0
41,72,6.136677139879544
41,73,6.3872161432802645
41,74,5.443697499232713
41,75,5.0
41,76,6.154901959985743
41,77,5.0
41,78,5.0
41,79,5.0
41,80,5.376750709602099
41,81,6.0655015487564325
41,82,5.0
41,83,5.0
41,84,5.0
41,85,5.0
41,86,5.251811972993799
41,87,5.0
41,88,5.0
41,89,5.0
41,90,5.0
41,91,5.853871964321762
41,92,6.00436480540245
41,93,5.346787486224656
41,94,7.154901959985743
41,95,5.119186407719209
41,96,6.173925197299173
41,97,5.0
41,98,5.0
41,99,5.3979400086720375
41,100,5.455931955649724
41,101,5.0
41,102,5.0
41,103,5.0
41,104,5.0
41,105,5.0
41,106,5.0
41,107,5.0
41,108,5.0
41,109,5.0
41,110,5.0
41,111,5.0
41,112,5.0
41,113,5.0
41,114,5.0
41,115,5.0
41,116,5.0
41,117,5.0
41,118,5.0
41,119,5.0
41,120,5.0
41,121,5.0
41,122,5.0
41,123,5.0
41,124,5.4089353929735005
41,125,5.0
41,126,5.0
41,127,5.0
41,128,5.0
41,129,5.537602002101044
41,130,5.0
41,131,5.0
41,132,5.0
41,133,5.0
41,134,5.0
41,135,5.0
41,136,5.0
41,137,5.769551078621726
41,138,5.0
41,139,5.0
41,140,5.721246399047171
41,141,5.0
41,142,5.0
41,143,5.0
41,144,5.2839966563652006
41,145,5.2839966563652006
41,146,5.0
41,147,5.0
41,148,5.721246399047171
41,149,5.0
41,150,6.6020599913279625
41,151,6.853871964321762
41,152,7.017728766960432
41,153,6.568636235841013
41,154,6.327902142064283
41,155,5.337242168318426
41,156,5.853871964321762
41,157,5.0
41,158,5.0
41,159,5.886056647693163
41,160,5.468521082957745
41,161,5.958607314841775
41,162,6.376750709602099
41,163,7.214670164989233
41,164,5.0
41,165,5.0
41,166,5.0
41,167,7.031517051446065
41,168,6.920818753952375
41,169,7.200659450546418
41,170,5.886056647693163
41,171,6.823908740944319
41,172,5.853871964321762
41,173,6.3979400086720375
41,174,5.0
41,175,5.0
41,176,5.0
41,177,6.154901959985743
41,178,5.638272163982407
41,179,5.455931955649724
41,180,5.795880017344075
41,181,6.214670164989233
41,182,5.6020599913279625
41,183,5.0
41,184,5.0
41,185,5.568636235841013
41,186,6.366531544420414
41,187,6.327902142064283
41,188,5.0
41,189,5.0
41,190,5.0
41,191,5.494850021680094
41,192,5.366531544420414
41,193,5.3979400086720375
41,194,6.229147988357856
41,195,5.886056647693163
41,196,5.6020599913279625
41,197,5.0
41,198,5.142667503568732
41,199,5.0
41,200,5.0
41,201,6.494850021680094
41,202,5.0
41,203,5.0
41,204,5.585026652029182
41,205,6.537602002101044
41,206,5.0
41,207,5.0
41,208,5.0
41,209,5.0
41,210,5.494850021680094
41,211,6.050609993355088
41,212,5.0
41,213,5.0
41,214,5.2839966563652006
41,215,5.229147988357856
41,216,5.7447274948966935
41,217,5.443697499232713
41,218,6.309803919971486
41,219,6.552841968657781
41,220,7.102372908709558
41,221,5.0
41,222,5.0
41,223,5.0
41,224,5.443697499232713
41,225,5.0
41,226,5.0
41,227,5.0
41,228,5.958607314841775
41,229,6.008773924307505
41,230,5.0
41,231,5.0
41,232,5.853871964321762
41,233,5.0
41,234,5.0
41,235,5.886056647693163
41,236,9.568636235841012
41,237,9.193820026016112
41,238,9.080921907623926
41,239,6.6020599913279625
41,240,5.0
41,241,5.0
41,242,5.0
41,243,5.0
41,244,5.0
41,245,5.0
41,246,5.0
41,247,5.0
41,248,5.0
41,249,5.0
41,250,5.698970004336019
41,251,5.721246399047171
41,252,5.0
41,253,5.42021640338319
41,254,5.0
41,255,5.0
41,256,5.102372908709558
41,257,6.017728766960432
41,258,5.0
41,259,5.0
41,260,5.0
41,261,5.0
41,262,5.0
41,263,5.0
41,264,5.0
41,265,6.221848749616356
41,266,5.0
41,267,5.0
41,268,5.0
41,269,5.0
41,270,5.0
41,271,5.0
41,272,5.060480747381382
41,273,5.0
41,274,5.0
41,275,5.0
41,276,5.0
41,277,5.0
41,278,5.0
41,279,5.537602002101044
41,280,5.0
41,281,5.958607314841775
41,282,5.0
41,283,5.0
41,284,5.585026652029182
41,285,5.958607314841775
41,286,6.055517327849832
41,287,5.823908740944319
41,288,5.698970004336019
41,289,5.721246399047171
41,290,5.0
41,291,5.0
41,292,5.0
41,293,6.292429823902063
41,294,5.886056647693163
41,295,5.721246399047171
41,296,5.619788758288394
41,297,5.0
41,298,5.0
41,299,5.0
41,300,5.0
41,301,5.0
41,302,5.0
41,303,5.0
41,304,5.0
41,305,5.0
41,306,5.0
41,307,5.0
41,308,5.0
41,309,5.0
41,310,5.0
41,311,5.0
41,312,5.0
41,313,5.0
41,314,5.0
41,315,5.0
41,316,6.552841968657781
41,317,5.0
41,318,5.795880017344075
41,319,5.0
41,320,5.0
41,321,5.0
41,322,5.0
41,323,5.0
41,324,5.0
41,325,5.0
41,326,5.0
41,327,5.080921907623926
41,328,5.0
41,329,6.3872161432802645
41,330,5.0
41,331,5.0
41,332,5.0
41,333,5.0
41,334,5.0
41,335,5.0
41,336,5.0
41,337,5.0
41,338,5.0
41,339,5.0
41,340,5.0
41,341,5.0
41,342,5.585026652029182
41,343,6.040958607678906
41,344,5.0
41,345,5.0
41,346,6.161150909262744
41,347,6.236572006437063
41,348,6.337242168318426
41,349,6.292429823902063
41,350,6.327902142064283
41,351,5.0
41,352,6.4089353929735005
41,353,5.823908740944319
41,354,5.0
41,355,5.0
41,356,5.0
41,357,5.0
41,358,5.060480747381382
41,359,5.522878745280337
41,360,5.0
41,361,5.0
41,362,5.0
41,363,5.958607314841775
41,364,5.0
41,365,5.0
41,366,5.00436480540245
41,367,5.0
41,368,5.0
41,369,5.167491087293763
41,370,5.0
41,371,5.3872161432802645
41,372,5.0
41,373,5.0
41,374,5.0
41,375,5.0
41,376,5.6020599913279625
41,377,6.455931955649724
41,378,6.040958607678906
41,379,5.0
41,380,5.0
41,381,5.0
41,382,7.387216143280264
41,383,6.301029995663981
41,384,5.795880017344075
41,385,5.318758762624412
41,386,6.075720713938118
41,387,5.0
41,388,5.0
41,389,5.0
41,390,5.0
41,391,5.275724130399211
41,392,6.337242168318426
41,393,5.920818753952375
41,394,7.366531544420414
41,395,6.013228265733755
41,396,5.0
41,397,5.0
41,398,5.0
41,399,5.0
41,400,5.920818753952375
41,401,5.173925197299173
41,402,5.0
41,403,5.0
41,404,6.508638306165727
41,405,5.0
41,406,5.0
41,407,5.0
41,408,6.494850021680094
41,409,6.096910013008056
41,410,6.031517051446065
41,411,5.0
41,412,5.6777807052660805
41,413,5.0
41,414,5.0
41,415,5.0
41,416,5.180456064458132
41,417,5.698970004336019
41,418,5.698970004336019
41,419,5.823908740944319
41,420,5.0
41,421,5.0
41,422,5.0
41,423,5.0
41,424,5.0
41,425,5.0
41,426,5.0
41,427,5.0
41,428,5.853871964321762
41,429,5.0
41,430,7.107905397309519
41,431,5.0
41,432,5.0
42,0,5.0
42,1,5.0
42,2,5.0
42,3,5.0
42,4,5.0
42,5,5.0
42,6,5.0
42,7,5.0
42,8,5.0
42,9,5.0
42,10,5.0
42,11,5.0
42,12,5.0
42,13,5.0
42,14,5.0
42,15,5.0
42,16,5.0
42,17,5.0
42,18,5.0
42,19,5.0
42,20,5.0
42,21,5.0
42,22,5.0
42,23,5.0
42,24,5.0
42,25,5.0
42,26,5.0
42,27,5.0
42,28,5.0
42,29,5.0
42,30,5.0
42,31,5.0
42,32,5.0
42,33,5.0
42,34,5.0
42,35,5.0
42,36,5.0
42,37,5.0
42,38,5.537602002101044
42,39,5.638272163982407
42,40,5.0
42,41,5.0
42,42,5.0
42,43,5.0
42,44,5.0
42,45,5.0
42,46,5.0
42,47,5.0
42,48,5.0
42,49,5.0
42,50,5.0
42,51,5.0
42,52,5.0
42,53,5.0
42,54,5.0
42,55,5.0
42,56,5.0
42,57,5.0
42,58,5.0
42,59,5.0
42,60,5.0
42,61,5.0
42,62,5.142667503568732
42,63,5.0
42,64,5.0
42,65,5.0
42,66,5.0
42,67,5.0
42,68,5.0
42,69,5.0
42,70,5.0
42,71,5.0
42,72,5.4089353929735005
42,73,5.259637310505756
42,74,5.229147988357856
42,75,5.0
42,76,5.0
42,77,5.0
42,78,5.0
42,79,5.0
42,80,5.0
42,81,5.0
42,82,5.0
42,83,5.0
42,84,5.0
42,85,5.267606240177032
42,86,5.537602002101044
42,87,5.0
42,88,5.619788758288394
42,89,5.568636235841013
42,90,6.075720713938118
42,91,5.0
42,92,5.0
42,93,5.0
42,94,5.0
42,95,5.0
42,96,5.0
42,97,5.0
42,98,5.0
42,99,5.0
42,100,5.0
42,101,5.0
42,102,5.2441251443275085
42,103,5.3872161432802645
42,104,5.0
42,105,5.0
42,106,5.0
42,107,5.0
42,108,5.0
42,109,5.0
42,110,5.0
42,111,5.0
42,112,5.0
42,113,5.0
42,114,5.0
42,115,5.0
42,116,5.0
42,117,5.0
42,118,5.0
42,119,5.0
42,120,5.0
42,121,5.0
42,122,5.0
42,123,5.0
42,124,5.0
42,125,5.0
42,126,5.0
42,127,5.0
42,128,5.0
42,129,5.0
42,130,5.0
42,131,5.0
42,132,5.0
42,133,5.0
42,134,5.0
42,135,5.0
42,136,5.0
42,137,5.0
42,138,5.0
42,139,5.0
42,140,5.0
42,141,5.0
42,142,5.0
42,143,5.0
42,144,5.0
42,145,5.0
42,146,5.0
42,147,5.0
42,148,5.0
42,149,5.0
42,150,5.6020599913279625
42,151,5.229147988357856
42,152,5.0
42,153,5.0
42,154,5.0
42,155,5.0
42,156,5.0
42,157,5.0
42,158,5.0
42,159,5.0
42,160,5.0
42,161,5.0
42,162,5.0
42,163,5.0
42,164,5.0
42,165,5.0
42,166,5.0
42,167,5.481486060122113
42,168,6.537602002101044
42,169,6.508638306165727
42,170,5.0
42,171,5.0
42,172,5.0
42,173,5.0
42,174,5.0
42,175,5.769551078621726
42,176,5.0
42,177,5.0
42,178,5.0
42,179,5.0
42,180,5.0
42,181,5.0
42,182,5.0
42,183,5.0
42,184,5.0
42,185,5.698970004336019
42,186,5.0
42,187,5.0
42,188,5.0
42,189,5.0
42,190,5.0
42,191,5.0
42,192,5.0
42,193,5.0
42,194,5.0
42,195,5.0
42,196,5.0
42,197,5.0
42,198,5.0
42,199,5.0
42,200,5.0
42,201,5.0
42,202,5.0
42,203,5.455931955649724
42,204,5.0
42,205,5.0
42,206,5.0
42,207,5.0
42,208,5.0
42,209,5.0
42,210,5.0
42,211,5.0
42,212,5.0
42,213,5.0
42,214,5.0
42,215,5.0
42,216,5.0
42,217,5.0
42,218,5.0
42,219,5.0
42,220,5.0
42,221,5.0
42,222,5.0
42,223,5.0
42,224,5.0
42,225,5.0
42,226,5.0
42,227,5.0
42,228,5.0
42,229,5.0
42,230,5.0
42,231,5.0
42,232,5.0
42,233,5.0
42,234,5.0
42,235,5.0
42,236,5.0
42,237,5.0
42,238,5.0
42,239,5.0
42,240,5.0
42,241,5.0
42,242,5.0
42,243,5.0
42,244,5.0
42,245,5.0
42,246,5.0
42,247,5.7447274948966935
42,248,5.0
42,249,5.0
42,250,5.0
42,251,5.0
42,252,5.0
42,253,5.0
42,254,7.920818753952375
42,255,5.0
42,256,5.823908740944319
42,257,5.0
42,258,5.0
42,259,5.0
42,260,5.0
42,261,5.0
42,262,5.0
42,263,5.0
42,264,5.0
42,265,5.0
42,266,5.0
42,267,5.0
42,268,5.0
42,269,5.0
42,270,5.0
42,271,5.0
42,272,5.0
42,273,5.0
42,274,5.0
42,275,5.0
42,276,5.0
42,277,5.0
42,278,5.0
42,279,5.0
42,280,5.0
42,281,5.0
42,282,5.0
42,283,5.0
42,284,5.0
42,285,5.0
42,286,5.0
42,287,5.0
42,288,5.0
42,289,5.0
42,290,5.0
42,291,5.0
42,292,5.0
42,293,5.0
42,294,5.0
42,295,5.0
42,296,5.0
42,297,8.0
42,298,7.387216143280264
42,299,8.823908740944319
42,300,8.886056647693163
42,301,8.853871964321762
42,302,8.823908740944319
42,303,8.823908740944319
42,304,8.494850021680094
42,305,8.468521082957745
42,306,8.537602002101044
42,307,8.522878745280337
42,308,8.823908740944319
42,309,8.769551078621726
42,310,7.769551078621726
42,311,7.795880017344075
42,312,5.455931955649724
42,313,5.0
42,314,5.0
42,315,5.0
42,316,5.0
42,317,5.0
42,318,5.0
42,319,6.2076083105017466
42,320,5.0
42,321,5.0
42,322,5.0
42,323,5.0
42,324,5.0
42,325,5.0
42,326,5.0
42,327,5.0
42,328,5.0
42,329,5.0
42,330,5.0
42,331,5.0
42,332,5.0
42,333,5.0
42,334,5.0
42,335,5.0
42,336,5.0
42,337,5.0
42,338,5.0
42,339,5.0
42,340,5.0
42,341,5.0
42,342,5.0
42,343,5.0
42,344,5.0
42,345,5.431798275933005
42,346,5.0
42,347,5.0
42,348,5.0
42,349,5.0
42,350,5.0
42,351,6.113509274827518
42,352,5.0
42,353,5.0
42,354,5.0
42,355,5.0
42,356,5.0
42,357,5.0
42,358,5.0
42,359,5.0
42,360,5.0
42,361,5.0
42,362,5.0
42,363,5.0
42,364,5.0
42,365,5.0
42,366,5.0
42,367,5.0
42,368,5.0
42,369,5.0
42,370,5.0
42,371,5.0
42,372,5.0
42,373,5.0
42,374,5.0
42,375,5.0
42,376,5.0
42,377,5.0
42,378,5.0
42,379,5.0
42,380,5.0
42,381,5.0
42,382,5.0
42,383,5.0
42,384,5.0
42,385,5.0
42,386,5.0
42,387,5.0
42,388,5.0
42,389,5.0
42,390,5.0
42,391,5.0
42,392,5.0
42,393,5.0
42,394,5.0
42,395,5.0
42,396,5.0
42,397,5.0
42,398,5.0
42,399,5.0
42,400,5.0
42,401,5.0
42,402,5.0
42,403,5.0
42,404,5.0
42,405,5.0
42,406,5.0
42,407,5.0
42,408,5.0
42,409,5.0
42,410,5.0
42,411,5.0
42,412,5.0
42,413,5.0
42,414,5.0
42,415,5.0
42,416,5.229147988357856
42,417,5.0
42,418,5.0
42,419,5.0
42,420,5.0
42,421,5.0
42,422,5.0
42,423,5.0
42,424,5.0
42,425,5.0
42,426,5.0
42,427,5.0
42,428,5.0
42,429,5.0
42,430,6.031517051446065
42,431,5.0
42,432,5.0
43,0,5.0
43,1,5.346787486224656
43,2,5.301029995663981
43,3,5.2441251443275085
43,4,5.301029995663981
43,5,5.585026652029182
43,6,5.3979400086720375
43,7,5.0
43,8,5.721246399047171
43,9,5.638272163982407
43,10,5.568636235841013
43,11,5.0
43,12,5.0
43,13,5.0
43,14,5.494850021680094
43,15,5.0
43,16,5.0
43,17,5.0
43,18,5.0
43,19,5.0
43,20,5.0
43,21,5.0
43,22,5.0
43,23,5.0
43,24,5.0
43,25,5.0
43,26,5.0
43,27,5.0
43,28,5.0
43,29,5.638272163982407
43,30,5.6020599913279625
43,31,5.0
43,32,5.0
43,33,5.958607314841775
43,34,5.0
43,35,5.508638306165727
43,36,5.0
43,37,5.0
43,38,6.481486060122113
43,39,7.0
43,40,7.318758762624412
43,41,5.0
43,42,5.0
43,43,5.0
43,44,5.721246399047171
43,45,5.0
43,46,5.0
43,47,5.0
43,48,5.0
43,49,5.0
43,50,5.0
43,51,5.0
43,52,5.0
43,53,5.0
43,54,5.0
43,55,5.0
43,56,5.0
43,57,5.0
43,58,6.154901959985743
43,59,5.0
43,60,5.0
43,61,5.0
43,62,5.0
43,63,5.721246399047171
43,64,5.0
43,65,5.0
43,66,5.0
43,67,5.0
43,68,5.0
43,69,5.0
43,70,5.0
43,71,5.0
43,72,5.180456064458132
43,73,5.585026652029182
43,74,5.0
43,75,5.0
43,76,5.568636235841013
43,77,5.657577319177793
43,78,5.0
43,79,5.0
43,80,5.0
43,81,5.0
43,82,5.0
43,83,5.3872161432802645
43,84,5.0
43,85,5.0
43,86,5.0
43,87,5.0
43,88,5.0
43,89,5.0
43,90,5.0
43,91,5.091514981121351
43,92,5.0
43,93,5.6020599913279625
43,94,5.619788758288394
43,95,5.3872161432802645
43,96,5.0
43,97,5.0
43,98,5.0
43,99,5.0
43,100,5.0
43,101,5.0
43,102,5.0
43,103,5.568636235841013
43,104,5.0
43,105,5.0
43,106,5.0
43,107,5.0
43,108,5.0
43,109,5.0
43,110,5.0
43,111,5.0
43,112,5.0
43,113,5.0
43,114,5.0
43,115,5.0
43,116,5.0
43,117,5.0
43,118,5.0
43,119,5.0
43,120,5.0
43,121,5.0
43,122,5.0
43,123,5.0
43,124,5.0
43,125,5.0
43,126,5.0
43,127,5.0
43,128,5.0
43,129,6.0655015487564325
43,130,5.0
43,131,5.0
43,132,5.0
43,133,5.0
43,134,5.0
43,135,5.0
43,136,5.0
43,137,5.0
43,138,5.0
43,139,5.0
43,140,5.0
43,141,5.0
43,142,5.443697499232713
43,143,5.275724130399211
43,144,5.508638306165727
43,145,5.0
43,146,5.0
43,147,5.0
43,148,7.207608310501746
43,149,5.721246399047171
43,150,5.886056647693163
43,151,5.214670164989233
43,152,5.187086643357144
43,153,5.638272163982407
43,154,5.4089353929735005
43,155,5.522878745280337
43,156,5.0
43,157,5.721246399047171
43,158,5.638272163982407
43,159,5.0
43,160,5.886056647693163
43,161,5.0
43,162,5.0
43,163,5.0
43,164,5.0
43,165,5.0
43,166,5.568636235841013
43,167,5.259637310505756
43,168,5.301029995663981
43,169,5.013228265733755
43,170,5.267606240177032
43,171,5.0
43,172,5.0
43,173,5.0
43,174,5.0
43,175,5.0
43,176,5.0
43,177,5.0
43,178,5.0
43,179,5.0
43,180,5.0
43,181,5.0
43,182,5.0
43,183,5.0
43,184,5.0
43,185,5.0
43,186,5.0
43,187,5.0
43,188,5.0
43,189,5.0
43,190,5.0
43,191,6.7447274948966935
43,192,5.236572006437063
43,193,5.0
43,194,5.508638306165727
43,195,6.3979400086720375
43,196,7.42021640338319
43,197,5.0
43,198,5.318758762624412
43,199,5.0
43,200,5.0
43,201,5.7447274948966935
43,202,5.619788758288394
43,203,6.2076083105017466
43,204,5.0
43,205,5.0
43,206,5.0
43,207,5.0
43,208,5.0
43,209,5.958607314841775
43,210,5.0
43,211,5.0
43,212,5.0
43,213,5.0
43,214,5.0
43,215,5.0
43,216,5.0
43,217,5.0
43,218,5.0
43,219,5.0
43,220,5.494850021680094
43,221,5.0
43,222,5.0
43,223,5.0
43,224,5.0
43,225,5.0
43,226,5.0
43,227,5.0
43,228,6.259637310505756
43,229,5.958607314841775
43,230,5.0
43,231,6.721246399047171
43,232,9.795880017344077
43,233,5.0
43,234,5.0
43,235,5.0
43,236,5.0
43,237,5.0
43,238,5.0
43,239,5.1487416512809245
43,240,5.0
43,241,5.0
43,242,5.0
43,243,5.0
43,244,5.0
43,245,5.0
43,246,5.0
43,247,5.0
43,248,5.0
43,249,5.0
43,250,5.0
43,251,5.0
43,252,5.0
43,253,5.0
43,254,5.0
43,255,5.0
43,256,5.0
43,257,5.0
43,258,5.468521082957745
43,259,5.0
43,260,5.0
43,261,5.0
43,262,5.0
43,263,5.0
43,264,6.721246399047171
43,265,5.301029995663981
43,266,5.0
43,267,5.0
43,268,5.0
43,269,5.0
43,270,5.0
43,271,5.0
43,272,5.0
43,273,5.0
43,274,5.4089353929735005
43,275,5.0
43,276,5.0
43,277,5.0
43,278,5.0
43,279,5.853871964321762
43,280,5.0
43,281,5.0
43,282,5.0
43,283,5.0
43,284,5.0
43,285,5.0
43,286,5.0
43,287,5.0
43,288,6.721246399047171
43,289,6.698970004336019
43,290,5.0
43,291,8.769551078621726
43,292,5.0
43,293,5.0
43,294,5.0
43,295,5.0
43,296,5.0
43,297,5.0
43,298,5.0
43,299,5.0
43,300,5.0
43,301,5.0
43,302,5.0
43,303,5.0
43,304,5.0
43,305,5.0
43,306,5.0
43,307,5.0
43,308,5.0
43,309,5.0
43,310,5.0
43,311,5.0
43,312,5.920818753952375
43,313,5.0
43,314,5.0
43,315,5.0
43,316,5.0
43,317,5.0
43,318,5.0
43,319,5.0
43,320,5.0
43,321,5.0
43,322,5.0
43,323,5.0
43,324,5.0
43,325,5.0
43,326,5.0
43,327,5.0
43,328,5.0
43,329,5.455931955649724
43,330,5.0
43,331,5.0
43,332,5.0
43,333,5.0
43,334,5.0
43,335,5.0
43,336,5.0
43,337,5.0
43,338,5.0
43,339,5.0
43,340,5.0
43,341,5.0
43,342,5.0
43,343,5.0
43,344,5.0
43,345,6.769551078621726
43,346,5.0
43,347,5.0
43,348,5.0
43,349,5.0
43,350,5.0
43,351,6.113509274827518
43,352,5.0
43,353,5.292429823902063
43,354,6.366531544420414
43,355,5.0
43,356,5.0
43,357,5.0
43,358,5.0
43,359,5.0
43,360,5.0
43,361,5.0
43,362,5.0
43,363,5.0
43,364,5.0
43,365,5.0
43,366,5.0
43,367,5.0
43,368,5.0
43,369,5.0
43,370,5.0
43,371,5.0
43,372,5.0
43,373,5.0
43,374,5.142667503568732
43,375,6.2839966563652006
43,376,5.721246399047171
43,377,5.292429823902063
43,378,5.0
43,379,5.0
43,380,5.327902142064283
43,381,7.67778070526608
43,382,5.0
43,383,5.0
43,384,5.0
43,385,5.721246399047171
43,386,5.0
43,387,5.0
43,388,5.537602002101044
43,389,5.0
43,390,5.0
43,391,5.0
43,392,5.0
43,393,5.0
43,394,5.0
43,395,5.0
43,396,5.0
43,397,5.823908740944319
43,398,5.0
43,399,6.050609993355088
43,400,5.0
43,401,5.0
43,402,5.0
43,403,5.0
43,404,5.6020599913279625
43,405,5.0
43,406,5.958607314841775
43,407,5.0
43,408,5.0
43,409,5.0
43,410,5.0
43,411,5.0
43,412,5.0
43,413,5.0
43,414,5.0
43,415,5.0
43,416,5.0
43,417,5.0
43,418,5.0
43,419,5.0
43,420,5.0
43,421,5.6777807052660805
43,422,5.0
43,423,5.0
43,424,5.0
43,425,5.0
43,426,5.0
43,427,5.0
43,428,5.7447274948966935
43,429,5.0
43,430,5.0
43,431,7.387216143280264
43,432,5.0
44,0,5.795880017344075
44,1,7.251811972993799
44,2,5.920818753952375
44,3,6.619788758288394
44,4,7.236572006437063
44,5,7.221848749616356
44,6,7.1249387366083
44,7,6.920818753952375
44,8,6.455931955649724
44,9,7.161150909262744
44,10,5.920818753952375
44,11,8.397940008672037
44,12,7.236572006437063
44,13,7.744727494896693
44,14,8.119186407719209
44,15,8.537602002101044
44,16,5.494850021680094
44,17,5.455931955649724
44,18,5.0
44,19,5.0
44,20,5.585026652029182
44,21,5.958607314841775
44,22,5.0
44,23,5.0
44,24,5.585026652029182
44,25,5.0
44,26,5.0
44,27,5.0
44,28,5.0
44,29,5.0
44,30,5.0
44,31,5.920818753952375
44,32,5.221848749616356
44,33,6.619788758288394
44,34,7.1938200260161125
44,35,8.67778070526608
44,36,7.050609993355087
44,37,6.173925197299173
44,38,6.055517327849832
44,39,5.795880017344075
44,40,6.0
44,41,7.853871964321762
44,42,7.376750709602099
44,43,5.494850021680094
44,44,5.0
44,45,5.823908740944319
44,46,5.0
44,47,5.251811972993799
44,48,5.0
44,49,5.0
44,50,5.0
44,51,5.0
44,52,5.0
44,53,5.42021640338319
44,54,5.795880017344075
44,55,5.0
44,56,5.0
44,57,5.0
44,58,5.6020599913279625
44,59,5.0
44,60,5.0
44,61,5.0
44,62,5.259637310505756
44,63,5.200659450546418
44,64,5.0
44,65,5.0
44,66,5.0
44,67,5.0
44,68,5.0
44,69,5.0
44,70,5.537602002101044
44,71,5.0
44,72,6.040958607678906
44,73,6.0
44,74,5.0
44,75,6.096910013008056
44,76,5.481486060122113
44,77,5.698970004336019
44,78,6.443697499232713
44,79,5.698970004336019
44,80,6.494850021680094
44,81,7.508638306165727
44,82,5.4089353929735005
44,83,5.522878745280337
44,84,5.585026652029182
44,85,5.920818753952375
44,86,6.026872146400302
44,87,5.0
44,88,7.013228265733755
44,89,7.026872146400302
44,90,7.387216143280264
44,91,5.0
44,92,5.0
44,93,6.086186147616283
44,94,6.130768280269024
44,95,5.214670164989233
44,96,5.0
44,97,6.853871964321762
44,98,5.0
44,99,5.0
44,100,5.494850021680094
44,101,5.638272163982407
44,102,5.0
44,103,7.229147988357856
44,104,5.619788758288394
44,105,6.657577319177793
44,106,5.4089353929735005
44,107,5.522878745280337
44,108,6.013228265733755
44,109,5.619788758288394
44,110,6.113509274827518
44,111,6.0
44,112,6.180456064458132
44,113,5.853871964321762
44,114,5.337242168318426
44,115,5.619788758288394
44,116,5.0
44,117,7.00436480540245
44,118,6.2076083105017466
44,119,6.4089353929735005
44,120,6.008773924307505
44,121,5.508638306165727
44,122,6.6777807052660805
44,123,5.0
44,124,6.6020599913279625
44,125,5.721246399047171
44,126,6.251811972993799
44,127,5.0
44,128,5.0
44,129,5.045757490560675
44,130,5.537602002101044
44,131,6.920818753952375
44,132,5.0
44,133,5.0
44,134,5.0
44,135,5.0
44,136,5.0
44,137,5.0
44,138,5.0
44,139,5.0
44,140,5.0
44,141,5.0
44,142,5.0
44,143,6.2441251443275085
44,144,6.6777807052660805
44,145,6.180456064458132
44,146,6.113509274827518
44,147,5.958607314841775
44,148,6.795880017344075
44,149,5.920818753952375
44,150,5.823908740944319
44,151,6.200659450546418
44,152,6.251811972993799
44,153,5.853871964321762
44,154,5.920818753952375
44,155,5.017728766960431
44,156,6.619788758288394
44,157,6.2441251443275085
44,158,6.522878745280337
44,159,6.494850021680094
44,160,5.0
44,161,6.031517051446065
44,162,5.0
44,163,5.853871964321762
44,164,5.0
44,165,5.0
44,166,6.721246399047171
44,167,6.522878745280337
44,168,6.455931955649724
44,169,6.886056647693163
44,170,5.657577319177793
44,171,5.6777807052660805
44,172,5.0
44,173,5.0
44,174,5.0
44,175,5.0
44,176,5.0
44,177,5.0
44,178,5.0
44,179,5.0
44,180,5.431798275933005
44,181,6.0
44,182,5.366531544420414
44,183,5.0
44,184,6.522878745280337
44,185,5.431798275933005
44,186,7.958607314841775
44,187,7.0655015487564325
44,188,5.0
44,189,5.0
44,190,5.0
44,191,6.443697499232713
44,192,5.795880017344075
44,193,5.455931955649724
44,194,6.522878745280337
44,195,6.537602002101044
44,196,6.585026652029182
44,197,5.769551078621726
44,198,5.0
44,199,5.0
44,200,5.3979400086720375
44,201,6.698970004336019
44,202,5.0
44,203,5.0
44,204,5.0
44,205,7.113509274827518
44,206,6.537602002101044
44,207,5.769551078621726
44,208,5.853871964321762
44,209,6.251811972993799
44,210,5.0
44,211,5.0
44,212,5.6020599913279625
44,213,5.0
44,214,6.060480747381382
44,215,6.1938200260161125
44,216,5.0
44,217,7.0
44,218,5.0
44,219,5.886056647693163
44,220,5.0
44,221,5.0
44,222,5.0
44,223,5.0
44,224,5.2076083105017466
44,225,5.0
44,226,5.0
44,227,5.0
44,228,7.292429823902063
44,229,6.6777807052660805
44,230,7.036212172654444
44,231,6.091514981121351
44,232,8.136677139879543
44,233,5.0
44,234,6.769551078621726
44,235,5.327902142064283
44,236,5.0
44,237,5.0
44,238,5.0
44,239,6.7447274948966935
44,240,5.0
44,241,5.173925197299173
44,242,6.086186147616283
44,243,6.443697499232713
44,244,5.537602002101044
44,245,5.0
44,246,5.0
44,247,5.0
44,248,5.0
44,249,5.0
44,250,5.0
44,251,5.585026652029182
44,252,5.0
44,253,5.431798275933005
44,254,8.522878745280337
44,255,5.0
44,256,6.481486060122113
44,257,5.0
44,258,5.0
44,259,6.080921907623926
44,260,5.6777807052660805
44,261,5.0
44,262,5.0
44,263,5.0
44,264,5.0
44,265,5.0
44,266,5.0
44,267,5.0
44,268,5.0
44,269,5.0
44,270,5.0
44,271,5.0
44,272,5.0
44,273,6.318758762624412
44,274,5.0
44,275,5.0
44,276,5.0
44,277,5.0
44,278,5.0
44,279,5.0
44,280,5.494850021680094
44,281,5.0
44,282,6.0
44,283,5.958607314841775
44,284,6.2839966563652006
44,285,5.0
44,286,5.0
44,287,5.0
44,288,6.657577319177793
44,289,7.107905397309519
44,290,5.0
44,291,6.309803919971486
44,292,5.0
44,293,5.0
44,294,5.0
44,295,5.0
44,296,6.119186407719209
44,297,6.657577319177793
44,298,6.823908740944319
44,299,6.823908740944319
44,300,6.698970004336019
44,301,6.721246399047171
44,302,6.638272163982407
44,303,6.721246399047171
44,304,6.42021640338319
44,305,6.356547323513812
44,306,6.7447274948966935
44,307,6.443697499232713
44,308,6.853871964321762
44,309,6.920818753952375
44,310,7.508638306165727
44,311,7.376750709602099
44,312,6.026872146400302
44,313,5.823908740944319
44,314,6.619788758288394
44,315,5.522878745280337
44,316,5.0
44,317,7.744727494896693
44,318,5.0
44,319,6.107905397309519
44,320,5.431798275933005
44,321,5.0
44,322,5.0
44,323,5.0
44,324,5.0
44,325,5.537602002101044
44,326,5.0
44,327,5.853871964321762
44,328,5.6020599913279625
44,329,7.154901959985743
44,330,5.0
44,331,8.045757490560675
44,332,6.091514981121351
44,333,5.0
44,334,5.0
44,335,5.0
44,336,5.0
44,337,5.0
44,338,5.0
44,339,6.2839966563652006
44,340,5.657577319177793
44,341,5.0
44,342,5.0
44,343,5.0
44,344,5.537602002101044
44,345,5.0
44,346,8.318758762624412
44,347,8.397940008672037
44,348,6.455931955649724
44,349,6.468521082957745
44,350,5.0
44,351,5.040958607678906
44,352,5.0
44,353,5.0
44,354,7.113509274827518
44,355,6.537602002101044
44,356,6.292429823902063
44,357,5.0
44,358,5.0
44,359,5.920818753952375
44,360,5.0
44,361,7.187086643357144
44,362,5.0
44,363,5.823908740944319
44,364,5.6777807052660805
44,365,5.0
44,366,6.698970004336019
44,367,5.0
44,368,5.0
44,369,6.214670164989233
44,370,5.136677139879544
44,371,5.318758762624412
44,372,5.0
44,373,5.0
44,374,5.0
44,375,6.494850021680094
44,376,6.2839966563652006
44,377,7.075720713938118
44,378,5.443697499232713
44,379,5.0
44,380,6.657577319177793
44,381,5.0
44,382,5.0
44,383,5.0
44,384,5.0
44,385,5.3979400086720375
44,386,5.346787486224656
44,387,6.301029995663981
44,388,5.0
44,389,5.0
44,390,5.0
44,391,5.795880017344075
44,392,6.886056647693163
44,393,6.4089353929735005
44,394,6.309803919971486
44,395,5.0
44,396,5.0
44,397,6.522878745280337
44,398,7.0
44,399,6.6020599913279625
44,400,5.0
44,401,5.657577319177793
44,402,5.0
44,403,5.0
44,404,6.568636235841013
44,405,5.920818753952375
44,406,5.017728766960431
44,407,6.055517327849832
44,408,5.0655015487564325
44,409,5.552841968657781
44,410,5.0
44,411,5.0
44,412,5.0
44,413,6.200659450546418
44,414,6.481486060122113
44,415,6.552841968657781
44,416,5.468521082957745
44,417,5.0
44,418,5.0
44,419,5.309803919971486
44,420,5.00436480540245
44,421,5.920818753952375
44,422,5.0
44,423,5.0
44,424,5.0
44,425,6.161150909262744
44,426,5.853871964321762
44,427,5.0
44,428,6.795880017344075
44,429,5.0
44,430,8.292429823902063
44,431,5.7447274948966935
44,432,5.0
45,0,5.537602002101044
45,1,6.096910013008056
45,2,5.0
45,3,5.568636235841013
45,4,6.154901959985743
45,5,6.251811972993799
45,6,6.275724130399211
45,7,5.6777807052660805
45,8,6.318758762624412
45,9,6.187086643357144
45,10,5.522878745280337
45,11,5.0
45,12,5.0
45,13,5.0
45,14,5.619788758288394
45,15,5.0
45,16,5.0
45,17,5.0
45,18,5.0
45,19,5.0
45,20,5.0
45,21,5.657577319177793
45,22,5.0
45,23,5.0
45,24,5.0
45,25,5.0
45,26,5.0
45,27,5.0
45,28,5.1487416512809245
45,29,5.0
45,30,6.1249387366083
45,31,5.0
45,32,5.055517327849831
45,33,5.585026652029182
45,34,5.0
45,35,6.0
45,36,5.0
45,37,5.0
45,38,6.136677139879544
45,39,6.366531544420414
45,40,5.638272163982407
45,41,5.0
45,42,5.0
45,43,5.0
45,44,5.6777807052660805
45,45,5.0
45,46,5.431798275933005
45,47,5.0
45,48,5.0
45,49,5.0
45,50,5.0
45,51,5.0
45,52,5.0
45,53,5.0
45,54,5.0
45,55,5.6777807052660805
45,56,5.886056647693163
45,57,5.0
45,58,5.0
45,59,5.0
45,60,5.0
45,61,5.0
45,62,5.0
45,63,5.0
45,64,5.0
45,65,5.0
45,66,5.0
45,67,5.0
45,68,5.0
45,69,5.0
45,70,5.0
45,71,5.0
45,72,5.0
45,73,5.0
45,74,5.0
45,75,5.0
45,76,8.102372908709558
45,77,5.0
45,78,5.0
45,79,5.0
45,80,5.0
45,81,5.0
45,82,5.0
45,83,5.0
45,84,5.0
45,85,5.0
45,86,5.0
45,87,5.0
45,88,5.0
45,89,5.0
45,90,5.0
45,91,5.0
45,92,5.0
45,93,5.0
45,94,7.244125144327507
45,95,7.008773924307505
45,96,5.0
45,97,5.0
45,98,5.0
45,99,5.0
45,100,5.0
45,101,5.0
45,102,5.0
45,103,5.0
45,104,5.0
45,105,5.0
45,106,5.0
45,107,5.0
45,108,5.0
45,109,5.0
45,110,5.0
45,111,5.0
45,112,5.0
45,113,5.0
45,114,5.0
45,115,5.0
45,116,5.0
45,117,5.0
45,118,5.0
45,119,5.0
45,120,5.0
45,121,5.0
45,122,5.0
45,123,5.0
45,124,5.0
45,125,5.0
45,126,5.0
45,127,5.0
45,128,5.0
45,129,7.091514981121351
45,130,5.0
45,131,5.0
45,132,5.0
45,133,5.0
45,134,5.0
45,135,5.0
45,136,5.0
45,137,5.0
45,138,5.0
45,139,5.0
45,140,5.0
45,141,5.568636235841013
45,142,5.853871964321762
45,143,6.00436480540245
45,144,6.6777807052660805
45,145,6.130768280269024
45,146,6.2076083105017466
45,147,5.552841968657781
45,148,5.795880017344075
45,149,7.853871964321762
45,150,5.958607314841775
45,151,5.958607314841775
45,152,6.091514981121351
45,153,6.130768280269024
45,154,5.795880017344075
45,155,5.017728766960431
45,156,7.568636235841013
45,157,6.1249387366083
45,158,5.568636235841013
45,159,6.698970004336019
45,160,5.0
45,161,5.0
45,162,5.0
45,163,5.0
45,164,5.0
45,165,5.0
45,166,5.2441251443275085
45,167,5.0
45,168,5.0
45,169,5.0
45,170,5.0
45,171,6.1249387366083
45,172,5.0
45,173,5.0
45,174,5.0
45,175,5.0
45,176,5.0
45,177,5.0
45,178,5.0
45,179,5.0
45,180,5.229147988357856
45,181,6.096910013008056
45,182,5.0
45,183,5.0
45,184,5.0
45,185,5.0
45,186,5.769551078621726
45,187,5.161150909262744
45,188,5.698970004336019
45,189,5.0
45,190,5.721246399047171
45,191,8.55284196865778
45,192,7.481486060122113
45,193,6.0
45,194,6.301029995663981
45,195,8.744727494896694
45,196,8.638272163982407
45,197,8.187086643357144
45,198,7.522878745280337
45,199,5.0
45,200,5.0
45,201,5.920818753952375
45,202,6.142667503568732
45,203,6.4089353929735005
45,204,5.0
45,205,7.075720713938118
45,206,5.0
45,207,5.0
45,208,5.167491087293763
45,209,5.958607314841775
45,210,5.0
45,211,5.0
45,212,5.537602002101044
45,213,5.0
45,214,6.537602002101044
45,215,5.0
45,216,5.0
45,217,5.568636235841013
45,218,5.795880017344075
45,219,5.657577319177793
45,220,5.522878745280337
45,221,5.0
45,222,5.0
45,223,5.0
45,224,5.0
45,225,5.3979400086720375
45,226,5.0
45,227,5.0
45,228,5.0
45,229,5.0
45,230,5.0
45,231,6.229147988357856
45,232,6.318758762624412
45,233,5.3872161432802645
45,234,5.0
45,235,5.481486060122113
45,236,5.698970004336019
45,237,5.468521082957745
45,238,5.6777807052660805
45,239,5.0
45,240,5.0
45,241,5.0
45,242,5.0
45,243,5.0
45,244,6.537602002101044
45,245,5.6777807052660805
45,246,6.130768280269024
45,247,5.0
45,248,5.0
45,249,5.0
45,250,5.0
45,251,5.0
45,252,5.0
45,253,5.0
45,254,5.0
45,255,5.0
45,256,5.0
45,257,5.698970004336019
45,258,5.0
45,259,5.0
45,260,5.0
45,261,5.0
45,262,5.0
45,263,5.0
45,264,5.0
45,265,6.008773924307505
45,266,5.0
45,267,5.0
45,268,5.136677139879544
45,269,5.0
45,270,5.0
45,271,5.0
45,272,5.0
45,273,5.356547323513812
45,274,5.0
45,275,5.0
45,276,5.0
45,277,5.0
45,278,5.0
45,279,5.0
45,280,5.0
45,281,5.0
45,282,5.0
45,283,5.0
45,284,5.0
45,285,5.920818753952375
45,286,5.0
45,287,5.0
45,288,8.309803919971486
45,289,8.698970004336019
45,290,5.0
45,291,6.431798275933005
45,292,5.0
45,293,5.0
45,294,5.0
45,295,5.0
45,296,5.0
45,297,5.0
45,298,5.0
45,299,5.0
45,300,5.0
45,301,5.0
45,302,5.0
45,303,5.0
45,304,5.0
45,305,5.0
45,306,5.0
45,307,5.0
45,308,5.0
45,309,5.0
45,310,5.0
45,311,5.0
45,312,6.017728766960432
45,313,5.0
45,314,5.0
45,315,5.0
45,316,5.0
45,317,5.721246399047171
45,318,5.0
45,319,6.552841968657781
45,320,5.0
45,321,5.0
45,322,5.0
45,323,5.0
45,324,5.0
45,325,5.0
45,326,5.0
45,327,5.0
45,328,5.0
45,329,6.537602002101044
45,330,5.0
45,331,5.0
45,332,5.0
45,333,5.0
45,334,5.0
45,335,5.0
45,336,5.0
45,337,5.0
45,338,5.0
45,339,5.0
45,340,5.721246399047171
45,341,5.0
45,342,5.0
45,343,5.0
45,344,5.0
45,345,6.045757490560675
45,346,6.508638306165727
45,347,6.568636235841013
45,348,5.229147988357856
45,349,5.638272163982407
45,350,5.0
45,351,6.214670164989233
45,352,5.0
45,353,6.585026652029182
45,354,6.236572006437063
45,355,5.0
45,356,5.0
45,357,5.0
45,358,5.0
45,359,6.036212172654444
45,360,5.0
45,361,5.0
45,362,5.0
45,363,5.0
45,364,5.0
45,365,5.0
45,366,5.0
45,367,5.0
45,368,5.0
45,369,5.0
45,370,5.0
45,371,5.0
45,372,5.0
45,373,5.0
45,374,5.0
45,375,5.657577319177793
45,376,5.136677139879544
45,377,6.619788758288394
45,378,5.0
45,379,5.0
45,380,5.552841968657781
45,381,5.6020599913279625
45,382,5.0
45,383,5.0
45,384,5.0
45,385,6.443697499232713
45,386,5.0
45,387,5.0
45,388,6.327902142064283
45,389,5.0
45,390,5.327902142064283
45,391,5.0
45,392,6.619788758288394
45,393,5.7447274948966935
45,394,7.346787486224656
45,395,5.0
45,396,5.0
45,397,5.0
45,398,5.0
45,399,5.522878745280337
45,400,6.154901959985743
45,401,5.481486060122113
45,402,5.0
45,403,5.0
45,404,6.508638306165727
45,405,5.0
45,406,5.0
45,407,5.0
45,408,5.0
45,409,5.0
45,410,5.0
45,411,5.0
45,412,5.0
45,413,6.823908740944319
45,414,5.585026652029182
45,415,5.468521082957745
45,416,5.0
45,417,5.0
45,418,5.0
45,419,5.0
45,420,5.0
45,421,7.853871964321762
45,422,5.0
45,423,5.0
45,424,5.0
45,425,5.0
45,426,5.0
45,427,5.0
45,428,5.301029995663981
45,429,5.0
45,430,6.026872146400302
45,431,5.0
45,432,5.0
46,0,5.040958607678906
46,1,5.0
46,2,5.0
46,3,5.0
46,4,5.0
46,5,5.0
46,6,5.0
46,7,5.0
46,8,5.0
46,9,5.0
46,10,5.0
46,11,5.0
46,12,5.0
46,13,5.0
46,14,5.0
46,15,5.0
46,16,5.0
46,17,5.0
46,18,5.0
46,19,5.0
46,20,5.0
46,21,5.0
46,22,5.0
46,23,5.0
46,24,5.0
46,25,5.0
46,26,5.0
46,27,5.0
46,28,5.0
46,29,5.0
46,30,5.0
46,31,5.0
46,32,5.0
46,33,5.0
46,34,5.0
46,35,5.0
46,36,5.0
46,37,5.0
46,38,5.0
46,39,5.0
46,40,5.0
46,41,5.0
46,42,5.0
46,43,5.0
46,44,5.327902142064283
46,45,5.0
46,46,5.167491087293763
46,47,5.0
46,48,5.0
46,49,5.0
46,50,5.0
46,51,5.0
46,52,5.0
46,53,5.0
46,54,5.0
46,55,5.0
46,56,5.0
46,57,5.0
46,58,5.0
46,59,5.0
46,60,5.0
46,61,5.0
46,62,5.0
46,63,5.0
46,64,5.0
46,65,5.0
46,66,5.0
46,67,5.0
46,68,5.0
46,69,5.0
46,70,5.0
46,71,5.0
46,72,5.958607314841775
46,73,6.221848749616356
46,74,5.0
46,75,5.823908740944319
46,76,5.0
46,77,5.0
46,78,5.0
46,79,5.0
46,80,5.920818753952375
46,81,5.920818753952375
46,82,5.0
46,83,5.0
46,84,5.0
46,85,5.0
46,86,5.619788758288394
46,87,5.0
46,88,5.3979400086720375
46,89,5.0
46,90,5.7447274948966935
46,91,5.0
46,92,5.0
46,93,5.0
46,94,5.0
46,95,5.0
46,96,5.0
46,97,5.0
46,98,5.0
46,99,5.0
46,100,5.0
46,101,5.0
46,102,5.42021640338319
46,103,5.119186407719209
46,104,5.0
46,105,5.0
46,106,5.0
46,107,5.0
46,108,5.0
46,109,5.0
46,110,5.0
46,111,5.0
46,112,5.0
46,113,5.0
46,114,5.0
46,115,5.0
46,116,5.0
46,117,5.0
46,118,5.0
46,119,5.0
46,120,5.0
46,121,5.0
46,122,5.0
46,123,5.0
46,124,5.0
46,125,5.0
46,126,5.0
46,127,5.0
46,128,5.0
46,129,5.795880017344075
46,130,5.0
46,131,5.0
46,132,5.0
46,133,5.0
46,134,5.0
46,135,5.0
46,136,5.0
46,137,5.0
46,138,5.0
46,139,5.0
46,140,5.0
46,141,5.0
46,142,5.0
46,143,5.0
46,144,5.0
46,145,5.0
46,146,5.0
46,147,5.0
46,148,5.0
46,149,5.0
46,150,5.585026652029182
46,151,5.769551078621726
46,152,6.1487416512809245
46,153,5.585026652029182
46,154,5.4089353929735005
46,155,5.0
46,156,5.0
46,157,5.0
46,158,5.0
46,159,5.568636235841013
46,160,5.0
46,161,5.0
46,162,5.0
46,163,5.0
46,164,5.0
46,165,5.0
46,166,5.0
46,167,5.958607314841775
46,168,6.2839966563652006
46,169,6.221848749616356
46,170,5.301029995663981
46,171,5.0
46,172,5.0
46,173,5.031517051446065
46,174,5.0
46,175,5.0
46,176,5.0
46,177,5.0
46,178,5.0
46,179,5.0
46,180,5.0
46,181,5.769551078621726
46,182,5.0
46,183,5.0
46,184,5.0
46,185,6.366531544420414
46,186,5.0
46,187,5.0
46,188,5.823908740944319
46,189,5.7447274948966935
46,190,6.251811972993799
46,191,5.0
46,192,5.0
46,193,5.0
46,194,5.0
46,195,5.0
46,196,5.0
46,197,5.0
46,198,5.0
46,199,5.0
46,200,5.0
46,201,5.0
46,202,5.0
46,203,5.0
46,204,5.0
46,205,5.0
46,206,5.0
46,207,5.0
46,208,5.0
46,209,5.0
46,210,5.0
46,211,5.0
46,212,5.0
46,213,5.0
46,214,5.0
46,215,5.0
46,216,5.0
46,217,5.0
46,218,5.0
46,219,5.0
46,220,5.0
46,221,5.0
46,222,5.0
46,223,5.0
46,224,5.0
46,225,5.0
46,226,5.0
46,227,5.0
46,228,5.0
46,229,5.0
46,230,5.0
46,231,5.0
46,232,5.0
46,233,5.0
46,234,5.2441251443275085
46,235,5.0
46,236,5.0
46,237,5.0
46,238,5.0
46,239,5.0
46,240,5.0
46,241,5.0
46,242,5.0
46,243,5.0
46,244,5.0
46,245,5.0
46,246,5.0
46,247,5.0
46,248,5.0
46,249,5.0
46,250,5.0
46,251,5.0
46,252,5.0
46,253,5.0
46,254,6.698970004336019
46,255,5.0
46,256,5.0
46,257,5.0
46,258,6.107905397309519
46,259,5.0
46,260,5.0
46,261,5.0
46,262,5.0
46,263,5.0
46,264,5.0
46,265,5.0
46,266,5.0
46,267,5.0
46,268,5.0
46,269,5.0
46,270,5.0
46,271,5.0
46,272,5.0
46,273,5.0
46,274,5.0
46,275,5.0
46,276,5.0
46,277,5.0
46,278,5.0
46,279,5.0
46,280,5.0
46,281,5.0
46,282,5.0
46,283,5.0
46,284,5.0
46,285,5.958607314841775
46,286,5.0
46,287,5.337242168318426
46,288,5.0
46,289,5.0
46,290,5.0
46,291,5.0
46,292,5.0
46,293,5.0
46,294,5.0
46,295,5.0
46,296,5.0
46,297,6.886056647693163
46,298,6.522878745280337
46,299,8.958607314841775
46,300,8.823908740944319
46,301,8.823908740944319
46,302,9.065501548756432
46,303,8.920818753952375
46,304,8.431798275933005
46,305,8.387216143280265
46,306,8.148741651280925
46,307,8.346787486224656
46,308,8.769551078621726
46,309,7.795880017344075
46,310,8.301029995663981
46,311,7.318758762624412
46,312,5.0
46,313,5.0
46,314,5.0
46,315,5.0
46,316,5.0
46,317,5.0
46,318,5.0
46,319,5.0
46,320,5.0
46,321,5.0
46,322,5.0
46,323,5.0
46,324,5.0
46,325,5.0
46,326,5.0
46,327,5.0
46,328,5.0
46,329,5.585026652029182
46,330,5.0
46,331,5.0
46,332,5.0
46,333,5.0
46,334,5.0
46,335,5.0
46,336,5.0
46,337,5.0
46,338,5.0
46,339,5.0
46,340,5.0
46,341,5.0
46,342,5.0
46,343,5.0
46,344,5.0
46,345,5.0
46,346,5.0
46,347,5.0
46,348,5.0
46,349,5.0
46,350,5.0
46,351,6.173925197299173
46,352,5.0
46,353,5.0
46,354,5.0
46,355,5.0
46,356,5.0
46,357,5.0
46,358,5.0
46,359,5.0
46,360,5.0
46,361,5.0
46,362,5.0
46,363,5.0
46,364,5.0
46,365,5.0
46,366,5.522878745280337
46,367,5.0
46,368,5.0
46,369,5.267606240177032
46,370,5.0
46,371,5.0
46,372,5.0
46,373,5.0
46,374,5.0
46,375,5.0
46,376,5.0
46,377,5.0
46,378,5.0
46,379,5.0
46,380,5.0
46,381,5.0
46,382,5.0
46,383,5.0
46,384,5.0
46,385,5.958607314841775
46,386,5.0
46,387,5.0
46,388,5.0
46,389,5.0
46,390,5.0
46,391,5.0
46,392,5.0
46,393,5.0
46,394,5.0
46,395,5.0
46,396,5.0
46,397,5.0
46,398,5.0
46,399,5.0
46,400,5.0
46,401,5.0
46,402,5.0
46,403,5.0
46,404,5.0
46,405,5.0
46,406,5.0
46,407,5.0
46,408,5.0
46,409,5.0
46,410,5.0
46,411,5.0
46,412,5.0
46,413,5.366531544420414
46,414,5.0
46,415,5.0
46,416,5.7447274948966935
46,417,5.0
46,418,5.0
46,419,5.0
46,420,5.0
46,421,5.0
46,422,5.0
46,423,5.0
46,424,5.0
46,425,5.0
46,426,5.0
46,427,5.0
46,428,5.0
46,429,5.0
46,430,5.3979400086720375
46,431,5.0
46,432,5.0
47,0,6.3872161432802645
47,1,6.657577319177793
47,2,5.0
47,3,5.0
47,4,6.4089353929735005
47,5,6.4089353929735005
47,6,6.366531544420414
47,7,6.721246399047171
47,8,5.7447274948966935
47,9,6.468521082957745
47,10,6.142667503568732
47,11,5.318758762624412
47,12,5.958607314841775
47,13,5.0
47,14,5.0
47,15,5.0
47,16,5.958607314841775
47,17,7.1938200260161125
47,18,5.0
47,19,5.0
47,20,5.0
47,21,6.619788758288394
47,22,6.522878745280337
47,23,6.1249387366083
47,24,6.481486060122113
47,25,7.1249387366083
47,26,5.0
47,27,5.0
47,28,6.795880017344075
47,29,6.958607314841775
47,30,7.387216143280264
47,31,7.086186147616283
47,32,5.721246399047171
47,33,7.602059991327962
47,34,5.0
47,35,6.142667503568732
47,36,5.0
47,37,6.7447274948966935
47,38,6.619788758288394
47,39,6.42021640338319
47,40,6.443697499232713
47,41,5.0
47,42,5.0
47,43,6.721246399047171
47,44,6.638272163982407
47,45,6.698970004336019
47,46,6.337242168318426
47,47,5.958607314841775
47,48,5.0
47,49,5.522878745280337
47,50,6.036212172654444
47,51,5.0
47,52,5.0
47,53,5.0
47,54,5.0
47,55,5.0
47,56,5.0
47,57,5.0
47,58,5.0
47,59,5.0
47,60,5.0
47,61,5.0
47,62,5.113509274827518
47,63,5.0
47,64,5.0
47,65,5.6777807052660805
47,66,5.229147988357856
47,67,5.0
47,68,5.0
47,69,5.6020599913279625
47,70,5.0
47,71,6.356547323513812
47,72,5.920818753952375
47,73,5.795880017344075
47,74,5.721246399047171
47,75,6.443697499232713
47,76,7.508638306165727
47,77,6.795880017344075
47,78,5.0
47,79,5.0
47,80,5.0
47,81,5.0
47,82,5.0
47,83,5.0
47,84,5.0
47,85,7.1938200260161125
47,86,7.853871964321762
47,87,5.0
47,88,7.259637310505756
47,89,7.207608310501746
47,90,7.886056647693163
47,91,5.0
47,92,5.0
47,93,6.221848749616356
47,94,8.031517051446064
47,95,7.366531544420414
47,96,5.0
47,97,5.0
47,98,5.0
47,99,7.494850021680094
47,100,8.036212172654444
47,101,6.585026652029182
47,102,5.0
47,103,6.327902142064283
47,104,6.522878745280337
47,105,5.958607314841775
47,106,5.0
47,107,5.0
47,108,6.585026652029182
47,109,6.251811972993799
47,110,6.468521082957745
47,111,6.6020599913279625
47,112,7.214670164989233
47,113,6.721246399047171
47,114,6.346787486224656
47,115,7.142667503568732
47,116,5.0
47,117,7.173925197299173
47,118,6.853871964321762
47,119,6.443697499232713
47,120,6.823908740944319
47,121,6.0655015487564325
47,122,6.920818753952375
47,123,7.4089353929735005
47,124,5.886056647693163
47,125,6.4089353929735005
47,126,6.055517327849832
47,127,5.0
47,128,6.221848749616356
47,129,6.508638306165727
47,130,5.0
47,131,5.0
47,132,6.221848749616356
47,133,5.0
47,134,5.0
47,135,5.0
47,136,5.0
47,137,5.0
47,138,6.1938200260161125
47,139,5.795880017344075
47,140,6.6020599913279625
47,141,6.886056647693163
47,142,6.698970004336019
47,143,7.356547323513813
47,144,7.136677139879544
47,145,7.251811972993799
47,146,7.173925197299173
47,147,6.455931955649724
47,148,7.481486060122113
47,149,7.795880017344075
47,150,9.148741651280924
47,151,9.187086643357144
47,152,9.431798275933003
47,153,9.167491087293763
47,154,8.823908740944319
47,155,8.356547323513812
47,156,8.040958607678906
47,157,7.167491087293763
47,158,7.552841968657781
47,159,6.6020599913279625
47,160,8.481486060122112
47,161,6.060480747381382
47,162,6.346787486224656
47,163,5.698970004336019
47,164,5.6020599913279625
47,165,6.920818753952375
47,166,6.823908740944319
47,167,6.086186147616283
47,168,5.318758762624412
47,169,5.494850021680094
47,170,5.552841968657781
47,171,5.853871964321762
47,172,5.0
47,173,5.0
47,174,5.886056647693163
47,175,6.920818753952375
47,176,7.1487416512809245
47,177,7.886056647693163
47,178,5.958607314841775
47,179,5.337242168318426
47,180,8.013228265733755
47,181,7.958607314841775
47,182,6.853871964321762
47,183,6.3979400086720375
47,184,7.67778070526608
47,185,5.0
47,186,8.455931955649724
47,187,7.443697499232713
47,188,7.42021640338319
47,189,7.327902142064283
47,190,7.431798275933005
47,191,8.167491087293763
47,192,8.455931955649724
47,193,8.187086643357144
47,194,8.602059991327963
47,195,8.2518119729938
47,196,8.244125144327509
47,197,7.958607314841775
47,198,6.3872161432802645
47,199,5.0
47,200,5.3979400086720375
47,201,7.522878745280337
47,202,6.2076083105017466
47,203,5.853871964321762
47,204,5.468521082957745
47,205,7.154901959985743
47,206,7.443697499232713
47,207,7.568636235841013
47,208,6.096910013008056
47,209,7.585026652029182
47,210,5.0
47,211,5.0
47,212,5.0
47,213,5.0
47,214,7.026872146400302
47,215,6.823908740944319
47,216,6.075720713938118
47,217,6.173925197299173
47,218,5.619788758288394
47,219,5.0
47,220,5.0
47,221,5.0
47,222,5.0
47,223,6.568636235841013
47,224,6.552841968657781
47,225,5.721246399047171
47,226,7.050609993355087
47,227,5.0
47,228,6.494850021680094
47,229,6.136677139879544
47,230,7.0
47,231,6.698970004336019
47,232,7.387216143280264
47,233,6.318758762624412
47,234,5.0
47,235,6.769551078621726
47,236,6.552841968657781
47,237,6.638272163982407
47,238,6.119186407719209
47,239,5.0
47,240,5.0
47,241,6.638272163982407
47,242,6.886056647693163
47,243,5.0
47,244,8.366531544420413
47,245,8.42021640338319
47,246,7.958607314841775
47,247,5.0
47,248,5.0
47,249,5.0
47,250,6.327902142064283
47,251,5.522878745280337
47,252,5.0
47,253,5.0
47,254,5.0
47,255,7.0
47,256,5.187086643357144
47,257,5.0
47,258,6.091514981121351
47,259,5.0
47,260,5.0
47,261,5.026872146400302
47,262,5.0
47,263,6.769551078621726
47,264,6.769551078621726
47,265,6.585026652029182
47,266,6.769551078621726
47,267,5.7447274948966935
47,268,7.886056647693163
47,269,8.200659450546418
47,270,7.958607314841775
47,271,7.795880017344075
47,272,6.180456064458132
47,273,5.0
47,274,5.508638306165727
47,275,5.0
47,276,5.0
47,277,6.161150909262744
47,278,6.4089353929735005
47,279,6.585026652029182
47,280,6.468521082957745
47,281,6.161150909262744
47,282,7.017728766960432
47,283,6.508638306165727
47,284,7.161150909262744
47,285,5.0
47,286,6.481486060122113
47,287,5.0
47,288,7.221848749616356
47,289,8.481486060122112
47,290,6.920818753952375
47,291,5.0
47,292,5.0
47,293,5.0
47,294,5.0
47,295,5.0
47,296,6.026872146400302
47,297,5.0
47,298,5.0
47,299,5.0
47,300,5.0
47,301,5.0
47,302,5.0
47,303,5.0
47,304,5.0
47,305,5.0
47,306,5.0
47,307,5.0
47,308,5.0
47,309,5.0
47,310,5.376750709602099
47,311,5.0
47,312,6.031517051446065
47,313,5.0
47,314,5.0
47,315,5.0
47,316,5.721246399047171
47,317,6.886056647693163
47,318,5.920818753952375
47,319,6.920818753952375
47,320,6.221848749616356
47,321,6.292429823902063
47,322,5.0
47,323,6.180456064458132
47,324,5.585026652029182
47,325,7.468521082957745
47,326,6.080921907623926
47,327,7.468521082957745
47,328,8.292429823902063
47,329,8.3767507096021
47,330,5.3872161432802645
47,331,5.0
47,332,5.0
47,333,5.0
47,334,5.0
47,335,5.0
47,336,5.0
47,337,5.4089353929735005
47,338,5.0
47,339,5.443697499232713
47,340,6.7447274948966935
47,341,5.0
47,342,5.0
47,343,7.5376020021010435
47,344,5.0
47,345,6.075720713938118
47,346,8.387216143280265
47,347,8.387216143280265
47,348,8.657577319177793
47,349,8.508638306165727
47,350,6.468521082957745
47,351,5.468521082957745
47,352,6.6777807052660805
47,353,5.0
47,354,6.013228265733755
47,355,6.657577319177793
47,356,5.0
47,357,6.229147988357856
47,358,6.251811972993799
47,359,7.5376020021010435
47,360,5.0
47,361,7.356547323513813
47,362,5.0
47,363,6.823908740944319
47,364,6.309803919971486
47,365,5.42021640338319
47,366,5.096910013008056
47,367,5.0
47,368,5.0
47,369,5.0
47,370,5.0
47,371,5.0
47,372,7.031517051446065
47,373,6.721246399047171
47,374,5.0
47,375,7.275724130399211
47,376,7.107905397309519
47,377,7.481486060122113
47,378,7.187086643357144
47,379,5.0
47,380,8.075720713938118
47,381,6.214670164989233
47,382,6.229147988357856
47,383,5.0
47,384,6.3979400086720375
47,385,8.769551078621726
47,386,6.013228265733755
47,387,5.853871964321762
47,388,6.638272163982407
47,389,5.0
47,390,7.721246399047171
47,391,7.309803919971486
47,392,6.309803919971486
47,393,6.1938200260161125
47,394,5.337242168318426
47,395,7.638272163982407
47,396,5.795880017344075
47,397,6.443697499232713
47,398,5.585026652029182
47,399,6.481486060122113
47,400,7.119186407719209
47,401,6.508638306165727
47,402,6.309803919971486
47,403,6.42021640338319
47,404,5.886056647693163
47,405,7.602059991327962
47,406,7.154901959985743
47,407,6.508638306165727
47,408,6.769551078621726
47,409,6.045757490560675
47,410,6.2441251443275085
47,411,5.0
47,412,6.0
47,413,5.958607314841775
47,414,6.853871964321762
47,415,6.721246399047171
47,416,5.0
47,417,5.721246399047171
47,418,7.853871964321762
47,419,7.721246399047171
47,420,8.148741651280925
47,421,7.397940008672037
47,422,5.0
47,423,6.050609993355088
47,424,5.026872146400302
47,425,5.638272163982407
47,426,5.0
47,427,5.0
47,428,7.455931955649724
47,429,5.036212172654444
47,430,7.173925197299173
47,431,5.0
47,432,7.67778070526608
48,0,6.045757490560675
48,1,5.0
48,2,5.0
48,3,5.0
48,4,5.0
48,5,5.0
48,6,5.0
48,7,5.0
48,8,5.0
48,9,5.0
48,10,5.0
48,11,5.0
48,12,5.0
48,13,5.0
48,14,5.0
48,15,5.0
48,16,5.0
48,17,5.0
48,18,5.0
48,19,5.060480747381382
48,20,5.853871964321762
48,21,5.0
48,22,5.0
48,23,5.0
48,24,5.0
48,25,5.7447274948966935
48,26,5.0
48,27,5.0
48,28,5.0
48,29,5.0
48,30,5.0
48,31,5.0
48,32,6.366531544420414
48,33,5.0
48,34,5.0
48,35,5.0
48,36,5.0
48,37,5.0
48,38,5.0
48,39,5.0
48,40,5.0
48,41,5.0
48,42,5.0
48,43,5.0
48,44,5.0
48,45,5.346787486224656
48,46,5.0
48,47,5.346787486224656
48,48,5.0
48,49,5.337242168318426
48,50,5.107905397309519
48,51,5.0
48,52,5.301029995663981
48,53,5.619788758288394
48,54,5.0
48,55,5.0
48,56,5.0
48,57,5.0
48,58,5.0
48,59,5.0
48,60,5.0
48,61,5.0
48,62,5.769551078621726
48,63,5.0
48,64,5.0
48,65,5.0
48,66,5.0
48,67,5.0
48,68,5.3872161432802645
48,69,6.267606240177032
48,70,5.431798275933005
48,71,5.853871964321762
48,72,6.040958607678906
48,73,6.376750709602099
48,74,5.0
48,75,5.721246399047171
48,76,5.0
48,77,5.0
48,78,5.0
48,79,5.0
48,80,5.0
48,81,5.0
48,82,5.0
48,83,5.0
48,84,5.0
48,85,5.0
48,86,5.173925197299173
48,87,5.0
48,88,6.013228265733755
48,89,5.0
48,90,5.096910013008056
48,91,5.0
48,92,5.0
48,93,5.0
48,94,5.0
48,95,5.0
48,96,5.0
48,97,6.552841968657781
48,98,5.0
48,99,5.0
48,100,5.0
48,101,6.6020599913279625
48,102,5.267606240177032
48,103,5.0
48,104,5.0
48,105,5.292429823902063
48,106,5.0
48,107,5.0
48,108,5.0
48,109,5.0
48,110,5.0
48,111,5.0
48,112,5.0
48,113,5.0
48,114,5.0
48,115,5.130768280269024
48,116,5.0
48,117,5.0
48,118,5.0
48,119,5.0
48,120,5.0
48,121,5.0
48,122,5.0
48,123,5.0
48,124,5.0
48,125,5.0
48,126,5.0
48,127,5.0
48,128,5.0
48,129,5.0
48,130,5.0
48,131,5.0
48,132,5.0
48,133,5.0
48,134,5.0
48,135,5.0
48,136,5.0
48,137,5.0
48,138,7.055517327849832
48,139,5.0
48,140,5.0
48,141,5.0
48,142,5.0
48,143,5.0
48,144,5.0
48,145,5.0
48,146,5.0
48,147,5.0
48,148,5.0
48,149,5.0
48,150,5.721246399047171
48,151,6.6777807052660805
48,152,6.886056647693163
48,153,6.481486060122113
48,154,6.008773924307505
48,155,5.886056647693163
48,156,5.0
48,157,5.0
48,158,5.0
48,159,5.958607314841775
48,160,5.0
48,161,6.096910013008056
48,162,6.229147988357856
48,163,6.508638306165727
48,164,5.0
48,165,5.585026652029182
48,166,5.0
48,167,6.638272163982407
48,168,6.853871964321762
48,169,7.113509274827518
48,170,5.0
48,171,5.585026652029182
48,172,5.0
48,173,6.619788758288394
48,174,5.0
48,175,5.0
48,176,5.0
48,177,5.0
48,178,5.0
48,179,5.0
48,180,5.0
48,181,5.0
48,182,5.0
48,183,5.0
48,184,5.0
48,185,5.0
48,186,5.0
48,187,5.920818753952375
48,188,5.0
48,189,5.0
48,190,5.0
48,191,5.0
48,192,5.3872161432802645
48,193,5.823908740944319
48,194,6.119186407719209
48,195,5.102372908709558
48,196,5.0
48,197,5.008773924307505
48,198,5.0
48,199,5.585026652029182
48,200,6.1938200260161125
48,201,5.0
48,202,5.0
48,203,5.0
48,204,5.229147988357856
48,205,6.552841968657781
48,206,5.0
48,207,5.013228265733755
48,208,5.0
48,209,5.0
48,210,5.0
48,211,5.0
48,212,5.0
48,213,5.0
48,214,6.1487416512809245
48,215,6.769551078621726
48,216,5.0
48,217,6.537602002101044
48,218,5.075720713938118
48,219,5.0
48,220,5.0
48,221,5.0
48,222,5.0
48,223,5.0
48,224,5.0
48,225,5.0
48,226,5.0
48,227,5.0
48,228,5.0
48,229,5.0
48,230,5.0
48,231,6.031517051446065
48,232,5.958607314841775
48,233,5.4089353929735005
48,234,5.0
48,235,5.0
48,236,5.0
48,237,5.0
48,238,5.0
48,239,6.508638306165727
48,240,5.0
48,241,5.1487416512809245
48,242,5.0
48,243,5.0
48,244,5.853871964321762
48,245,5.0
48,246,5.0
48,247,5.0
48,248,5.0
48,249,5.0
48,250,5.0
48,251,6.017728766960432
48,252,5.0
48,253,5.0
48,254,5.0
48,255,5.0
48,256,6.537602002101044
48,257,5.0
48,258,5.0
48,259,5.0
48,260,5.0
48,261,5.0
48,262,5.0
48,263,5.0
48,264,5.0
48,265,5.0
48,266,5.0
48,267,5.0
48,268,5.0
48,269,5.0
48,270,5.0
48,271,5.0
48,272,5.0
48,273,5.0
48,274,5.0
48,275,5.0
48,276,5.0
48,277,5.0
48,278,5.0
48,279,5.0
48,280,5.0
48,281,5.0
48,282,5.0
48,283,5.0
48,284,5.0
48,285,5.585026652029182
48,286,5.0
48,287,5.0
48,288,5.0
48,289,5.0
48,290,6.154901959985743
48,291,5.0
48,292,5.0
48,293,5.0
48,294,5.0
48,295,5.431798275933005
48,296,5.0
48,297,5.0
48,298,5.0
48,299,5.0
48,300,5.0
48,301,5.0
48,302,5.0
48,303,5.0
48,304,5.0
48,305,5.0
48,306,5.0
48,307,5.0
48,308,5.0
48,309,5.0
48,310,5.0
48,311,5.0
48,312,5.0
48,313,6.568636235841013
48,314,5.769551078621726
48,315,7.920818753952375
48,316,6.161150909262744
48,317,6.292429823902063
48,318,6.080921907623926
48,319,5.0
48,320,5.267606240177032
48,321,5.494850021680094
48,322,5.0
48,323,6.455931955649724
48,324,5.823908740944319
48,325,5.0
48,326,5.0
48,327,5.0
48,328,5.0
48,329,5.327902142064283
48,330,8.443697499232712
48,331,7.958607314841775
48,332,5.7447274948966935
48,333,5.853871964321762
48,334,8.602059991327963
48,335,5.0
48,336,6.050609993355088
48,337,5.0
48,338,5.0
48,339,5.508638306165727
48,340,5.0
48,341,5.0
48,342,5.795880017344075
48,343,5.0
48,344,5.0
48,345,5.0
48,346,5.0
48,347,5.0
48,348,5.0
48,349,5.0
48,350,6.091514981121351
48,351,5.0
48,352,6.187086643357144
48,353,5.0
48,354,5.0
48,355,5.0
48,356,5.0
48,357,5.0
48,358,5.0
48,359,5.236572006437063
48,360,5.214670164989233
48,361,5.0
48,362,5.886056647693163
48,363,5.0
48,364,6.3979400086720375
48,365,5.0
48,366,5.443697499232713
48,367,6.552841968657781
48,368,5.0
48,369,5.638272163982407
48,370,5.0
48,371,6.6777807052660805
48,372,5.0
48,373,5.0
48,374,5.853871964321762
48,375,5.0
48,376,5.0
48,377,6.3979400086720375
48,378,6.494850021680094
48,379,5.0
48,380,5.0
48,381,5.0
48,382,5.920818753952375
48,383,5.958607314841775
48,384,5.795880017344075
48,385,5.0
48,386,5.585026652029182
48,387,5.0
48,388,5.0
48,389,5.0
48,390,5.0
48,391,5.0
48,392,5.7447274948966935
48,393,5.4089353929735005
48,394,7.013228265733755
48,395,6.013228265733755
48,396,5.0
48,397,5.0
48,398,5.0
48,399,5.0
48,400,5.0
48,401,5.0
48,402,5.6777807052660805
48,403,5.0
48,404,5.0
48,405,5.0
48,406,5.0
48,407,5.0
48,408,5.0
48,409,5.0
48,410,5.0
48,411,5.0
48,412,5.0
48,413,5.0
48,414,5.0
48,415,5.0
48,416,5.0
48,417,5.0
48,418,5.0
48,419,5.0
48,420,5.0
48,421,5.0
48,422,5.0
48,423,5.0
48,424,5.0
48,425,5.0
48,426,5.0
48,427,5.0
48,428,5.0
48,429,5.0
48,430,7.318758762624412
48,431,5.0
48,432,5.0
49,0,6.920818753952375
49,1,5.657577319177793
49,2,5.0
49,3,5.657577319177793
49,4,5.0
49,5,5.2076083105017466
49,6,5.455931955649724
49,7,5.0
49,8,5.0
49,9,5.0
49,10,5.0
49,11,5.0
49,12,5.0
49,13,5.0
49,14,5.0
49,15,5.0
49,16,5.0
49,17,5.0
49,18,5.0
49,19,5.0
49,20,5.0
49,21,5.823908740944319
49,22,5.0
49,23,5.0
49,24,6.4089353929735005
49,25,5.0
49,26,5.0
49,27,5.0
49,28,5.0
49,29,5.0
49,30,5.060480747381382
49,31,5.0
49,32,6.6777807052660805
49,33,5.0
49,34,5.0
49,35,5.7447274948966935
49,36,6.031517051446065
49,37,5.0
49,38,5.657577319177793
49,39,5.376750709602099
49,40,5.0
49,41,5.0
49,42,5.0
49,43,5.0
49,44,6.327902142064283
49,45,6.920818753952375
49,46,5.657577319177793
49,47,7.337242168318426
49,48,6.508638306165727
49,49,7.045757490560675
49,50,7.0
49,51,5.0
49,52,5.0
49,53,5.0
49,54,5.823908740944319
49,55,5.0
49,56,5.0
49,57,5.0
49,58,5.0
49,59,5.0
49,60,5.0
49,61,5.0
49,62,5.481486060122113
49,63,5.0
49,64,5.0
49,65,5.0
49,66,5.0
49,67,5.0
49,68,5.0
49,69,5.0
49,70,5.0
49,71,5.0
49,72,5.0
49,73,6.337242168318426
49,74,5.0
49,75,5.769551078621726
49,76,5.0
49,77,5.0
49,78,5.7447274948966935
49,79,5.0
49,80,5.0
49,81,5.0
49,82,5.0
49,83,5.0
49,84,5.0
49,85,5.376750709602099
49,86,5.481486060122113
49,87,5.0
49,88,7.142667503568732
49,89,7.013228265733755
49,90,7.050609993355087
49,91,7.167491087293763
49,92,6.119186407719209
49,93,6.585026652029182
49,94,5.0
49,95,5.0
49,96,5.0
49,97,5.455931955649724
49,98,5.0
49,99,5.2076083105017466
49,100,5.455931955649724
49,101,6.040958607678906
49,102,5.0
49,103,5.431798275933005
49,104,5.0
49,105,5.0
49,106,5.0
49,107,5.0
49,108,5.0
49,109,5.0
49,110,5.0
49,111,5.0
49,112,5.0
49,113,5.0
49,114,5.0
49,115,5.0
49,116,5.0
49,117,5.0
49,118,5.0
49,119,5.214670164989233
49,120,5.0
49,121,5.0
49,122,5.0
49,123,5.0
49,124,5.0
49,125,5.0
49,126,5.0
49,127,5.0
49,128,5.0
49,129,5.508638306165727
49,130,5.0
49,131,5.0
49,132,5.0
49,133,5.0
49,134,5.0
49,135,5.0
49,136,5.0
49,137,5.0
49,138,5.0
49,139,5.6020599913279625
49,140,5.0
49,141,5.0
49,142,5.0
49,143,5.0
49,144,5.0
49,145,5.0
49,146,5.0
49,147,5.0
49,148,5.0
49,149,5.0
49,150,5.0
49,151,5.0
49,152,5.0
49,153,5.0
49,154,5.0
49,155,5.0
49,156,5.0
49,157,5.0
49,158,5.0
49,159,7.00436480540245
49,160,5.0
49,161,6.136677139879544
49,162,5.214670164989233
49,163,6.267606240177032
49,164,5.0
49,165,5.0
49,166,5.0
49,167,5.920818753952375
49,168,6.0
49,169,5.920818753952375
49,170,5.0
49,171,5.0
49,172,5.0
49,173,5.0
49,174,5.0
49,175,5.0
49,176,5.638272163982407
49,177,5.920818753952375
49,178,5.0
49,179,5.0
49,180,6.537602002101044
49,181,5.0
49,182,5.0
49,183,5.0
49,184,8.468521082957745
49,185,5.0
49,186,10.443697499232712
49,187,8.698970004336019
49,188,5.318758762624412
49,189,5.0
49,190,5.0
49,191,5.0
49,192,5.200659450546418
49,193,5.200659450546418
49,194,5.1487416512809245
49,195,5.0
49,196,5.0
49,197,5.0
49,198,5.0
49,199,5.0
49,200,5.0
49,201,5.0
49,202,5.0
49,203,5.0
49,204,5.0
49,205,5.0
49,206,6.537602002101044
49,207,7.045757490560675
49,208,6.356547323513812
49,209,5.0
49,210,5.0
49,211,5.0
49,212,5.376750709602099
49,213,5.958607314841775
49,214,7.387216143280264
49,215,6.823908740944319
49,216,5.0
49,217,5.698970004336019
49,218,5.0
49,219,5.0
49,220,5.0
49,221,5.0
49,222,5.0
49,223,5.0
49,224,6.180456064458132
49,225,5.0
49,226,5.0
49,227,6.2839966563652006
49,228,5.721246399047171
49,229,5.3979400086720375
49,230,6.327902142064283
49,231,5.7447274948966935
49,232,5.0
49,233,5.0
49,234,5.657577319177793
49,235,5.0
49,236,5.0
49,237,5.0
49,238,5.0
49,239,5.0
49,240,5.0
49,241,5.0
49,242,6.698970004336019
49,243,5.0
49,244,5.0
49,245,5.0
49,246,5.0
49,247,5.0
49,248,5.0
49,249,5.0
49,250,5.0
49,251,5.0
49,252,5.0
49,253,5.508638306165727
49,254,5.0
49,255,5.0
49,256,6.443697499232713
49,257,5.0
49,258,5.0
49,259,5.0
49,260,5.0
49,261,5.0
49,262,5.0
49,263,5.0
49,264,5.0
49,265,5.0
49,266,5.958607314841775
49,267,5.0
49,268,5.0
49,269,5.0
49,270,5.309803919971486
49,271,5.0
49,272,5.0
49,273,5.0
49,274,5.568636235841013
49,275,5.0
49,276,5.0
49,277,5.0
49,278,5.0
49,279,5.0
49,280,5.0
49,281,5.0
49,282,5.795880017344075
49,283,5.537602002101044
49,284,5.886056647693163
49,285,5.0
49,286,5.0
49,287,5.0
49,288,5.0
49,289,5.0
49,290,5.0
49,291,5.0
49,292,5.0
49,293,5.0
49,294,5.0
49,295,5.2441251443275085
49,296,6.0
49,297,5.0
49,298,5.0
49,299,5.0
49,300,5.0
49,301,5.0
49,302,5.0
49,303,5.0
49,304,5.0
49,305,5.0
49,306,5.0
49,307,5.0
49,308,5.0
49,309,5.0
49,310,5.0
49,311,5.0
49,312,5.468521082957745
49,313,5.0
49,314,5.0
49,315,5.0
49,316,5.0
49,317,5.0
49,318,5.0
49,319,5.0
49,320,5.0
49,321,5.0
49,322,5.0
49,323,5.0
49,324,5.0
49,325,5.376750709602099
49,326,6.886056647693163
49,327,5.823908740944319
49,328,6.1487416512809245
49,329,6.698970004336019
49,330,5.0
49,331,6.275724130399211
49,332,5.0
49,333,5.0
49,334,5.0
49,335,5.0
49,336,5.0
49,337,5.0
49,338,5.0
49,339,6.161150909262744
49,340,5.0
49,341,5.0
49,342,5.0
49,343,5.0
49,344,5.886056647693163
49,345,5.0
49,346,6.142667503568732
49,347,6.200659450546418
49,348,6.552841968657781
49,349,6.721246399047171
49,350,5.6020599913279625
49,351,5.920818753952375
49,352,5.698970004336019
49,353,5.0
49,354,5.0
49,355,5.6777807052660805
49,356,5.0
49,357,7.221848749616356
49,358,7.2839966563652
49,359,5.0
49,360,5.0
49,361,6.468521082957745
49,362,5.0
49,363,6.853871964321762
49,364,5.0
49,365,6.920818753952375
49,366,5.0
49,367,5.0
49,368,6.823908740944319
49,369,5.853871964321762
49,370,6.823908740944319
49,371,5.0
49,372,5.886056647693163
49,373,5.236572006437063
49,374,5.0
49,375,5.0
49,376,5.0
49,377,5.0
49,378,6.494850021680094
49,379,5.0
49,380,5.0
49,381,5.0
49,382,5.6777807052660805
49,383,5.0
49,384,5.481486060122113
49,385,6.309803919971486
49,386,5.0
49,387,5.0
49,388,5.0
49,389,5.721246399047171
49,390,5.0
49,391,6.136677139879544
49,392,5.886056647693163
49,393,6.508638306165727
49,394,6.229147988357856
49,395,5.769551078621726
49,396,5.0
49,397,5.0
49,398,5.0
49,399,5.0
49,400,5.0
49,401,5.0
49,402,5.0
49,403,5.0
49,404,5.0
49,405,5.0
49,406,5.585026652029182
49,407,5.0
49,408,5.823908740944319
49,409,6.443697499232713
49,410,6.481486060122113
49,411,5.0
49,412,5.0
49,413,6.318758762624412
49,414,5.0
49,415,9.045757490560677
49,416,5.853871964321762
49,417,5.0
49,418,6.522878745280337
49,419,6.721246399047171
49,420,5.619788758288394
49,421,5.0
49,422,5.3979400086720375
49,423,5.0
49,424,5.0
49,425,5.0
49,426,5.0
49,427,5.0
49,428,5.0
49,429,5.200659450546418
49,430,6.568636235841013
49,431,5.0
49,432,5.0
50,0,5.0
50,1,5.0
50,2,5.0
50,3,5.0
50,4,5.4089353929735005
50,5,5.0
50,6,5.0
50,7,5.0
50,8,5.0
50,9,5.0
50,10,5.0
50,11,5.0
50,12,5.522878745280337
50,13,5.0
50,14,5.0
50,15,5.0
50,16,5.0
50,17,5.508638306165727
50,18,5.0
50,19,5.0
50,20,5.0
50,21,5.0
50,22,5.0
50,23,5.0
50,24,5.0
50,25,5.0
50,26,5.0
50,27,5.0
50,28,5.0
50,29,5.0
50,30,5.0
50,31,5.0
50,32,5.0
50,33,5.0
50,34,5.0
50,35,5.481486060122113
50,36,5.0
50,37,5.0
50,38,6.1487416512809245
50,39,6.275724130399211
50,40,5.4089353929735005
50,41,5.0
50,42,5.0
50,43,5.0
50,44,5.0
50,45,5.0
50,46,5.0
50,47,5.0
50,48,5.0
50,49,5.0
50,50,5.0
50,51,5.0
50,52,5.0
50,53,5.0
50,54,5.0
50,55,5.0
50,56,5.0
50,57,5.0
50,58,5.0
50,59,5.0
50,60,5.0
50,61,5.0
50,62,5.0
50,63,5.0
50,64,5.0
50,65,5.0
50,66,5.0
50,67,5.0
50,68,5.0
50,69,5.0
50,70,5.0
50,71,6.376750709602099
50,72,5.0
50,73,5.0
50,74,5.0
50,75,5.0
50,76,5.0
50,77,5.0
50,78,7.1249387366083
50,79,5.769551078621726
50,80,7.431798275933005
50,81,7.0
50,82,5.0
50,83,5.0
50,84,5.0
50,85,5.0
50,86,5.0
50,87,5.0
50,88,5.0
50,89,5.0
50,90,5.0
50,91,5.0
50,92,5.0
50,93,5.0
50,94,6.0
50,95,5.301029995663981
50,96,5.0
50,97,5.0
50,98,6.3979400086720375
50,99,5.0
50,100,5.0
50,101,5.0
50,102,5.0
50,103,5.0
50,104,5.769551078621726
50,105,6.468521082957745
50,106,6.1487416512809245
50,107,5.886056647693163
50,108,5.769551078621726
50,109,5.795880017344075
50,110,5.823908740944319
50,111,5.721246399047171
50,112,5.886056647693163
50,113,5.494850021680094
50,114,5.698970004336019
50,115,5.6020599913279625
50,116,5.0
50,117,5.0
50,118,5.0
50,119,5.0
50,120,5.0
50,121,5.0
50,122,5.920818753952375
50,123,5.0
50,124,5.0
50,125,5.0
50,126,5.0
50,127,5.0
50,128,5.0
50,129,5.508638306165727
50,130,5.0
50,131,5.0
50,132,5.318758762624412
50,133,5.0
50,134,5.0
50,135,5.0
50,136,5.0
50,137,5.0
50,138,5.0
50,139,5.0
50,140,5.0
50,141,5.0
50,142,5.0
50,143,5.0
50,144,5.0
50,145,5.0
50,146,5.0
50,147,5.0
50,148,5.0
50,149,5.0
50,150,5.0
50,151,5.0
50,152,5.0
50,153,5.0
50,154,5.0
50,155,5.0
50,156,5.0
50,157,5.7447274948966935
50,158,5.0
50,159,7.721246399047171
50,160,5.0
50,161,5.0
50,162,5.0
50,163,5.0
50,164,5.0
50,165,5.769551078621726
50,166,5.0
50,167,5.0
50,168,5.0
50,169,5.0
50,170,5.0
50,171,5.0
50,172,5.0
50,173,5.0
50,174,5.0
50,175,5.0
50,176,5.0
50,177,5.0
50,178,5.0
50,179,5.0
50,180,5.0
50,181,5.0
50,182,5.0
50,183,5.0
50,184,5.0
50,185,5.0
50,186,5.0
50,187,5.0
50,188,5.958607314841775
50,189,6.886056647693163
50,190,7.455931955649724
50,191,5.0
50,192,5.0
50,193,5.0
50,194,5.0
50,195,5.0
50,196,5.0
50,197,5.0
50,198,5.0
50,199,5.0
50,200,5.0
50,201,5.552841968657781
50,202,5.0
50,203,5.0
50,204,5.0
50,205,5.0
50,206,5.0
50,207,5.0
50,208,5.0
50,209,5.0
50,210,5.0
50,211,5.0
50,212,5.0
50,213,5.0
50,214,5.0
50,215,5.0
50,216,5.0
50,217,5.0
50,218,5.0
50,219,5.431798275933005
50,220,5.0
50,221,5.0
50,222,5.0
50,223,5.0
50,224,5.0
50,225,5.0
50,226,5.0
50,227,5.0
50,228,5.0
50,229,5.017728766960431
50,230,5.0
50,231,5.0
50,232,5.853871964321762
50,233,5.0
50,234,5.0
50,235,5.0
50,236,5.0
50,237,5.0
50,238,5.102372908709558
50,239,5.0
50,240,5.0
50,241,5.0
50,242,5.0
50,243,5.0
50,244,5.0
50,245,5.0
50,246,5.0
50,247,5.2076083105017466
50,248,5.568636235841013
50,249,5.0
50,250,5.0
50,251,5.0
50,252,5.0
50,253,5.0
50,254,5.0
50,255,5.0
50,256,5.0
50,257,5.0
50,258,5.0
50,259,5.0
50,260,5.0
50,261,5.0
50,262,5.0
50,263,5.0
50,264,5.0
50,265,5.0
50,266,5.0
50,267,5.0
50,268,5.0
50,269,5.0
50,270,5.0
50,271,5.0
50,272,5.0
50,273,7.602059991327962
50,274,5.0
50,275,7.920818753952375
50,276,7.154901959985743
50,277,5.0
50,278,5.823908740944319
50,279,5.0
50,280,5.0
50,281,5.0
50,282,5.0
50,283,5.0
50,284,5.0
50,285,5.0
50,286,5.0
50,287,5.0
50,288,5.0
50,289,5.0
50,290,5.0
50,291,6.070581074285707
50,292,5.0
50,293,5.0
50,294,5.0
50,295,5.0
50,296,5.0
50,297,5.0
50,298,5.0
50,299,5.0
50,300,5.0
50,301,5.0
50,302,5.0
50,303,5.0
50,304,5.0
50,305,5.0
50,306,5.0
50,307,5.0
50,308,5.0
50,309,5.0
50,310,5.0
50,311,5.0
50,312,5.0
50,313,5.0
50,314,5.0
50,315,5.0
50,316,5.0
50,317,5.585026652029182
50,318,5.0
50,319,5.0
50,320,5.0
50,321,5.0
50,322,5.0
50,323,5.0
50,324,5.0
50,325,5.0
50,326,5.0
50,327,5.0
50,328,5.0
50,329,5.0
50,330,5.0
50,331,5.0
50,332,5.0
50,333,5.0
50,334,5.0
50,335,5.0
50,336,5.0
50,337,5.0
50,338,5.0
50,339,5.0
50,340,5.0
50,341,5.0
50,342,5.0
50,343,5.0
50,344,5.4089353929735005
50,345,6.008773924307505
50,346,5.0
50,347,5.0
50,348,5.0
50,349,5.0
50,350,5.0
50,351,5.0
50,352,5.0
50,353,5.0
50,354,7.619788758288394
50,355,5.0
50,356,5.0
50,357,5.0
50,358,5.0
50,359,5.0
50,360,5.0
50,361,5.0
50,362,5.0
50,363,5.0
50,364,5.0
50,365,6.494850021680094
50,366,5.0
50,367,5.0
50,368,5.0
50,369,5.0
50,370,6.6020599913279625
50,371,5.0
50,372,5.0
50,373,5.0
50,374,5.0
50,375,5.0
50,376,5.0
50,377,5.431798275933005
50,378,5.0
50,379,5.0
50,380,5.275724130399211
50,381,5.0
50,382,5.0
50,383,5.0
50,384,5.0
50,385,5.0
50,386,5.0
50,387,5.0
50,388,5.886056647693163
50,389,5.0
50,390,5.0
50,391,5.0
50,392,5.0
50,393,5.0
50,394,5.0
50,395,5.0
50,396,5.0
50,397,5.0
50,398,5.1487416512809245
50,399,5.7447274948966935
50,400,5.0
50,401,5.0
50,402,5.0
50,403,5.0
50,404,6.086186147616283
50,405,5.0
50,406,5.0
50,407,5.455931955649724
50,408,5.0
50,409,5.0
50,410,5.0
50,411,5.0
50,412,5.0
50,413,5.6020599913279625
50,414,5.346787486224656
50,415,5.0
50,416,5.698970004336019
50,417,5.0
50,418,5.0
50,419,5.0
50,420,5.0
50,421,5.0
50,422,5.0
50,423,5.0
50,424,5.0
50,425,5.886056647693163
50,426,5.6777807052660805
50,427,5.0
50,428,5.0
50,429,5.0
50,430,5.0
50,431,5.356547323513812
50,432,5.0
51,0,5.0
51,1,5.0
51,2,5.0
51,3,5.0
51,4,5.0
51,5,5.0
51,6,5.0
51,7,5.0
51,8,5.0
51,9,5.0
51,10,5.0
51,11,5.0
51,12,5.0
51,13,5.0
51,14,5.0
51,15,5.0
51,16,5.0
51,17,5.0
51,18,5.0
51,19,5.0
51,20,5.0
51,21,5.0
51,22,5.0
51,23,5.0
51,24,5.0
51,25,5.0
51,26,5.0
51,27,5.0
51,28,5.0
51,29,5.0
51,30,5.0
51,31,5.0
51,32,5.0
51,33,5.0
51,34,5.0
51,35,5.0
51,36,5.0
51,37,5.0
51,38,5.0
51,39,5.0
51,40,5.0
51,41,5.0
51,42,5.0
51,43,5.0
51,44,5.0
51,45,5.0
51,46,5.0
51,47,5.0
51,48,5.0
51,49,5.0
51,50,5.0
51,51,5.0
51,52,5.0
51,53,5.0
51,54,5.0
51,55,5.0
51,56,5.0
51,57,5.0
51,58,5.0
51,59,5.0
51,60,5.0
51,61,5.0
51,62,5.0
51,63,5.0
51,64,5.0
51,65,5.0
51,66,5.0
51,67,5.0
51,68,5.0
51,69,5.0
51,70,5.0
51,71,5.0
51,72,5.0
51,73,5.0
51,74,5.0
51,75,5.0
51,76,5.0
51,77,5.0
51,78,5.0
51,79,5.0
51,80,5.0
51,81,5.0
51,82,5.0
51,83,5.0
51,84,5.0
51,85,5.0
51,86,5.0
51,87,5.0
51,88,5.0
51,89,5.0
51,90,5.0
51,91,5.0
51,92,5.0
51,93,5.0
51,94,5.0
51,95,5.0
51,96,5.0
51,97,5.0
51,98,5.0
51,99,5.0
51,100,5.0
51,101,6.107905397309519
51,102,5.7447274948966935
51,103,5.0
51,104,5.0
51,105,5.0
51,106,5.0
51,107,5.0
51,108,5.0
51,109,5.0
51,110,5.0
51,111,5.0
51,112,5.0
51,113,5.0
51,114,5.0
51,115,5.0
51,116,5.0
51,117,5.0
51,118,5.0
51,119,5.0
51,120,5.0
51,121,5.0
51,122,5.0
51,123,5.0
51,124,5.0
51,125,5.0
51,126,5.0
51,127,5.0
51,128,5.0
51,129,5.0
51,130,5.0
51,131,5.0
51,132,5.0
51,133,5.0
51,134,5.0
51,135,5.0
51,136,5.0
51,137,5.0
51,138,5.0
51,139,5.0
51,140,5.0
51,141,5.0
51,142,5.0
51,143,5.0
51,144,5.0
51,145,5.0
51,146,5.0
51,147,5.0
51,148,5.0
51,149,5.0
51,150,5.0
51,151,5.0
51,152,5.0
51,153,5.0
51,154,5.0
51,155,5.0
51,156,5.0
51,157,5.0
51,158,5.0
51,159,5.0
51,160,5.0
51,161,5.0
51,162,5.0
51,163,5.0
51,164,5.0
51,165,5.0
51,166,5.0
51,167,5.0
51,168,5.0
51,169,5.0
51,170,5.0
51,171,5.0
51,172,5.0
51,173,5.0
51,174,5.0
51,175,5.0
51,176,5.0
51,177,5.0
51,178,5.0
51,179,5.0
51,180,5.0
51,181,5.0
51,182,5.0
51,183,5.0
51,184,5.0
51,185,5.0
51,186,5.0
51,187,5.0
51,188,5.376750709602099
51,189,5.0
51,190,5.721246399047171
51,191,5.0
51,192,5.0
51,193,5.0
51,194,5.0
51,195,5.0
51,196,5.0
51,197,5.0
51,198,5.0
51,199,5.0
51,200,5.0
51,201,5.0
51,202,5.0
51,203,5.0
51,204,5.0
51,205,5.0
51,206,5.0
51,207,5.0
51,208,5.0
51,209,5.0
51,210,5.0
51,211,5.0
51,212,5.0
51,213,5.0
51,214,5.0
51,215,5.0
51,216,5.0
51,217,5.0
51,218,5.0
51,219,5.0
51,220,5.0
51,221,5.0
51,222,5.0
51,223,5.0
51,224,5.0
51,225,5.0
51,226,5.0
51,227,5.0
51,228,5.0
51,229,5.0
51,230,5.0
51,231,5.0
51,232,5.0
51,233,5.0
51,234,5.0
51,235,5.0
51,236,9.721246399047171
51,237,9.086186147616283
51,238,8.4089353929735
51,239,5.0
51,240,5.0
51,241,5.0
51,242,5.0
51,243,5.0
51,244,5.0
51,245,5.0
51,246,5.0
51,247,5.0
51,248,5.0
51,249,5.0
51,250,5.0
51,251,5.0
51,252,5.0
51,253,5.0
51,254,5.0
51,255,5.0
51,256,5.0
51,257,5.0
51,258,5.0
51,259,5.0
51,260,5.0
51,261,5.0
51,262,5.0
51,263,5.0
51,264,5.0
51,265,5.0
51,266,5.0
51,267,5.0
51,268,5.0
51,269,5.0
51,270,5.0
51,271,5.0
51,272,5.0
51,273,5.0
51,274,5.0
51,275,5.0
51,276,5.0
51,277,5.0
51,278,5.0
51,279,5.0
51,280,5.0
51,281,5.0
51,282,5.0
51,283,5.0
51,284,5.0
51,285,5.0
51,286,5.0
51,287,5.0
51,288,5.0
51,289,5.0
51,290,5.0
51,291,5.0
51,292,5.0
51,293,5.0
51,294,5.0
51,295,5.0
51,296,5.0
51,297,5.0
51,298,5.0
51,299,5.0
51,300,5.0
51,301,5.0
51,302,5.0
51,303,5.0
51,304,5.0
51,305,5.0
51,306,5.0
51,307,5.0
51,308,5.0
51,309,5.0
51,310,5.0
51,311,5.0
51,312,5.0
51,313,5.0
51,314,5.0
51,315,5.0
51,316,5.0
51,317,5.0
51,318,5.0
51,319,5.481486060122113
51,320,5.0
51,321,5.0
51,322,5.0
51,323,5.0
51,324,5.0
51,325,5.0
51,326,5.0
51,327,5.0
51,328,5.0
51,329,5.0
51,330,5.0
51,331,5.0
51,332,5.0
51,333,5.0
51,334,5.0
51,335,5.0
51,336,5.0
51,337,5.0
51,338,5.0
51,339,5.0
51,340,5.0
51,341,5.0
51,342,5.0
51,343,5.0
51,344,5.0
51,345,5.0
51,346,5.0
51,347,5.0
51,348,5.0
51,349,5.0
51,350,5.0
51,351,5.0
51,352,5.0
51,353,5.0
51,354,5.0
51,355,5.0
51,356,5.0
51,357,5.0
51,358,5.0
51,359,5.0
51,360,5.0
51,361,5.0
51,362,5.0
51,363,5.0
51,364,5.0
51,365,5.0
51,366,5.0
51,367,5.0
51,368,5.0
51,369,5.0
51,370,5.0
51,371,5.0
51,372,5.0
51,373,5.0
51,374,5.0
51,375,5.0
51,376,5.0
51,377,5.0
51,378,5.0
51,379,5.0
51,380,5.0
51,381,5.0
51,382,5.0
51,383,5.0
51,384,5.0
51,385,5.0
51,386,5.0
51,387,5.0
51,388,5.0
51,389,5.0
51,390,5.0
51,391,5.0
51,392,5.0
51,393,5.0
51,394,5.0
51,395,5.0
51,396,5.0
51,397,5.0
51,398,5.0
51,399,5.0
51,400,5.0
51,401,5.0
51,402,5.0
51,403,5.0
51,404,5.0
51,405,5.0
51,406,5.0
51,407,5.0
51,408,5.0
51,409,5.0
51,410,5.0
51,411,5.0
51,412,5.0
51,413,5.0
51,414,5.0
51,415,5.0
51,416,5.0
51,417,5.0
51,418,5.0
51,419,5.0
51,420,5.0
51,421,5.0
51,422,5.0
51,423,5.0
51,424,5.0
51,425,5.0
51,426,5.0
51,427,5.0
51,428,5.0
51,429,5.0
51,430,5.1938200260161125
51,431,5.0
51,432,5.0
52,0,5.0
52,1,5.0
52,2,5.0
52,3,5.0
52,4,5.0
52,5,5.0
52,6,5.0
52,7,5.0
52,8,5.0
52,9,5.0
52,10,5.0
52,11,5.0
52,12,5.0
52,13,5.0
52,14,5.0
52,15,5.0
52,16,5.0
52,17,5.537602002101044
52,18,5.0
52,19,5.0
52,20,5.0
52,21,5.0
52,22,5.086186147616283
52,23,5.0
52,24,5.0
52,25,5.0
52,26,5.0
52,27,5.0
52,28,5.130768280269024
52,29,5.0
52,30,5.301029995663981
52,31,5.0
52,32,5.0
52,33,5.0
52,34,5.0
52,35,5.0
52,36,5.0
52,37,5.0
52,38,5.886056647693163
52,39,5.795880017344075
52,40,5.0
52,41,5.0
52,42,5.251811972993799
52,43,5.0
52,44,5.0
52,45,5.0
52,46,5.0
52,47,5.0
52,48,5.0
52,49,5.0
52,50,5.0
52,51,5.0
52,52,5.0
52,53,5.0
52,54,6.3979400086720375
52,55,7.008773924307505
52,56,7.318758762624412
52,57,7.638272163982407
52,58,6.022276394711152
52,59,7.161150909262744
52,60,7.251811972993799
52,61,6.130768280269024
52,62,7.508638306165727
52,63,5.920818753952375
52,64,7.119186407719209
52,65,5.0
52,66,7.387216143280264
52,67,5.853871964321762
52,68,8.769551078621726
52,69,5.0
52,70,5.0
52,71,5.4089353929735005
52,72,6.3872161432802645
52,73,5.958607314841775
52,74,5.0
52,75,6.096910013008056
52,76,5.0
52,77,5.0
52,78,6.0
52,79,5.0
52,80,5.7447274948966935
52,81,6.022276394711152
52,82,5.0
52,83,5.0
52,84,5.0
52,85,5.0
52,86,5.0
52,87,5.0
52,88,5.0
52,89,5.0
52,90,5.0
52,91,5.795880017344075
52,92,6.0
52,93,5.795880017344075
52,94,5.0
52,95,5.0
52,96,5.0
52,97,5.0
52,98,5.0
52,99,6.356547323513812
52,100,5.0
52,101,6.468521082957745
52,102,6.698970004336019
52,103,5.769551078621726
52,104,5.0
52,105,5.0
52,106,5.0
52,107,5.0
52,108,5.0
52,109,5.0
52,110,5.0
52,111,5.0
52,112,5.0
52,113,5.0
52,114,5.0
52,115,5.0
52,116,5.0
52,117,5.0
52,118,5.0
52,119,5.0
52,120,5.0
52,121,5.0
52,122,5.0
52,123,5.0
52,124,5.0
52,125,5.0
52,126,5.0
52,127,5.0
52,128,5.0
52,129,5.0
52,130,5.0
52,131,5.0
52,132,5.0
52,133,5.0
52,134,5.0
52,135,6.301029995663981
52,136,5.3872161432802645
52,137,6.187086643357144
52,138,6.920818753952375
52,139,5.0
52,140,5.0
52,141,5.0
52,142,5.0
52,143,5.0
52,144,5.0
52,145,5.0
52,146,5.0
52,147,5.0
52,148,5.0
52,149,5.00436480540245
52,150,5.0
52,151,5.130768280269024
52,152,5.522878745280337
52,153,5.0
52,154,5.031517051446065
52,155,5.0
52,156,5.0
52,157,5.0
52,158,5.0
52,159,5.7447274948966935
52,160,5.0
52,161,5.0
52,162,5.0
52,163,5.0
52,164,7.552841968657781
52,165,7.431798275933005
52,166,5.0
52,167,5.769551078621726
52,168,5.823908740944319
52,169,5.698970004336019
52,170,5.0
52,171,5.0
52,172,5.0
52,173,6.823908740944319
52,174,5.0
52,175,5.0
52,176,5.0
52,177,5.0
52,178,5.0
52,179,5.0
52,180,5.0
52,181,5.537602002101044
52,182,5.0
52,183,5.0
52,184,5.0
52,185,5.0
52,186,5.0
52,187,5.0
52,188,5.0
52,189,5.0
52,190,5.229147988357856
52,191,5.0
52,192,5.0
52,193,5.0
52,194,5.0
52,195,5.0
52,196,5.0
52,197,5.0
52,198,5.0
52,199,5.0
52,200,5.0
52,201,5.0
52,202,5.0
52,203,5.0
52,204,5.0
52,205,5.0
52,206,5.0
52,207,5.0
52,208,5.0
52,209,5.0
52,210,5.0
52,211,5.638272163982407
52,212,5.0
52,213,5.0
52,214,5.0
52,215,5.0
52,216,5.0
52,217,5.0
52,218,5.0
52,219,5.0
52,220,5.0
52,221,5.0
52,222,5.0
52,223,5.0
52,224,5.0
52,225,5.0
52,226,5.0
52,227,5.2076083105017466
52,228,5.0
52,229,5.0
52,230,5.0
52,231,5.0
52,232,5.0
52,233,5.0
52,234,5.251811972993799
52,235,5.0
52,236,5.0
52,237,5.0
52,238,5.0
52,239,5.0
52,240,5.0
52,241,5.42021640338319
52,242,5.366531544420414
52,243,5.769551078621726
52,244,5.0
52,245,5.0
52,246,5.0
52,247,5.0
52,248,5.0
52,249,5.0
52,250,5.0
52,251,5.0
52,252,5.0
52,253,5.0
52,254,5.0
52,255,5.0
52,256,5.0
52,257,6.008773924307505
52,258,5.619788758288394
52,259,5.0
52,260,5.0
52,261,5.0
52,262,5.0
52,263,5.0
52,264,5.0
52,265,5.0
52,266,5.0
52,267,5.0
52,268,5.0
52,269,5.0
52,270,5.0
52,271,5.0
52,272,5.0
52,273,5.0
52,274,5.0
52,275,5.0
52,276,5.0
52,277,5.0
52,278,5.0
52,279,5.0
52,280,5.0
52,281,5.455931955649724
52,282,5.0
52,283,5.0
52,284,5.0
52,285,8.148741651280925
52,286,7.886056647693163
52,287,7.356547323513813
52,288,5.0
52,289,5.0
52,290,5.0
52,291,5.0
52,292,5.0
52,293,6.130768280269024
52,294,6.161150909262744
52,295,5.42021640338319
52,296,6.337242168318426
52,297,5.0
52,298,5.0
52,299,5.0
52,300,5.0
52,301,5.0
52,302,5.0
52,303,5.0
52,304,5.0
52,305,5.0
52,306,5.0
52,307,5.0
52,308,5.0
52,309,5.0
52,310,5.0
52,311,5.0
52,312,5.0
52,313,5.0
52,314,5.0
52,315,5.0
52,316,5.0
52,317,5.0
52,318,5.0
52,319,5.0
52,320,5.0
52,321,5.0
52,322,5.0
52,323,5.0
52,324,5.0
52,325,5.0
52,326,5.0
52,327,5.0
52,328,5.0
52,329,5.0
52,330,5.0
52,331,5.0
52,332,5.0
52,333,5.0
52,334,5.0
52,335,5.920818753952375
52,336,5.4089353929735005
52,337,6.1249387366083
52,338,5.0
52,339,5.0
52,340,5.0
52,341,5.0
52,342,5.0
52,343,5.0
52,344,5.0
52,345,5.0
52,346,5.0
52,347,5.0
52,348,5.0
52,349,5.0
52,350,5.0
52,351,5.823908740944319
52,352,5.0
52,353,5.0
52,354,5.0
52,355,5.0
52,356,5.0
52,357,5.0
52,358,5.0
52,359,5.0
52,360,5.0
52,361,5.0
52,362,5.045757490560675
52,363,5.0
52,364,5.0
52,365,5.0
52,366,5.0
52,367,5.0
52,368,5.0
52,369,5.0
52,370,5.0
52,371,5.0
52,372,5.0
52,373,5.0
52,374,5.0
52,375,5.0
52,376,5.0
52,377,5.0
52,378,5.769551078621726
52,379,5.0
52,380,5.0
52,381,5.0
52,382,5.0
52,383,5.0
52,384,5.0
52,385,5.0
52,386,5.0
52,387,5.0
52,388,6.585026652029182
52,389,5.0
52,390,5.0
52,391,5.853871964321762
52,392,5.886056647693163
52,393,5.7447274948966935
52,394,6.2076083105017466
52,395,5.0
52,396,5.0
52,397,5.0
52,398,5.0
52,399,5.619788758288394
52,400,5.0
52,401,5.0
52,402,5.0
52,403,5.0
52,404,5.0
52,405,5.0
52,406,5.0
52,407,5.0
52,408,5.0
52,409,5.0
52,410,5.0
52,411,5.0
52,412,5.0
52,413,5.0
52,414,5.0
52,415,5.0
52,416,5.0
52,417,5.0
52,418,5.552841968657781
52,419,5.0
52,420,5.0
52,421,5.0
52,422,5.0
52,423,5.0
52,424,5.0
52,425,5.0
52,426,5.0
52,427,5.0
52,428,5.0
52,429,5.0
52,430,5.0
52,431,5.0
52,432,5.0
53,0,7.180456064458132
53,1,6.508638306165727
53,2,5.619788758288394
53,3,5.920818753952375
53,4,6.251811972993799
53,5,6.301029995663981
53,6,6.301029995663981
53,7,6.795880017344075
53,8,6.236572006437063
53,9,6.2076083105017466
53,10,5.0
53,11,5.0
53,12,5.0
53,13,5.0
53,14,5.0
53,15,5.0
53,16,5.0
53,17,5.0
53,18,5.0
53,19,5.0
53,20,5.0
53,21,6.309803919971486
53,22,7.0
53,23,6.537602002101044
53,24,6.795880017344075
53,25,6.337242168318426
53,26,5.0
53,27,5.0
53,28,5.0
53,29,6.468521082957745
53,30,6.091514981121351
53,31,7.075720713938118
53,32,7.568636235841013
53,33,6.1249387366083
53,34,5.0
53,35,5.431798275933005
53,36,6.698970004336019
53,37,5.0
53,38,5.0
53,39,5.0
53,40,5.0
53,41,5.301029995663981
53,42,5.3872161432802645
53,43,5.3979400086720375
53,44,5.481486060122113
53,45,6.013228265733755
53,46,6.026872146400302
53,47,6.455931955649724
53,48,5.638272163982407
53,49,6.119186407719209
53,50,5.958607314841775
53,51,5.568636235841013
53,52,6.070581074285707
53,53,5.6020599913279625
53,54,5.0
53,55,5.0
53,56,5.0
53,57,5.0
53,58,5.0
53,59,5.0
53,60,5.0
53,61,5.0
53,62,6.031517051446065
53,63,5.0
53,64,5.0
53,65,5.0
53,66,5.4089353929735005
53,67,5.0
53,68,5.0
53,69,5.920818753952375
53,70,7.397940008672037
53,71,7.026872146400302
53,72,6.443697499232713
53,73,6.823908740944319
53,74,5.0
53,75,6.6020599913279625
53,76,8.443697499232712
53,77,5.0
53,78,6.3979400086720375
53,79,5.823908740944319
53,80,6.585026652029182
53,81,6.468521082957745
53,82,6.0
53,83,6.102372908709558
53,84,6.2441251443275085
53,85,5.721246399047171
53,86,6.522878745280337
53,87,5.2076083105017466
53,88,6.568636235841013
53,89,6.3979400086720375
53,90,6.769551078621726
53,91,6.259637310505756
53,92,5.431798275933005
53,93,6.619788758288394
53,94,5.0
53,95,5.00436480540245
53,96,6.251811972993799
53,97,5.0
53,98,5.0
53,99,7.619788758288394
53,100,6.494850021680094
53,101,6.585026652029182
53,102,5.585026652029182
53,103,5.886056647693163
53,104,5.0
53,105,5.0
53,106,5.045757490560675
53,107,5.0
53,108,5.0
53,109,5.0
53,110,5.0
53,111,5.0
53,112,5.0
53,113,5.0
53,114,5.0
53,115,5.481486060122113
53,116,5.0
53,117,5.0
53,118,5.0
53,119,5.638272163982407
53,120,5.0
53,121,5.0
53,122,5.698970004336019
53,123,5.823908740944319
53,124,5.0
53,125,5.366531544420414
53,126,5.0
53,127,5.0
53,128,5.0
53,129,5.920818753952375
53,130,5.0
53,131,5.0
53,132,5.0
53,133,5.0
53,134,5.0
53,135,5.0
53,136,5.0
53,137,5.0
53,138,5.0
53,139,5.721246399047171
53,140,5.920818753952375
53,141,7.468521082957745
53,142,5.0
53,143,5.721246399047171
53,144,6.102372908709558
53,145,6.251811972993799
53,146,6.42021640338319
53,147,5.187086643357144
53,148,6.4089353929735005
53,149,8.327902142064282
53,150,9.267606240177033
53,151,8.200659450546418
53,152,8.214670164989233
53,153,9.154901959985745
53,154,8.267606240177031
53,155,7.356547323513813
53,156,7.301029995663981
53,157,5.7447274948966935
53,158,5.585026652029182
53,159,7.356547323513813
53,160,6.327902142064283
53,161,5.958607314841775
53,162,6.431798275933005
53,163,6.327902142064283
53,164,5.0
53,165,5.0
53,166,5.657577319177793
53,167,6.013228265733755
53,168,7.036212172654444
53,169,7.080921907623926
53,170,6.013228265733755
53,171,7.823908740944319
53,172,8.431798275933005
53,173,5.920818753952375
53,174,5.0
53,175,6.173925197299173
53,176,5.275724130399211
53,177,6.318758762624412
53,178,5.920818753952375
53,179,5.698970004336019
53,180,7.585026652029182
53,181,5.721246399047171
53,182,7.086186147616283
53,183,6.721246399047171
53,184,5.229147988357856
53,185,7.013228265733755
53,186,5.795880017344075
53,187,6.236572006437063
53,188,5.0
53,189,5.481486060122113
53,190,5.443697499232713
53,191,9.167491087293763
53,192,7.267606240177032
53,193,6.508638306165727
53,194,6.468521082957745
53,195,9.537602002101044
53,196,9.292429823902063
53,197,9.2518119729938
53,198,9.602059991327964
53,199,6.070581074285707
53,200,6.366531544420414
53,201,5.638272163982407
53,202,5.0
53,203,5.0
53,204,6.443697499232713
53,205,6.638272163982407
53,206,7.142667503568732
53,207,7.154901959985743
53,208,5.376750709602099
53,209,6.091514981121351
53,210,6.267606240177032
53,211,5.0
53,212,5.0
53,213,5.920818753952375
53,214,7.136677139879544
53,215,6.522878745280337
53,216,5.0
53,217,5.769551078621726
53,218,6.6777807052660805
53,219,6.585026652029182
53,220,6.522878745280337
53,221,5.0
53,222,5.552841968657781
53,223,5.823908740944319
53,224,6.356547323513812
53,225,5.958607314841775
53,226,5.698970004336019
53,227,6.522878745280337
53,228,7.113509274827518
53,229,6.920818753952375
53,230,5.657577319177793
53,231,5.853871964321762
53,232,7.1249387366083
53,233,5.259637310505756
53,234,6.468521082957745
53,235,7.180456064458132
53,236,5.0
53,237,5.494850021680094
53,238,5.0
53,239,7.161150909262744
53,240,5.0
53,241,5.292429823902063
53,242,5.259637310505756
53,243,7.376750709602099
53,244,5.585026652029182
53,245,5.0
53,246,5.769551078621726
53,247,5.0
53,248,5.0
53,249,6.886056647693163
53,250,5.0
53,251,7.187086643357144
53,252,7.0
53,253,6.481486060122113
53,254,5.0
53,255,7.0
53,256,6.443697499232713
53,257,6.721246399047171
53,258,7.494850021680094
53,259,5.853871964321762
53,260,5.0
53,261,6.154901959985743
53,262,5.698970004336019
53,263,5.0
53,264,5.0
53,265,5.958607314841775
53,266,5.0
53,267,5.0
53,268,5.0
53,269,6.221848749616356
53,270,5.494850021680094
53,271,5.0
53,272,5.958607314841775
53,273,5.0
53,274,5.795880017344075
53,275,5.0
53,276,5.0
53,277,5.0
53,278,5.0
53,279,5.0
53,280,5.0
53,281,6.721246399047171
53,282,5.920818753952375
53,283,5.0
53,284,5.886056647693163
53,285,6.026872146400302
53,286,5.0
53,287,5.494850021680094
53,288,8.958607314841775
53,289,9.537602002101044
53,290,5.585026652029182
53,291,5.0
53,292,5.0
53,293,5.0
53,294,5.958607314841775
53,295,7.080921907623926
53,296,7.0
53,297,5.0
53,298,5.0
53,299,5.0
53,300,5.0
53,301,5.0
53,302,5.0
53,303,5.0
53,304,5.0
53,305,5.0
53,306,5.0
53,307,5.0
53,308,5.0
53,309,5.0
53,310,5.0
53,311,5.0
53,312,5.0
53,313,5.0
53,314,5.0
53,315,5.619788758288394
53,316,6.886056647693163
53,317,5.0
53,318,6.585026652029182
53,319,5.0
53,320,5.0
53,321,5.0
53,322,5.0
53,323,5.721246399047171
53,324,5.42021640338319
53,325,6.494850021680094
53,326,5.0
53,327,5.0
53,328,5.0
53,329,6.7447274948966935
53,330,5.0
53,331,5.0
53,332,5.0
53,333,5.0
53,334,5.142667503568732
53,335,5.619788758288394
53,336,5.431798275933005
53,337,5.568636235841013
53,338,5.0
53,339,5.0
53,340,5.886056647693163
53,341,5.0
53,342,5.886056647693163
53,343,6.221848749616356
53,344,5.0
53,345,5.0
53,346,7.431798275933005
53,347,7.619788758288394
53,348,7.744727494896693
53,349,7.853871964321762
53,350,6.229147988357856
53,351,6.853871964321762
53,352,5.013228265733755
53,353,5.920818753952375
53,354,5.0
53,355,5.0
53,356,6.031517051446065
53,357,5.920818753952375
53,358,6.180456064458132
53,359,5.0
53,360,6.698970004336019
53,361,5.698970004336019
53,362,6.823908740944319
53,363,5.823908740944319
53,364,6.7447274948966935
53,365,5.236572006437063
53,366,5.6777807052660805
53,367,6.585026652029182
53,368,5.017728766960431
53,369,5.508638306165727
53,370,5.0
53,371,6.823908740944319
53,372,6.2076083105017466
53,373,5.301029995663981
53,374,6.6020599913279625
53,375,5.568636235841013
53,376,6.1249387366083
53,377,6.337242168318426
53,378,6.3979400086720375
53,379,5.823908740944319
53,380,5.309803919971486
53,381,7.207608310501746
53,382,5.3979400086720375
53,383,6.698970004336019
53,384,6.920818753952375
53,385,6.136677139879544
53,386,6.886056647693163
53,387,8.086186147616283
53,388,5.0
53,389,6.366531544420414
53,390,5.0
53,391,7.0
53,392,5.920818753952375
53,393,5.0
53,394,6.508638306165727
53,395,6.795880017344075
53,396,5.0
53,397,5.0
53,398,5.0
53,399,5.0
53,400,5.2441251443275085
53,401,5.0
53,402,6.200659450546418
53,403,6.568636235841013
53,404,7.045757490560675
53,405,5.823908740944319
53,406,5.309803919971486
53,407,5.0
53,408,6.318758762624412
53,409,6.00436480540245
53,410,6.657577319177793
53,411,5.0
53,412,5.0
53,413,6.7447274948966935
53,414,5.0
53,415,5.292429823902063
53,416,6.119186407719209
53,417,5.619788758288394
53,418,7.086186147616283
53,419,7.187086643357144
53,420,7.376750709602099
53,421,8.638272163982407
53,422,5.0
53,423,5.522878745280337
53,424,5.0
53,425,5.0
53,426,5.0
53,427,5.0
53,428,6.585026652029182
53,429,6.443697499232713
53,430,7.920818753952375
53,431,5.0
53,432,5.0
54,0,5.0
54,1,5.0
54,2,5.0
54,3,5.0
54,4,5.0
54,5,5.0
54,6,5.0
54,7,5.0
54,8,5.0
54,9,5.0
54,10,5.0
54,11,5.0
54,12,5.0
54,13,5.0
54,14,5.0
54,15,5.0
54,16,5.0
54,17,5.0
54,18,5.0
54,19,5.0
54,20,5.0
54,21,5.0
54,22,5.0
54,23,5.0
54,24,5.0
54,25,5.0
54,26,5.0
54,27,5.0
54,28,5.0
54,29,5.0
54,30,5.0
54,31,5.0
54,32,5.0
54,33,5.0
54,34,5.0
54,35,5.0
54,36,5.0
54,37,5.0
54,38,5.0
54,39,5.0
54,40,5.0
54,41,5.0
54,42,5.0
54,43,5.0
54,44,5.0
54,45,5.0
54,46,5.0
54,47,5.0
54,48,5.0
54,49,5.0
54,50,5.0
54,51,5.0
54,52,5.0
54,53,5.0
54,54,5.0
54,55,5.0
54,56,5.0
54,57,5.0
54,58,5.0
54,59,5.0
54,60,5.0
54,61,5.0
54,62,5.0
54,63,5.0
54,64,5.0
54,65,5.0
54,66,5.0
54,67,5.0
54,68,5.0
54,69,5.0
54,70,5.0
54,71,5.0
54,72,5.0
54,73,5.0
54,74,5.0
54,75,5.0
54,76,5.0
54,77,5.0
54,78,5.0
54,79,5.0
54,80,5.0
54,81,5.0
54,82,5.0
54,83,5.0
54,84,5.0
54,85,5.0
54,86,5.0
54,87,5.0
54,88,5.0
54,89,5.0
54,90,5.0
54,91,5.0
54,92,5.0
54,93,5.0
54,94,5.0
54,95,5.0
54,96,5.0
54,97,5.0
54,98,5.0
54,99,5.0
54,100,5.0
54,101,5.0
54,102,5.0
54,103,5.0
54,104,5.154901959985743
54,105,5.2441251443275085
54,106,5.376750709602099
54,107,5.2839966563652006
54,108,5.522878745280337
54,109,5.275724130399211
54,110,5.259637310505756
54,111,5.096910013008056
54,112,5.0
54,113,5.050609993355088
54,114,5.301029995663981
54,115,5.657577319177793
54,116,5.0
54,117,5.0
54,118,5.0
54,119,5.0
54,120,5.0
54,121,5.0
54,122,5.0
54,123,5.0
54,124,5.0
54,125,5.0
54,126,5.0
54,127,5.0
54,128,5.0
54,129,5.0
54,130,5.0
54,131,5.0
54,132,5.0
54,133,5.0
54,134,5.0
54,135,5.0
54,136,5.0
54,137,5.0
54,138,5.0
54,139,5.0
54,140,5.0
54,141,5.0
54,142,5.0
54,143,5.0
54,144,5.0
54,145,5.0
54,146,5.0
54,147,5.0
54,148,5.0
54,149,5.0
54,150,5.0
54,151,5.0
54,152,5.0
54,153,5.0
54,154,5.0
54,155,5.0
54,156,5.0
54,157,5.0
54,158,5.0
54,159,5.0
54,160,5.0
54,161,5.0
54,162,5.0
54,163,5.0
54,164,5.0
54,165,5.0
54,166,5.0
54,167,5.0
54,168,5.0
54,169,5.0
54,170,5.0
54,171,5.0
54,172,5.0
54,173,5.0
54,174,5.0
54,175,5.0
54,176,5.0
54,177,5.0
54,178,5.0
54,179,5.0
54,180,5.0
54,181,5.0
54,182,5.0
54,183,5.0
54,184,5.0
54,185,5.0
54,186,5.0
54,187,5.0
54,188,5.0
54,189,5.0
54,190,5.0
54,191,5.0
54,192,5.0
54,193,5.0
54,194,5.0
54,195,5.0
54,196,5.0
54,197,5.0
54,198,5.0
54,199,5.0
54,200,5.0
54,201,5.0
54,202,5.0
54,203,5.0
54,204,5.0
54,205,5.0
54,206,5.0
54,207,5.0
54,208,5.0
54,209,5.0
54,210,5.0
54,211,5.0
54,212,5.0
54,213,5.0
54,214,5.0
54,215,5.0
54,216,5.0
54,217,5.0
54,218,5.0
54,219,5.0
54,220,5.0
54,221,5.0
54,222,5.0
54,223,5.0
54,224,5.0
54,225,5.0
54,226,5.0
54,227,5.0
54,228,7.00436480540245
54,229,6.275724130399211
54,230,5.0
54,231,5.0
54,232,5.0
54,233,5.0
54,234,5.0
54,235,5.0
54,236,5.0
54,237,5.0
54,238,5.0
54,239,5.0
54,240,5.0
54,241,5.0
54,242,5.0
54,243,5.0
54,244,5.0
54,245,5.0
54,246,5.0
54,247,5.0
54,248,5.0
54,249,5.0
54,250,5.0
54,251,5.0
54,252,5.0
54,253,5.0
54,254,5.0
54,255,5.0
54,256,5.0
54,257,5.0
54,258,5.0
54,259,5.0
54,260,5.0
54,261,5.0
54,262,5.0
54,263,5.0
54,264,5.0
54,265,5.0
54,266,5.0
54,267,5.0
54,268,5.0
54,269,5.0
54,270,5.0
54,271,5.0
54,272,5.0
54,273,5.0
54,274,5.0
54,275,5.0
54,276,5.0
54,277,5.0
54,278,5.0
54,279,5.0
54,280,5.0
54,281,5.0
54,282,5.0
54,283,5.0
54,284,5.0
54,285,5.0
54,286,5.0
54,287,5.0
54,288,5.0
54,289,5.0
54,290,5.0
54,291,5.0
54,292,5.0
54,293,5.0
54,294,5.0
54,295,5.0
54,296,5.0
54,297,5.0
54,298,5.0
54,299,5.0
54,300,5.0
54,301,5.0
54,302,5.0
54,303,5.0
54,304,5.0
54,305,5.0
54,306,5.0
54,307,5.0
54,308,5.0
54,309,5.0
54,310,5.0
54,311,5.0
54,312,5.0
54,313,5.0
54,314,5.0
54,315,5.0
54,316,5.0
54,317,5.0
54,318,5.0
54,319,5.0
54,320,5.0
54,321,5.0
54,322,5.0
54,323,5.0
54,324,5.0
54,325,5.0
54,326,5.0
54,327,5.0
54,328,5.0
54,329,5.0
54,330,5.0
54,331,5.0
54,332,5.0
54,333,5.0
54,334,5.0
54,335,5.0
54,336,5.0
54,337,5.0
54,338,5.0
54,339,5.0
54,340,5.0
54,341,5.0
54,342,5.0
54,343,5.0
54,344,5.0
54,345,5.0
54,346,5.0
54,347,5.0
54,348,5.0
54,349,5.0
54,350,5.0
54,351,5.0
54,352,5.0
54,353,5.0
54,354,5.0
54,355,5.0
54,356,5.0
54,357,5.0
54,358,5.0
54,359,5.0
54,360,5.0
54,361,5.0
54,362,5.0
54,363,5.0
54,364,5.0
54,365,5.0
54,366,5.0
54,367,5.0
54,368,5.0
54,369,5.0
54,370,5.0
54,371,5.0
54,372,5.0
54,373,5.0
54,374,5.0
54,375,5.0
54,376,5.0
54,377,5.0
54,378,5.0
54,379,5.0
54,380,5.0
54,381,5.0
54,382,5.0
54,383,5.0
54,384,5.0
54,385,5.0
54,386,5.0
54,387,5.0
54,388,5.0
54,389,5.0
54,390,5.0
54,391,5.0
54,392,5.0
54,393,5.0
54,394,5.0
54,395,5.0
54,396,5.0
54,397,5.0
54,398,5.0
54,399,5.0
54,400,5.0
54,401,5.0
54,402,5.0
54,403,5.0
54,404,5.0
54,405,5.0
54,406,5.0
54,407,5.0
54,408,5.0
54,409,5.0
54,410,5.0
54,411,5.0
54,412,5.0
54,413,5.0
54,414,5.0
54,415,5.0
54,416,5.0
54,417,5.0
54,418,5.0
54,419,5.0
54,420,5.0
54,421,5.0
54,422,5.0
54,423,5.0
54,424,5.0
54,425,5.0
54,426,5.0
54,427,5.0
54,428,5.0
54,429,5.0
54,430,5.0
54,431,5.0
54,432,5.0
55,0,5.0
55,1,5.468521082957745
55,2,5.309803919971486
55,3,5.1487416512809245
55,4,5.619788758288394
55,5,5.920818753952375
55,6,5.259637310505756
55,7,5.823908740944319
55,8,6.180456064458132
55,9,5.853871964321762
55,10,5.537602002101044
55,11,5.0
55,12,5.0
55,13,5.0
55,14,5.0
55,15,5.0
55,16,5.0
55,17,5.0
55,18,5.0
55,19,5.0
55,20,5.0
55,21,5.0
55,22,5.0
55,23,5.0
55,24,5.0
55,25,5.0
55,26,5.0
55,27,5.0
55,28,5.0
55,29,6.356547323513812
55,30,6.6777807052660805
55,31,5.346787486224656
55,32,5.0
55,33,5.0
55,34,5.0
55,35,5.0
55,36,5.0
55,37,5.0
55,38,6.267606240177032
55,39,6.585026652029182
55,40,5.0
55,41,5.0
55,42,5.0
55,43,5.0
55,44,5.0
55,45,5.0
55,46,5.0
55,47,5.0
55,48,5.0
55,49,5.0
55,50,5.0
55,51,5.0
55,52,5.0
55,53,5.0
55,54,5.0
55,55,5.0
55,56,5.0
55,57,5.0
55,58,6.6020599913279625
55,59,5.060480747381382
55,60,5.42021640338319
55,61,5.080921907623926
55,62,6.853871964321762
55,63,6.508638306165727
55,64,5.0
55,65,5.0
55,66,6.886056647693163
55,67,6.309803919971486
55,68,5.0
55,69,5.0
55,70,5.0
55,71,5.2076083105017466
55,72,5.1249387366083
55,73,5.0
55,74,5.0
55,75,5.0
55,76,7.552841968657781
55,77,5.0
55,78,5.0
55,79,5.0
55,80,5.0
55,81,5.0
55,82,5.0
55,83,5.0
55,84,5.0
55,85,5.0
55,86,5.0
55,87,5.0
55,88,5.0
55,89,5.0
55,90,5.0
55,91,5.0
55,92,5.0
55,93,5.0
55,94,8.823908740944319
55,95,8.18045606445813
55,96,5.0
55,97,5.0
55,98,5.0
55,99,5.0
55,100,5.0
55,101,5.0
55,102,5.0
55,103,5.0
55,104,5.0
55,105,5.0
55,106,5.0
55,107,5.0
55,108,5.0
55,109,5.0
55,110,5.0
55,111,5.0
55,112,5.0
55,113,5.0
55,114,5.0
55,115,5.0
55,116,5.0
55,117,5.508638306165727
55,118,5.698970004336019
55,119,5.721246399047171
55,120,5.522878745280337
55,121,5.455931955649724
55,122,6.431798275933005
55,123,5.275724130399211
55,124,5.619788758288394
55,125,5.522878745280337
55,126,5.721246399047171
55,127,5.0
55,128,5.7447274948966935
55,129,6.619788758288394
55,130,5.0
55,131,5.0
55,132,5.0
55,133,5.0
55,134,5.0
55,135,5.0
55,136,5.0
55,137,5.0
55,138,7.337242168318426
55,139,5.0
55,140,5.0
55,141,5.0
55,142,5.0
55,143,5.552841968657781
55,144,5.568636235841013
55,145,5.376750709602099
55,146,5.229147988357856
55,147,5.0
55,148,5.107905397309519
55,149,7.508638306165727
55,150,7.886056647693163
55,151,7.522878745280337
55,152,7.086186147616283
55,153,8.346787486224656
55,154,7.958607314841775
55,155,7.769551078621726
55,156,7.022276394711152
55,157,6.292429823902063
55,158,5.075720713938118
55,159,5.0
55,160,5.0
55,161,5.0
55,162,5.0
55,163,5.0
55,164,5.0
55,165,5.0
55,166,5.070581074285707
55,167,5.481486060122113
55,168,5.769551078621726
55,169,6.356547323513812
55,170,8.481486060122112
55,171,5.318758762624412
55,172,5.0
55,173,5.0
55,174,5.0
55,175,5.0
55,176,5.0
55,177,5.0
55,178,5.0
55,179,5.0
55,180,5.0
55,181,5.0
55,182,5.0
55,183,5.0
55,184,5.0
55,185,5.0
55,186,5.0
55,187,5.136677139879544
55,188,5.0
55,189,5.130768280269024
55,190,5.0
55,191,7.552841968657781
55,192,7.698970004336019
55,193,6.366531544420414
55,194,6.508638306165727
55,195,7.602059991327962
55,196,7.795880017344075
55,197,7.744727494896693
55,198,6.619788758288394
55,199,5.0
55,200,5.0
55,201,5.568636235841013
55,202,5.795880017344075
55,203,5.017728766960431
55,204,5.0
55,205,6.823908740944319
55,206,5.0
55,207,5.0
55,208,5.0
55,209,5.522878745280337
55,210,5.0
55,211,5.0
55,212,5.0
55,213,5.0
55,214,5.0
55,215,5.0
55,216,5.0
55,217,5.0
55,218,5.0
55,219,5.318758762624412
55,220,5.795880017344075
55,221,5.0
55,222,5.0
55,223,5.0
55,224,5.0
55,225,5.0
55,226,5.0
55,227,5.0
55,228,5.0
55,229,5.0
55,230,5.0
55,231,5.0
55,232,6.721246399047171
55,233,5.0
55,234,5.0
55,235,5.443697499232713
55,236,5.0
55,237,5.0
55,238,5.0
55,239,5.0
55,240,5.0
55,241,6.638272163982407
55,242,6.886056647693163
55,243,5.017728766960431
55,244,5.0
55,245,5.0
55,246,5.0
55,247,5.0
55,248,5.0
55,249,5.0
55,250,5.0
55,251,5.0
55,252,5.0
55,253,5.0
55,254,5.0
55,255,6.886056647693163
55,256,5.0
55,257,5.267606240177032
55,258,5.0
55,259,5.0
55,260,5.1487416512809245
55,261,5.0
55,262,5.0
55,263,5.0
55,264,5.0
55,265,5.0
55,266,5.0
55,267,5.0
55,268,5.0
55,269,5.0
55,270,5.0
55,271,5.0
55,272,5.0
55,273,6.1938200260161125
55,274,5.0
55,275,6.431798275933005
55,276,6.638272163982407
55,277,5.180456064458132
55,278,5.119186407719209
55,279,5.0
55,280,5.0
55,281,5.0
55,282,5.0
55,283,5.0
55,284,5.0
55,285,5.0
55,286,5.795880017344075
55,287,5.0
55,288,7.207608310501746
55,289,7.431798275933005
55,290,5.0
55,291,6.657577319177793
55,292,5.0
55,293,5.537602002101044
55,294,5.537602002101044
55,295,5.0
55,296,5.0
55,297,5.0
55,298,5.0
55,299,5.0
55,300,5.0
55,301,5.0
55,302,5.0
55,303,5.0
55,304,5.0
55,305,5.0
55,306,5.0
55,307,5.0
55,308,5.0
55,309,5.0
55,310,5.0
55,311,5.0
55,312,5.0
55,313,5.0
55,314,5.0
55,315,5.0
55,316,5.0
55,317,5.0
55,318,5.0
55,319,5.0
55,320,5.0
55,321,5.0
55,322,5.0
55,323,5.0
55,324,5.0
55,325,5.0
55,326,5.0
55,327,5.0
55,328,5.0
55,329,5.346787486224656
55,330,5.0
55,331,5.0
55,332,5.0
55,333,5.0
55,334,5.0
55,335,5.0
55,336,5.0
55,337,5.0
55,338,5.0
55,339,5.0
55,340,5.0
55,341,5.0
55,342,5.0
55,343,5.0
55,344,5.0
55,345,6.638272163982407
55,346,7.886056647693163
55,347,8.130768280269024
55,348,7.4089353929735005
55,349,7.657577319177793
55,350,5.0
55,351,5.0
55,352,5.0
55,353,5.0
55,354,5.886056647693163
55,355,5.0
55,356,5.0
55,357,5.0
55,358,5.0
55,359,5.0
55,360,5.0
55,361,5.0
55,362,5.0
55,363,5.0
55,364,5.0
55,365,5.0
55,366,5.0
55,367,5.0
55,368,5.0
55,369,5.0
55,370,5.1249387366083
55,371,5.0
55,372,5.0
55,373,5.0
55,374,5.0
55,375,5.0
55,376,5.0
55,377,6.0
55,378,5.0
55,379,5.0
55,380,5.0
55,381,5.008773924307505
55,382,5.0
55,383,5.0
55,384,5.0
55,385,5.0
55,386,5.619788758288394
55,387,5.0
55,388,5.42021640338319
55,389,5.0
55,390,5.0
55,391,6.161150909262744
55,392,5.508638306165727
55,393,6.267606240177032
55,394,5.568636235841013
55,395,5.0
55,396,5.0
55,397,5.0
55,398,5.0
55,399,5.161150909262744
55,400,7.167491087293763
55,401,5.6777807052660805
55,402,5.0
55,403,5.0
55,404,5.102372908709558
55,405,5.638272163982407
55,406,5.0
55,407,6.552841968657781
55,408,5.200659450546418
55,409,5.6777807052660805
55,410,6.221848749616356
55,411,5.0
55,412,5.0
55,413,5.455931955649724
55,414,5.0
55,415,5.0
55,416,5.0
55,417,5.0
55,418,5.0
55,419,5.0
55,420,5.0
55,421,7.229147988357856
55,422,5.0
55,423,5.0
55,424,5.0
55,425,5.0
55,426,5.0
55,427,5.0
55,428,5.0
55,429,5.0
55,430,7.00436480540245
55,431,8.200659450546418
55,432,5.0
56,0,8.920818753952375
56,1,7.657577319177793
56,2,6.886056647693163
56,3,7.337242168318426
56,4,7.443697499232713
56,5,7.2839966563652
56,6,7.958607314841775
56,7,8.537602002101044
56,8,7.638272163982407
56,9,7.657577319177793
56,10,6.958607314841775
56,11,6.327902142064283
56,12,6.167491087293763
56,13,5.050609993355088
56,14,5.337242168318426
56,15,5.0
56,16,5.0
56,17,5.0
56,18,7.698970004336019
56,19,7.356547323513813
56,20,6.769551078621726
56,21,7.494850021680094
56,22,8.431798275933005
56,23,7.920818753952375
56,24,6.568636235841013
56,25,8.356547323513812
56,26,6.958607314841775
56,27,6.585026652029182
56,28,7.769551078621726
56,29,7.721246399047171
56,30,7.638272163982407
56,31,8.167491087293763
56,32,8.2518119729938
56,33,7.823908740944319
56,34,5.431798275933005
56,35,6.769551078621726
56,36,5.638272163982407
56,37,6.769551078621726
56,38,5.0
56,39,5.0
56,40,5.638272163982407
56,41,7.585026652029182
56,42,8.455931955649724
56,43,6.6777807052660805
56,44,7.568636235841013
56,45,8.958607314841775
56,46,7.638272163982407
56,47,9.795880017344077
56,48,8.886056647693163
56,49,9.494850021680094
56,50,9.259637310505756
56,51,7.387216143280264
56,52,10.4089353929735
56,53,9.795880017344077
56,54,7.721246399047171
56,55,5.0
56,56,5.0
56,57,7.154901959985743
56,58,6.721246399047171
56,59,8.154901959985743
56,60,7.522878745280337
56,61,7.075720713938118
56,62,7.346787486224656
56,63,6.292429823902063
56,64,7.0
56,65,6.481486060122113
56,66,6.292429823902063
56,67,5.292429823902063
56,68,6.468521082957745
56,69,8.494850021680094
56,70,7.130768280269024
56,71,6.468521082957745
56,72,7.494850021680094
56,73,8.086186147616283
56,74,6.040958607678906
56,75,8.017728766960431
56,76,7.920818753952375
56,77,6.481486060122113
56,78,6.013228265733755
56,79,6.6020599913279625
56,80,5.619788758288394
56,81,7.136677139879544
56,82,5.455931955649724
56,83,6.107905397309519
56,84,5.0
56,85,6.026872146400302
56,86,6.638272163982407
56,87,6.585026652029182
56,88,8.853871964321762
56,89,8.795880017344075
56,90,9.0
56,91,6.958607314841775
56,92,7.136677139879544
56,93,7.769551078621726
56,94,7.721246399047171
56,95,7.376750709602099
56,96,5.823908740944319
56,97,8.455931955649724
56,98,7.431798275933005
56,99,7.853871964321762
56,100,7.67778070526608
56,101,8.397940008672037
56,102,7.552841968657781
56,103,6.6020599913279625
56,104,6.431798275933005
56,105,6.920818753952375
56,106,5.958607314841775
56,107,5.958607314841775
56,108,7.017728766960432
56,109,6.522878745280337
56,110,6.6777807052660805
56,111,6.568636235841013
56,112,9.455931955649724
56,113,6.221848749616356
56,114,6.537602002101044
56,115,9.113509274827518
56,116,5.0
56,117,6.522878745280337
56,118,5.920818753952375
56,119,7.568636235841013
56,120,6.537602002101044
56,121,7.022276394711152
56,122,6.537602002101044
56,123,6.200659450546418
56,124,6.721246399047171
56,125,6.619788758288394
56,126,5.6777807052660805
56,127,5.0
56,128,5.657577319177793
56,129,6.6777807052660805
56,130,6.721246399047171
56,131,5.0
56,132,6.113509274827518
56,133,5.075720713938118
56,134,5.136677139879544
56,135,5.508638306165727
56,136,5.0
56,137,5.795880017344075
56,138,7.455931955649724
56,139,7.67778070526608
56,140,7.1938200260161125
56,141,7.619788758288394
56,142,7.638272163982407
56,143,7.045757490560675
56,144,7.0
56,145,7.055517327849832
56,146,6.508638306165727
56,147,6.6020599913279625
56,148,7.769551078621726
56,149,6.823908740944319
56,150,8.537602002101044
56,151,8.67778070526608
56,152,8.602059991327963
56,153,8.481486060122112
56,154,8.67778070526608
56,155,9.657577319177792
56,156,7.552841968657781
56,157,7.346787486224656
56,158,7.481486060122113
56,159,7.769551078621726
56,160,7.795880017344075
56,161,9.013228265733757
56,162,7.431798275933005
56,163,9.065501548756432
56,164,6.853871964321762
56,165,7.161150909262744
56,166,7.698970004336019
56,167,5.568636235841013
56,168,6.721246399047171
56,169,7.1249387366083
56,170,6.4089353929735005
56,171,8.366531544420413
56,172,6.2076083105017466
56,173,7.795880017344075
56,174,6.6777807052660805
56,175,8.236572006437063
56,176,7.508638306165727
56,177,8.292429823902063
56,178,6.958607314841775
56,179,7.091514981121351
56,180,7.397940008672037
56,181,7.886056647693163
56,182,8.769551078621726
56,183,7.721246399047171
56,184,8.214670164989233
56,185,5.0
56,186,8.008773924307505
56,187,7.920818753952375
56,188,6.657577319177793
56,189,6.040958607678906
56,190,6.958607314841775
56,191,7.721246399047171
56,192,9.221848749616356
56,193,9.366531544420411
56,194,9.193820026016112
56,195,7.657577319177793
56,196,7.823908740944319
56,197,8.022276394711152
56,198,7.42021640338319
56,199,7.376750709602099
56,200,7.769551078621726
56,201,7.522878745280337
56,202,6.318758762624412
56,203,5.036212172654444
56,204,7.214670164989233
56,205,10.431798275933003
56,206,8.508638306165727
56,207,9.4089353929735
56,208,7.431798275933005
56,209,7.397940008672037
56,210,6.6777807052660805
56,211,5.585026652029182
56,212,6.455931955649724
56,213,8.602059991327963
56,214,8.619788758288394
56,215,5.552841968657781
56,216,5.920818753952375
56,217,8.05551732784983
56,218,8.086186147616283
56,219,7.619788758288394
56,220,7.744727494896693
56,221,6.055517327849832
56,222,6.568636235841013
56,223,8.397940008672037
56,224,9.154901959985745
56,225,8.522878745280337
56,226,8.267606240177031
56,227,6.823908740944319
56,228,7.67778070526608
56,229,7.552841968657781
56,230,8.301029995663981
56,231,7.154901959985743
56,232,8.537602002101044
56,233,8.468521082957745
56,234,7.481486060122113
56,235,8.193820026016112
56,236,6.721246399047171
56,237,6.886056647693163
56,238,6.853871964321762
56,239,9.0
56,240,7.522878745280337
56,241,6.769551078621726
56,242,7.769551078621726
56,243,6.853871964321762
56,244,8.0
56,245,7.2839966563652
56,246,7.698970004336019
56,247,7.244125144327507
56,248,7.376750709602099
56,249,9.721246399047171
56,250,6.3979400086720375
56,251,9.744727494896694
56,252,6.920818753952375
56,253,6.853871964321762
56,254,5.0
56,255,7.0655015487564325
56,256,7.823908740944319
56,257,7.214670164989233
56,258,6.327902142064283
56,259,6.301029995663981
56,260,6.522878745280337
56,261,7.251811972993799
56,262,7.552841968657781
56,263,6.0655015487564325
56,264,5.508638306165727
56,265,6.1249387366083
56,266,5.0
56,267,5.0
56,268,6.091514981121351
56,269,5.0
56,270,5.346787486224656
56,271,5.508638306165727
56,272,6.853871964321762
56,273,6.657577319177793
56,274,6.356547323513812
56,275,5.0
56,276,5.0
56,277,6.619788758288394
56,278,7.376750709602099
56,279,9.244125144327509
56,280,8.508638306165727
56,281,8.148741651280925
56,282,8.200659450546418
56,283,9.244125144327509
56,284,8.920818753952375
56,285,7.619788758288394
56,286,7.017728766960432
56,287,6.568636235841013
56,288,8.0
56,289,8.744727494896694
56,290,8.769551078621726
56,291,9.602059991327964
56,292,6.096910013008056
56,293,6.585026652029182
56,294,6.795880017344075
56,295,9.187086643357144
56,296,9.853871964321762
56,297,5.0
56,298,6.366531544420414
56,299,5.0
56,300,5.0
56,301,5.0
56,302,5.0
56,303,5.0
56,304,6.3979400086720375
56,305,5.0
56,306,5.0
56,307,5.0
56,308,5.0
56,309,5.0
56,310,5.0
56,311,5.7447274948966935
56,312,6.337242168318426
56,313,8.494850021680094
56,314,8.721246399047171
56,315,9.292429823902063
56,316,7.366531544420414
56,317,5.568636235841013
56,318,7.113509274827518
56,319,5.0
56,320,7.721246399047171
56,321,7.5376020021010435
56,322,5.0
56,323,8.886056647693163
56,324,8.602059991327963
56,325,7.055517327849832
56,326,6.721246399047171
56,327,6.698970004336019
56,328,6.040958607678906
56,329,9.113509274827518
56,330,8.823908740944319
56,331,9.602059991327964
56,332,8.318758762624412
56,333,7.585026652029182
56,334,8.070581074285707
56,335,7.568636235841013
56,336,7.142667503568732
56,337,7.744727494896693
56,338,7.494850021680094
56,339,7.795880017344075
56,340,6.443697499232713
56,341,7.886056647693163
56,342,6.657577319177793
56,343,8.455931955649724
56,344,9.337242168318426
56,345,5.0
56,346,7.823908740944319
56,347,7.552841968657781
56,348,7.823908740944319
56,349,7.920818753952375
56,350,6.886056647693163
56,351,6.4089353929735005
56,352,7.119186407719209
56,353,5.0
56,354,5.2839966563652006
56,355,6.958607314841775
56,356,7.958607314841775
56,357,9.55284196865778
56,358,9.619788758288394
56,359,7.522878745280337
56,360,6.920818753952375
56,361,5.657577319177793
56,362,7.376750709602099
56,363,6.050609993355088
56,364,7.366531544420414
56,365,5.920818753952375
56,366,7.161150909262744
56,367,8.050609993355087
56,368,6.721246399047171
56,369,7.744727494896693
56,370,5.481486060122113
56,371,8.886056647693163
56,372,8.494850021680094
56,373,7.602059991327962
56,374,8.468521082957745
56,375,8.657577319177793
56,376,8.958607314841775
56,377,10.619788758288394
56,378,10.065501548756432
56,379,7.045757490560675
56,380,7.0655015487564325
56,381,6.130768280269024
56,382,8.259637310505756
56,383,7.173925197299173
56,384,7.136677139879544
56,385,6.568636235841013
56,386,8.744727494896694
56,387,6.853871964321762
56,388,5.173925197299173
56,389,6.886056647693163
56,390,7.853871964321762
56,391,7.173925197299173
56,392,9.346787486224656
56,393,7.920818753952375
56,394,9.657577319177792
56,395,9.050609993355089
56,396,5.886056647693163
56,397,6.494850021680094
56,398,5.698970004336019
56,399,5.0
56,400,7.187086643357144
56,401,6.853871964321762
56,402,7.568636235841013
56,403,7.795880017344075
56,404,8.327902142064282
56,405,8.602059991327963
56,406,7.795880017344075
56,407,6.0
56,408,8.397940008672037
56,409,8.42021640338319
56,410,7.769551078621726
56,411,5.0
56,412,7.619788758288394
56,413,7.214670164989233
56,414,6.638272163982407
56,415,7.251811972993799
56,416,5.508638306165727
56,417,6.552841968657781
56,418,8.00436480540245
56,419,9.102372908709558
56,420,8.920818753952375
56,421,6.657577319177793
56,422,5.0
56,423,5.795880017344075
56,424,5.0
56,425,7.886056647693163
56,426,7.008773924307505
56,427,6.508638306165727
56,428,7.2839966563652
56,429,6.958607314841775
56,430,9.065501548756432
56,431,5.0
56,432,7.356547323513813
57,0,7.958607314841775
57,1,6.7447274948966935
57,2,6.050609993355088
57,3,6.431798275933005
57,4,6.853871964321762
57,5,6.920818753952375
57,6,7.119186407719209
57,7,7.259637310505756
57,8,6.853871964321762
57,9,6.823908740944319
57,10,6.0
57,11,5.0
57,12,5.0
57,13,5.0
57,14,5.0
57,15,5.0
57,16,5.0
57,17,5.0
57,18,5.0
57,19,5.568636235841013
57,20,5.0
57,21,6.769551078621726
57,22,7.721246399047171
57,23,7.050609993355087
57,24,6.508638306165727
57,25,7.318758762624412
57,26,5.0
57,27,5.0
57,28,5.769551078621726
57,29,6.42021640338319
57,30,6.657577319177793
57,31,8.045757490560675
57,32,8.259637310505756
57,33,7.187086643357144
57,34,5.0
57,35,5.619788758288394
57,36,6.2441251443275085
57,37,5.0
57,38,5.0
57,39,5.0
57,40,5.337242168318426
57,41,5.455931955649724
57,42,5.958607314841775
57,43,5.6777807052660805
57,44,6.013228265733755
57,45,6.292429823902063
57,46,6.356547323513812
57,47,7.096910013008056
57,48,5.853871964321762
57,49,6.376750709602099
57,50,6.161150909262744
57,51,6.050609993355088
57,52,6.376750709602099
57,53,5.823908740944319
57,54,5.0
57,55,5.0
57,56,5.0
57,57,5.0
57,58,5.0
57,59,5.0
57,60,5.0
57,61,5.161150909262744
57,62,6.481486060122113
57,63,5.0
57,64,5.0
57,65,5.0
57,66,5.958607314841775
57,67,5.0
57,68,5.0
57,69,6.522878745280337
57,70,8.0
57,71,5.4089353929735005
57,72,7.657577319177793
57,73,7.698970004336019
57,74,5.0
57,75,7.5376020021010435
57,76,8.602059991327963
57,77,5.0
57,78,7.00436480540245
57,79,6.259637310505756
57,80,7.823908740944319
57,81,7.886056647693163
57,82,6.031517051446065
57,83,6.958607314841775
57,84,6.619788758288394
57,85,6.045757490560675
57,86,6.795880017344075
57,87,5.113509274827518
57,88,6.920818753952375
57,89,6.823908740944319
57,90,7.657577319177793
57,91,6.431798275933005
57,92,5.568636235841013
57,93,6.958607314841775
57,94,5.698970004336019
57,95,5.537602002101044
57,96,7.0
57,97,5.0
57,98,5.0
57,99,9.0
57,100,6.958607314841775
57,101,6.698970004336019
57,102,5.638272163982407
57,103,6.167491087293763
57,104,5.0
57,105,5.0
57,106,5.167491087293763
57,107,5.0
57,108,5.0
57,109,5.0
57,110,5.0
57,111,5.0
57,112,6.0655015487564325
57,113,5.0
57,114,5.0
57,115,5.619788758288394
57,116,5.0
57,117,5.0
57,118,5.0
57,119,5.6777807052660805
57,120,5.0
57,121,5.920818753952375
57,122,6.017728766960432
57,123,5.619788758288394
57,124,5.0
57,125,6.318758762624412
57,126,5.0
57,127,5.0
57,128,5.508638306165727
57,129,6.0
57,130,5.0
57,131,5.0
57,132,5.0
57,133,5.0
57,134,5.0
57,135,5.0
57,136,5.0
57,137,5.00436480540245
57,138,5.0
57,139,6.221848749616356
57,140,6.356547323513812
57,141,5.958607314841775
57,142,6.017728766960432
57,143,6.2839966563652006
57,144,6.2441251443275085
57,145,6.537602002101044
57,146,5.853871964321762
57,147,5.6777807052660805
57,148,6.568636235841013
57,149,8.744727494896694
57,150,9.387216143280265
57,151,8.366531544420413
57,152,8.638272163982407
57,153,9.657577319177792
57,154,8.619788758288394
57,155,7.958607314841775
57,156,7.301029995663981
57,157,6.275724130399211
57,158,6.2839966563652006
57,159,7.698970004336019
57,160,6.7447274948966935
57,161,6.537602002101044
57,162,6.853871964321762
57,163,6.7447274948966935
57,164,5.0
57,165,5.0
57,166,6.055517327849832
57,167,7.259637310505756
57,168,7.508638306165727
57,169,7.387216143280264
57,170,6.795880017344075
57,171,7.795880017344075
57,172,6.301029995663981
57,173,6.327902142064283
57,174,5.585026652029182
57,175,6.2839966563652006
57,176,5.0
57,177,6.2076083105017466
57,178,6.301029995663981
57,179,6.366531544420414
57,180,7.853871964321762
57,181,6.026872146400302
57,182,7.180456064458132
57,183,7.886056647693163
57,184,5.221848749616356
57,185,7.309803919971486
57,186,6.3872161432802645
57,187,5.920818753952375
57,188,5.0
57,189,5.619788758288394
57,190,5.366531544420414
57,191,9.431798275933003
57,192,7.366531544420414
57,193,6.958607314841775
57,194,6.42021640338319
57,195,8.886056647693163
57,196,9.387216143280265
57,197,9.55284196865778
57,198,9.67778070526608
57,199,6.200659450546418
57,200,6.337242168318426
57,201,6.638272163982407
57,202,5.0
57,203,5.0
57,204,7.42021640338319
57,205,7.721246399047171
57,206,6.958607314841775
57,207,7.119186407719209
57,208,5.7447274948966935
57,209,6.568636235841013
57,210,7.022276394711152
57,211,5.0
57,212,5.0
57,213,5.886056647693163
57,214,7.244125144327507
57,215,6.657577319177793
57,216,5.318758762624412
57,217,7.481486060122113
57,218,6.7447274948966935
57,219,6.853871964321762
57,220,7.387216143280264
57,221,5.0
57,222,5.0
57,223,5.920818753952375
57,224,6.508638306165727
57,225,6.3872161432802645
57,226,5.443697499232713
57,227,6.698970004336019
57,228,6.886056647693163
57,229,6.958607314841775
57,230,5.769551078621726
57,231,6.154901959985743
57,232,7.337242168318426
57,233,5.2839966563652006
57,234,6.455931955649724
57,235,7.585026652029182
57,236,5.142667503568732
57,237,5.920818753952375
57,238,5.327902142064283
57,239,7.5376020021010435
57,240,5.0
57,241,5.4089353929735005
57,242,5.2441251443275085
57,243,7.638272163982407
57,244,5.468521082957745
57,245,5.0
57,246,5.886056647693163
57,247,5.0
57,248,5.0
57,249,7.721246399047171
57,250,5.0
57,251,7.251811972993799
57,252,7.200659450546418
57,253,6.468521082957745
57,254,5.0
57,255,6.309803919971486
57,256,6.552841968657781
57,257,7.309803919971486
57,258,7.823908740944319
57,259,5.508638306165727
57,260,5.346787486224656
57,261,6.3872161432802645
57,262,6.013228265733755
57,263,5.0
57,264,5.0
57,265,5.853871964321762
57,266,5.0
57,267,5.0
57,268,5.0
57,269,5.0
57,270,5.3872161432802645
57,271,5.0
57,272,6.070581074285707
57,273,5.0
57,274,6.275724130399211
57,275,5.0
57,276,5.0
57,277,5.0
57,278,5.0
57,279,5.0
57,280,5.0
57,281,7.795880017344075
57,282,5.638272163982407
57,283,5.619788758288394
57,284,6.1938200260161125
57,285,6.823908740944319
57,286,5.920818753952375
57,287,5.769551078621726
57,288,9.102372908709558
57,289,10.1249387366083
57,290,5.455931955649724
57,291,5.886056647693163
57,292,5.0
57,293,5.0
57,294,6.568636235841013
57,295,8.259637310505756
57,296,8.229147988357855
57,297,5.0
57,298,5.0
57,299,5.0
57,300,5.0
57,301,5.0
57,302,5.0
57,303,5.0
57,304,5.0
57,305,5.0
57,306,5.0
57,307,5.0
57,308,5.0
57,309,5.0
57,310,5.0
57,311,5.0
57,312,5.0
57,313,5.0
57,314,5.0
57,315,5.619788758288394
57,316,5.267606240177032
57,317,5.0
57,318,7.4089353929735005
57,319,5.0
57,320,5.0
57,321,5.0
57,322,5.0
57,323,6.1487416512809245
57,324,5.886056647693163
57,325,7.060480747381382
57,326,5.0
57,327,5.327902142064283
57,328,5.0
57,329,6.721246399047171
57,330,5.0
57,331,5.0
57,332,5.0
57,333,5.0
57,334,5.366531544420414
57,335,6.508638306165727
57,336,6.42021640338319
57,337,6.552841968657781
57,338,5.0
57,339,5.0
57,340,6.173925197299173
57,341,5.0
57,342,6.4089353929735005
57,343,7.086186147616283
57,344,5.0
57,345,5.0
57,346,7.886056647693163
57,347,7.721246399047171
57,348,8.060480747381382
57,349,8.236572006437063
57,350,7.455931955649724
57,351,7.309803919971486
57,352,5.42021640338319
57,353,6.431798275933005
57,354,5.0
57,355,5.6777807052660805
57,356,5.886056647693163
57,357,6.337242168318426
57,358,6.853871964321762
57,359,5.0
57,360,7.017728766960432
57,361,5.698970004336019
57,362,7.552841968657781
57,363,5.769551078621726
57,364,6.853871964321762
57,365,5.301029995663981
57,366,6.236572006437063
57,367,7.769551078621726
57,368,5.075720713938118
57,369,5.619788758288394
57,370,5.0
57,371,7.318758762624412
57,372,6.698970004336019
57,373,5.721246399047171
57,374,6.657577319177793
57,375,5.494850021680094
57,376,6.236572006437063
57,377,7.251811972993799
57,378,6.823908740944319
57,379,6.1938200260161125
57,380,5.6777807052660805
57,381,5.0
57,382,6.6020599913279625
57,383,6.721246399047171
57,384,7.229147988357856
57,385,6.6020599913279625
57,386,7.769551078621726
57,387,5.886056647693163
57,388,5.0
57,389,6.853871964321762
57,390,5.0
57,391,7.031517051446065
57,392,6.050609993355088
57,393,5.0
57,394,6.6777807052660805
57,395,6.920818753952375
57,396,5.0
57,397,5.0
57,398,5.0
57,399,5.0
57,400,5.4089353929735005
57,401,5.0
57,402,6.130768280269024
57,403,6.481486060122113
57,404,7.602059991327962
57,405,6.167491087293763
57,406,5.050609993355088
57,407,5.0
57,408,7.0
57,409,6.229147988357856
57,410,5.292429823902063
57,411,5.0
57,412,5.200659450546418
57,413,7.200659450546418
57,414,5.0
57,415,5.795880017344075
57,416,6.443697499232713
57,417,7.309803919971486
57,418,7.638272163982407
57,419,7.886056647693163
57,420,7.376750709602099
57,421,8.823908740944319
57,422,5.0
57,423,5.958607314841775
57,424,5.0
57,425,5.0
57,426,5.0
57,427,5.0
57,428,6.920818753952375
57,429,6.537602002101044
57,430,7.769551078621726
57,431,5.0
57,432,5.0
58,0,6.327902142064283
58,1,6.721246399047171
58,2,7.853871964321762
58,3,7.721246399047171
58,4,6.795880017344075
58,5,7.022276394711152
58,6,7.154901959985743
58,7,8.267606240177031
58,8,7.0
58,9,6.769551078621726
58,10,6.42021640338319
58,11,7.5376020021010435
58,12,7.013228265733755
58,13,5.657577319177793
58,14,5.366531544420414
58,15,7.244125144327507
58,16,5.769551078621726
58,17,7.036212172654444
58,18,5.0
58,19,5.0
58,20,5.0
58,21,8.958607314841775
58,22,7.568636235841013
58,23,7.309803919971486
58,24,5.026872146400302
58,25,7.886056647693163
58,26,5.0
58,27,5.7447274948966935
58,28,7.356547323513813
58,29,6.823908740944319
58,30,7.481486060122113
58,31,7.920818753952375
58,32,5.721246399047171
58,33,6.886056647693163
58,34,6.769551078621726
58,35,9.070581074285707
58,36,5.4089353929735005
58,37,5.958607314841775
58,38,5.0
58,39,5.0
58,40,7.443697499232713
58,41,6.508638306165727
58,42,6.721246399047171
58,43,7.638272163982407
58,44,5.958607314841775
58,45,6.638272163982407
58,46,5.522878745280337
58,47,6.008773924307505
58,48,5.721246399047171
58,49,6.2441251443275085
58,50,6.107905397309519
58,51,7.522878745280337
58,52,7.301029995663981
58,53,7.958607314841775
58,54,6.036212172654444
58,55,5.0
58,56,5.0
58,57,5.0
58,58,5.0
58,59,5.2839966563652006
58,60,5.0
58,61,5.795880017344075
58,62,6.721246399047171
58,63,5.0
58,64,5.0
58,65,5.0
58,66,5.0
58,67,5.0
58,68,5.0
58,69,7.356547323513813
58,70,7.142667503568732
58,71,5.0
58,72,7.920818753952375
58,73,7.086186147616283
58,74,6.6777807052660805
58,75,6.958607314841775
58,76,7.318758762624412
58,77,5.7447274948966935
58,78,5.0
58,79,5.2839966563652006
58,80,5.0
58,81,5.0
58,82,5.0
58,83,5.0
58,84,5.0
58,85,5.0
58,86,5.017728766960431
58,87,5.552841968657781
58,88,5.7447274948966935
58,89,6.060480747381382
58,90,5.657577319177793
58,91,8.309803919971486
58,92,7.795880017344075
58,93,7.853871964321762
58,94,6.853871964321762
58,95,5.3872161432802645
58,96,7.376750709602099
58,97,5.6777807052660805
58,98,5.022276394711152
58,99,5.537602002101044
58,100,5.1487416512809245
58,101,5.537602002101044
58,102,5.346787486224656
58,103,5.0
58,104,6.7447274948966935
58,105,7.091514981121351
58,106,5.698970004336019
58,107,5.795880017344075
58,108,7.142667503568732
58,109,6.958607314841775
58,110,7.102372908709558
58,111,7.337242168318426
58,112,8.468521082957745
58,113,7.008773924307505
58,114,6.3979400086720375
58,115,8.148741651280925
58,116,5.0
58,117,7.4089353929735005
58,118,6.050609993355088
58,119,5.3979400086720375
58,120,6.040958607678906
58,121,5.431798275933005
58,122,6.920818753952375
58,123,6.698970004336019
58,124,5.0
58,125,6.468521082957745
58,126,5.823908740944319
58,127,5.721246399047171
58,128,6.1249387366083
58,129,6.455931955649724
58,130,6.267606240177032
58,131,5.0
58,132,6.552841968657781
58,133,6.366531544420414
58,134,6.522878745280337
58,135,5.0
58,136,5.0
58,137,7.318758762624412
58,138,6.6777807052660805
58,139,6.7447274948966935
58,140,8.958607314841775
58,141,8.853871964321762
58,142,8.318758762624412
58,143,7.327902142064283
58,144,6.6020599913279625
58,145,7.022276394711152
58,146,6.920818753952375
58,147,6.958607314841775
58,148,6.920818753952375
58,149,6.259637310505756
58,150,7.823908740944319
58,151,8.309803919971486
58,152,8.698970004336019
58,153,8.086186147616283
58,154,7.958607314841775
58,155,7.468521082957745
58,156,6.769551078621726
58,157,7.568636235841013
58,158,5.853871964321762
58,159,8.275724130399212
58,160,5.958607314841775
58,161,6.3872161432802645
58,162,5.455931955649724
58,163,6.443697499232713
58,164,5.0
58,165,5.0
58,166,6.3872161432802645
58,167,5.356547323513812
58,168,5.356547323513812
58,169,5.161150909262744
58,170,6.455931955649724
58,171,6.853871964321762
58,172,6.455931955649724
58,173,5.3979400086720375
58,174,8.568636235841012
58,175,5.0
58,176,5.0
58,177,5.958607314841775
58,178,8.619788758288394
58,179,8.207608310501746
58,180,7.346787486224656
58,181,6.795880017344075
58,182,7.113509274827518
58,183,7.468521082957745
58,184,6.3872161432802645
58,185,6.522878745280337
58,186,7.795880017344075
58,187,7.769551078621726
58,188,6.795880017344075
58,189,6.552841968657781
58,190,7.173925197299173
58,191,6.958607314841775
58,192,6.657577319177793
58,193,6.853871964321762
58,194,7.585026652029182
58,195,7.309803919971486
58,196,7.091514981121351
58,197,6.886056647693163
58,198,5.920818753952375
58,199,5.795880017344075
58,200,5.698970004336019
58,201,7.309803919971486
58,202,5.958607314841775
58,203,5.958607314841775
58,204,5.0
58,205,7.086186147616283
58,206,8.853871964321762
58,207,9.065501548756432
58,208,9.022276394711152
58,209,6.552841968657781
58,210,7.244125144327507
58,211,5.0
58,212,5.366531544420414
58,213,6.096910013008056
58,214,6.958607314841775
58,215,6.494850021680094
58,216,5.698970004336019
58,217,6.721246399047171
58,218,7.187086643357144
58,219,6.013228265733755
58,220,6.721246399047171
58,221,5.0
58,222,5.0
58,223,7.508638306165727
58,224,7.356547323513813
58,225,7.920818753952375
58,226,7.920818753952375
58,227,5.481486060122113
58,228,6.259637310505756
58,229,6.200659450546418
58,230,6.769551078621726
58,231,6.823908740944319
58,232,6.698970004336019
58,233,5.698970004336019
58,234,7.00436480540245
58,235,7.721246399047171
58,236,6.769551078621726
58,237,7.1938200260161125
58,238,6.7447274948966935
58,239,6.481486060122113
58,240,5.0
58,241,5.0
58,242,7.356547323513813
58,243,5.0
58,244,6.3872161432802645
58,245,5.958607314841775
58,246,6.376750709602099
58,247,5.0
58,248,5.318758762624412
58,249,6.481486060122113
58,250,6.214670164989233
58,251,6.508638306165727
58,252,5.537602002101044
58,253,6.292429823902063
58,254,5.0
58,255,6.585026652029182
58,256,6.657577319177793
58,257,5.0
58,258,5.0
58,259,7.173925197299173
58,260,7.091514981121351
58,261,6.356547323513812
58,262,6.236572006437063
58,263,5.0
58,264,5.0
58,265,5.7447274948966935
58,266,5.055517327849831
58,267,5.0
58,268,5.0
58,269,5.886056647693163
58,270,5.638272163982407
58,271,6.096910013008056
58,272,5.585026652029182
58,273,5.0
58,274,7.318758762624412
58,275,5.0
58,276,5.0
58,277,5.0
58,278,5.026872146400302
58,279,6.187086643357144
58,280,5.236572006437063
58,281,7.5376020021010435
58,282,5.698970004336019
58,283,5.455931955649724
58,284,6.4089353929735005
58,285,6.251811972993799
58,286,6.091514981121351
58,287,5.0
58,288,6.075720713938118
58,289,6.823908740944319
58,290,5.0
58,291,6.1487416512809245
58,292,5.0
58,293,5.6777807052660805
58,294,5.0
58,295,7.769551078621726
58,296,7.886056647693163
58,297,5.0
58,298,5.0
58,299,5.0
58,300,5.0
58,301,5.0
58,302,5.0
58,303,5.0
58,304,5.0
58,305,5.0
58,306,5.0
58,307,5.0
58,308,5.0
58,309,5.0
58,310,5.0
58,311,5.0
58,312,6.107905397309519
58,313,5.0
58,314,5.0
58,315,5.0
58,316,5.013228265733755
58,317,5.0
58,318,5.0
58,319,5.638272163982407
58,320,5.3979400086720375
58,321,5.3872161432802645
58,322,5.0
58,323,6.468521082957745
58,324,6.167491087293763
58,325,5.920818753952375
58,326,7.698970004336019
58,327,5.920818753952375
58,328,6.6777807052660805
58,329,9.031517051446064
58,330,5.455931955649724
58,331,5.698970004336019
58,332,5.0
58,333,5.0
58,334,5.823908740944319
58,335,7.096910013008056
58,336,6.795880017344075
58,337,7.045757490560675
58,338,6.366531544420414
58,339,6.619788758288394
58,340,5.0
58,341,5.236572006437063
58,342,5.119186407719209
58,343,8.958607314841775
58,344,5.886056647693163
58,345,5.0
58,346,6.823908740944319
58,347,6.853871964321762
58,348,6.920818753952375
58,349,6.853871964321762
58,350,5.0
58,351,5.0
58,352,5.455931955649724
58,353,5.0
58,354,5.017728766960431
58,355,5.494850021680094
58,356,7.244125144327507
58,357,7.431798275933005
58,358,6.886056647693163
58,359,9.309803919971486
58,360,5.6020599913279625
58,361,5.0
58,362,5.0
58,363,5.0
58,364,6.795880017344075
58,365,6.187086643357144
58,366,7.769551078621726
58,367,7.481486060122113
58,368,6.795880017344075
58,369,7.568636235841013
58,370,6.795880017344075
58,371,5.568636235841013
58,372,7.67778070526608
58,373,7.267606240177032
58,374,5.0
58,375,7.823908740944319
58,376,7.769551078621726
58,377,7.67778070526608
58,378,8.920818753952375
58,379,6.522878745280337
58,380,6.552841968657781
58,381,6.795880017344075
58,382,5.318758762624412
58,383,5.0
58,384,5.537602002101044
58,385,6.096910013008056
58,386,8.494850021680094
58,387,6.585026652029182
58,388,5.853871964321762
58,389,6.823908740944319
58,390,5.886056647693163
58,391,6.795880017344075
58,392,7.602059991327962
58,393,6.130768280269024
58,394,7.356547323513813
58,395,6.327902142064283
58,396,6.7447274948966935
58,397,5.0
58,398,6.721246399047171
58,399,6.6020599913279625
58,400,7.823908740944319
58,401,7.337242168318426
58,402,5.0
58,403,5.0
58,404,5.920818753952375
58,405,8.744727494896694
58,406,8.698970004336019
58,407,5.698970004336019
58,408,6.337242168318426
58,409,6.886056647693163
58,410,5.0
58,411,5.0
58,412,7.602059991327962
58,413,7.301029995663981
58,414,6.318758762624412
58,415,7.113509274827518
58,416,5.721246399047171
58,417,5.142667503568732
58,418,9.080921907623926
58,419,8.744727494896694
58,420,7.958607314841775
58,421,6.026872146400302
58,422,5.0
58,423,5.522878745280337
58,424,5.0
58,425,7.886056647693163
58,426,7.619788758288394
58,427,7.259637310505756
58,428,7.638272163982407
58,429,5.113509274827518
58,430,5.552841968657781
58,431,5.0
58,432,5.795880017344075
59,0,6.060480747381382
59,1,5.0
59,2,5.0
59,3,5.075720713938118
59,4,5.42021640338319
59,5,5.0
59,6,5.0
59,7,6.050609993355088
59,8,5.0
59,9,5.0
59,10,5.0
59,11,5.0
59,12,5.0
59,13,5.0
59,14,5.0
59,15,5.0
59,16,7.026872146400302
59,17,5.853871964321762
59,18,5.0
59,19,5.0
59,20,5.0
59,21,5.0
59,22,5.0
59,23,5.0
59,24,5.0
59,25,5.0
59,26,5.0
59,27,5.0
59,28,5.0
59,29,5.0
59,30,5.0
59,31,5.0
59,32,6.1938200260161125
59,33,5.0
59,34,5.0
59,35,5.0
59,36,5.0
59,37,5.0
59,38,5.6777807052660805
59,39,5.698970004336019
59,40,5.301029995663981
59,41,6.136677139879544
59,42,5.920818753952375
59,43,5.0
59,44,5.0
59,45,5.0
59,46,5.0
59,47,5.0
59,48,5.0
59,49,5.0
59,50,5.0
59,51,5.0
59,52,5.0
59,53,5.0
59,54,5.0
59,55,5.0
59,56,5.0
59,57,5.0
59,58,5.0
59,59,5.0
59,60,5.0
59,61,5.0
59,62,5.0
59,63,5.0
59,64,5.0
59,65,5.0
59,66,5.0
59,67,5.0
59,68,5.0
59,69,5.0
59,70,5.0
59,71,5.0
59,72,6.853871964321762
59,73,7.366531544420414
59,74,5.1487416512809245
59,75,6.886056647693163
59,76,5.0
59,77,5.0
59,78,6.080921907623926
59,79,5.721246399047171
59,80,5.886056647693163
59,81,5.920818753952375
59,82,5.2441251443275085
59,83,5.619788758288394
59,84,5.060480747381382
59,85,5.552841968657781
59,86,5.823908740944319
59,87,5.0
59,88,5.0
59,89,5.0
59,90,5.0
59,91,5.0
59,92,5.0
59,93,5.0
59,94,5.0
59,95,5.0
59,96,5.0
59,97,5.0
59,98,5.0
59,99,5.0
59,100,5.0
59,101,6.173925197299173
59,102,6.136677139879544
59,103,5.251811972993799
59,104,5.292429823902063
59,105,5.3872161432802645
59,106,5.853871964321762
59,107,5.0655015487564325
59,108,5.886056647693163
59,109,5.6020599913279625
59,110,5.823908740944319
59,111,5.853871964321762
59,112,5.657577319177793
59,113,5.721246399047171
59,114,6.096910013008056
59,115,5.161150909262744
59,116,5.0
59,117,5.0
59,118,5.0
59,119,5.0
59,120,5.0
59,121,5.0
59,122,5.0
59,123,5.0
59,124,5.0
59,125,5.0
59,126,5.0
59,127,5.0
59,128,5.0
59,129,5.0
59,130,6.356547323513812
59,131,5.0
59,132,5.6777807052660805
59,133,5.0
59,134,5.0
59,135,5.0
59,136,5.0
59,137,5.0
59,138,5.0
59,139,5.0
59,140,5.0
59,141,5.0
59,142,5.0
59,143,5.0
59,144,5.0
59,145,5.0
59,146,5.0
59,147,5.0
59,148,5.0
59,149,5.0
59,150,5.0
59,151,5.0
59,152,5.0
59,153,5.0
59,154,5.0
59,155,5.0
59,156,5.0
59,157,5.0
59,158,5.0
59,159,5.853871964321762
59,160,5.0
59,161,5.0
59,162,5.2076083105017466
59,163,5.0
59,164,5.0
59,165,5.0
59,166,5.0
59,167,5.0
59,168,5.0
59,169,5.0
59,170,5.0
59,171,5.0
59,172,5.0
59,173,5.0
59,174,5.0
59,175,5.0
59,176,5.0
59,177,5.0
59,178,5.0
59,179,5.0
59,180,5.0
59,181,5.0
59,182,5.0
59,183,5.0
59,184,5.0
59,185,6.161150909262744
59,186,5.0
59,187,5.0
59,188,5.0
59,189,5.0
59,190,5.0
59,191,5.0
59,192,5.0
59,193,5.0
59,194,5.0
59,195,5.0
59,196,5.0
59,197,5.0
59,198,5.0
59,199,5.346787486224656
59,200,5.7447274948966935
59,201,5.455931955649724
59,202,5.0
59,203,5.0
59,204,5.0
59,205,5.0
59,206,5.0
59,207,5.0
59,208,5.0
59,209,5.0
59,210,5.0
59,211,5.0
59,212,5.0
59,213,5.0
59,214,5.0
59,215,5.0
59,216,5.0
59,217,5.0
59,218,5.0
59,219,5.0
59,220,5.0
59,221,5.0
59,222,5.0
59,223,5.0
59,224,5.0
59,225,5.0
59,226,5.0
59,227,5.0
59,228,5.0
59,229,5.0
59,230,5.180456064458132
59,231,5.3979400086720375
59,232,5.0
59,233,5.0
59,234,5.0
59,235,5.0
59,236,5.0
59,237,5.0
59,238,5.0
59,239,5.0
59,240,5.0
59,241,6.055517327849832
59,242,6.142667503568732
59,243,5.0
59,244,5.0
59,245,5.0
59,246,5.0
59,247,5.0
59,248,5.0
59,249,5.0
59,250,5.0
59,251,5.0
59,252,5.0
59,253,5.0
59,254,6.2076083105017466
59,255,5.0
59,256,5.0
59,257,5.0
59,258,5.0
59,259,5.0
59,260,5.0
59,261,5.0
59,262,5.0
59,263,5.42021640338319
59,264,5.0
59,265,5.0
59,266,5.0
59,267,5.0
59,268,5.0
59,269,5.0
59,270,5.0
59,271,5.0
59,272,5.0
59,273,5.0
59,274,5.6020599913279625
59,275,5.0
59,276,5.0
59,277,5.0
59,278,5.0
59,279,5.0
59,280,5.0
59,281,5.0
59,282,5.0
59,283,5.0
59,284,5.0
59,285,5.0
59,286,5.0
59,287,5.0
59,288,5.0
59,289,5.0
59,290,5.0
59,291,5.0
59,292,5.0
59,293,5.0
59,294,5.0
59,295,5.0
59,296,5.0
59,297,8.136677139879543
59,298,8.494850021680094
59,299,7.229147988357856
59,300,7.008773924307505
59,301,7.080921907623926
59,302,7.080921907623926
59,303,7.142667503568732
59,304,6.522878745280337
59,305,6.823908740944319
59,306,6.853871964321762
59,307,6.522878745280337
59,308,7.0655015487564325
59,309,7.096910013008056
59,310,6.6020599913279625
59,311,8.275724130399212
59,312,6.366531544420414
59,313,5.0
59,314,5.0
59,315,5.0
59,316,5.7447274948966935
59,317,6.508638306165727
59,318,5.107905397309519
59,319,6.275724130399211
59,320,5.0
59,321,5.0
59,322,5.0
59,323,5.0
59,324,5.0
59,325,5.0
59,326,5.0
59,327,5.0
59,328,5.0
59,329,5.0
59,330,5.0
59,331,5.0
59,332,5.0
59,333,5.0
59,334,5.0
59,335,5.0
59,336,5.0
59,337,6.045757490560675
59,338,5.0
59,339,5.0
59,340,5.0
59,341,5.0
59,342,5.0
59,343,5.0
59,344,5.0
59,345,5.0
59,346,5.0
59,347,5.0
59,348,5.0
59,349,5.0
59,350,5.236572006437063
59,351,5.823908740944319
59,352,5.0
59,353,5.0
59,354,6.301029995663981
59,355,7.013228265733755
59,356,5.0
59,357,5.0
59,358,5.0
59,359,5.0
59,360,5.0
59,361,5.0
59,362,5.0
59,363,5.0
59,364,5.0
59,365,6.657577319177793
59,366,5.0
59,367,5.0
59,368,5.0
59,369,5.0
59,370,6.013228265733755
59,371,5.0
59,372,5.0
59,373,5.0
59,374,5.0
59,375,5.0
59,376,5.0
59,377,5.0
59,378,5.0
59,379,5.0
59,380,5.0
59,381,5.0
59,382,5.2839966563652006
59,383,5.0
59,384,5.031517051446065
59,385,6.267606240177032
59,386,5.0
59,387,5.0
59,388,5.0
59,389,5.0
59,390,5.0
59,391,5.638272163982407
59,392,6.318758762624412
59,393,5.0
59,394,5.619788758288394
59,395,5.0
59,396,5.0
59,397,5.0
59,398,5.0
59,399,5.0
59,400,5.0
59,401,5.0
59,402,5.0
59,403,5.0
59,404,5.0
59,405,5.0
59,406,5.0
59,407,5.853871964321762
59,408,5.0
59,409,5.0
59,410,5.0
59,411,8.102372908709558
59,412,5.0
59,413,5.113509274827518
59,414,5.0
59,415,5.0
59,416,6.113509274827518
59,417,5.0
59,418,5.0
59,419,5.0
59,420,5.0
59,421,5.0
59,422,5.0
59,423,5.0
59,424,5.0
59,425,5.0
59,426,5.0
59,427,5.0
59,428,5.0
59,429,5.0
59,430,5.3979400086720375
59,431,5.0
59,432,5.0
60,0,7.455931955649724
60,1,7.397940008672037
60,2,6.251811972993799
60,3,6.7447274948966935
60,4,7.214670164989233
60,5,7.301029995663981
60,6,7.267606240177032
60,7,7.187086643357144
60,8,7.251811972993799
60,9,7.356547323513813
60,10,6.2441251443275085
60,11,6.823908740944319
60,12,5.173925197299173
60,13,5.0
60,14,5.0
60,15,5.619788758288394
60,16,5.154901959985743
60,17,6.522878745280337
60,18,5.0
60,19,5.0
60,20,5.0
60,21,6.187086643357144
60,22,5.619788758288394
60,23,5.327902142064283
60,24,5.366531544420414
60,25,7.468521082957745
60,26,5.0
60,27,5.0
60,28,5.356547323513812
60,29,6.309803919971486
60,30,6.455931955649724
60,31,6.795880017344075
60,32,7.494850021680094
60,33,6.187086643357144
60,34,5.0
60,35,6.3872161432802645
60,36,5.537602002101044
60,37,5.920818753952375
60,38,5.008773924307505
60,39,5.031517051446065
60,40,5.920818753952375
60,41,5.0
60,42,5.0
60,43,6.070581074285707
60,44,5.795880017344075
60,45,6.337242168318426
60,46,5.494850021680094
60,47,6.522878745280337
60,48,5.167491087293763
60,49,6.229147988357856
60,50,6.267606240177032
60,51,5.0
60,52,5.7447274948966935
60,53,5.3979400086720375
60,54,5.552841968657781
60,55,5.0
60,56,5.0
60,57,5.0
60,58,5.0
60,59,5.0
60,60,5.0
60,61,5.0
60,62,6.920818753952375
60,63,5.0
60,64,5.055517327849831
60,65,5.0
60,66,5.886056647693163
60,67,5.0
60,68,5.136677139879544
60,69,5.42021640338319
60,70,5.0
60,71,6.853871964321762
60,72,5.6020599913279625
60,73,5.638272163982407
60,74,5.0
60,75,5.698970004336019
60,76,6.2076083105017466
60,77,5.229147988357856
60,78,5.0
60,79,5.0
60,80,5.0
60,81,5.0
60,82,5.0
60,83,5.0
60,84,5.0
60,85,6.036212172654444
60,86,6.920818753952375
60,87,5.769551078621726
60,88,7.795880017344075
60,89,7.5376020021010435
60,90,8.920818753952375
60,91,6.721246399047171
60,92,6.060480747381382
60,93,7.886056647693163
60,94,5.721246399047171
60,95,6.022276394711152
60,96,5.200659450546418
60,97,6.0
60,98,5.0
60,99,6.214670164989233
60,100,7.346787486224656
60,101,5.0
60,102,5.022276394711152
60,103,5.0
60,104,5.468521082957745
60,105,5.2076083105017466
60,106,5.0
60,107,5.0
60,108,5.823908740944319
60,109,5.251811972993799
60,110,5.42021640338319
60,111,5.481486060122113
60,112,6.2441251443275085
60,113,5.236572006437063
60,114,5.0
60,115,6.236572006437063
60,116,6.0
60,117,6.136677139879544
60,118,5.356547323513812
60,119,5.1487416512809245
60,120,5.3979400086720375
60,121,5.0
60,122,5.4089353929735005
60,123,5.187086643357144
60,124,5.113509274827518
60,125,5.769551078621726
60,126,5.4089353929735005
60,127,5.0
60,128,5.6777807052660805
60,129,6.522878745280337
60,130,5.0
60,131,5.0
60,132,5.698970004336019
60,133,5.0
60,134,5.0
60,135,5.920818753952375
60,136,5.0
60,137,7.180456064458132
60,138,6.292429823902063
60,139,5.920818753952375
60,140,7.376750709602099
60,141,5.958607314841775
60,142,6.275724130399211
60,143,6.552841968657781
60,144,6.327902142064283
60,145,6.443697499232713
60,146,6.119186407719209
60,147,5.698970004336019
60,148,7.086186147616283
60,149,5.366531544420414
60,150,7.886056647693163
60,151,8.309803919971486
60,152,8.193820026016112
60,153,7.886056647693163
60,154,7.698970004336019
60,155,7.5376020021010435
60,156,5.698970004336019
60,157,6.698970004336019
60,158,7.42021640338319
60,159,8.958607314841775
60,160,7.0
60,161,5.0
60,162,6.769551078621726
60,163,5.585026652029182
60,164,5.0
60,165,5.0
60,166,5.6777807052660805
60,167,6.0655015487564325
60,168,6.0
60,169,5.886056647693163
60,170,6.657577319177793
60,171,5.886056647693163
60,172,5.0
60,173,5.721246399047171
60,174,5.657577319177793
60,175,6.080921907623926
60,176,6.443697499232713
60,177,6.443697499232713
60,178,6.070581074285707
60,179,5.795880017344075
60,180,6.657577319177793
60,181,6.920818753952375
60,182,5.920818753952375
60,183,6.309803919971486
60,184,7.744727494896693
60,185,5.698970004336019
60,186,8.958607314841775
60,187,7.130768280269024
60,188,6.585026652029182
60,189,6.619788758288394
60,190,6.698970004336019
60,191,6.886056647693163
60,192,7.337242168318426
60,193,6.795880017344075
60,194,6.795880017344075
60,195,6.920818753952375
60,196,7.236572006437063
60,197,5.823908740944319
60,198,5.455931955649724
60,199,5.0
60,200,5.096910013008056
60,201,7.142667503568732
60,202,6.026872146400302
60,203,5.102372908709558
60,204,6.508638306165727
60,205,5.537602002101044
60,206,6.060480747381382
60,207,6.0
60,208,5.200659450546418
60,209,6.301029995663981
60,210,6.229147988357856
60,211,5.0
60,212,5.0
60,213,5.0
60,214,6.236572006437063
60,215,5.886056647693163
60,216,5.3872161432802645
60,217,5.6777807052660805
60,218,5.7447274948966935
60,219,5.0
60,220,5.0
60,221,5.0
60,222,5.0
60,223,6.154901959985743
60,224,5.508638306165727
60,225,6.522878745280337
60,226,6.013228265733755
60,227,5.0
60,228,5.292429823902063
60,229,5.508638306165727
60,230,5.455931955649724
60,231,5.00436480540245
60,232,6.443697499232713
60,233,5.0
60,234,5.585026652029182
60,235,6.086186147616283
60,236,5.070581074285707
60,237,5.356547323513812
60,238,5.0
60,239,5.050609993355088
60,240,5.0
60,241,5.136677139879544
60,242,6.42021640338319
60,243,5.013228265733755
60,244,5.494850021680094
60,245,5.161150909262744
60,246,5.508638306165727
60,247,5.0
60,248,5.0
60,249,5.0
60,250,5.0
60,251,5.0
60,252,5.0
60,253,5.1249387366083
60,254,5.0
60,255,6.096910013008056
60,256,6.2839966563652006
60,257,5.522878745280337
60,258,6.886056647693163
60,259,5.0
60,260,5.0
60,261,5.236572006437063
60,262,5.0
60,263,5.468521082957745
60,264,5.920818753952375
60,265,5.769551078621726
60,266,6.1938200260161125
60,267,5.795880017344075
60,268,6.2441251443275085
60,269,6.920818753952375
60,270,6.795880017344075
60,271,6.823908740944319
60,272,5.356547323513812
60,273,5.0
60,274,5.0
60,275,5.0
60,276,5.0
60,277,5.0
60,278,5.0
60,279,5.508638306165727
60,280,5.221848749616356
60,281,5.0
60,282,5.42021640338319
60,283,5.161150909262744
60,284,5.920818753952375
60,285,5.508638306165727
60,286,6.455931955649724
60,287,5.568636235841013
60,288,5.568636235841013
60,289,7.346787486224656
60,290,5.0
60,291,5.920818753952375
60,292,5.0
60,293,5.0655015487564325
60,294,5.585026652029182
60,295,6.481486060122113
60,296,5.795880017344075
60,297,5.0
60,298,5.0
60,299,5.0
60,300,5.0
60,301,5.0
60,302,5.0
60,303,5.0
60,304,5.4089353929735005
60,305,5.0
60,306,5.0
60,307,5.0
60,308,5.0
60,309,5.0
60,310,5.0
60,311,5.1249387366083
60,312,5.769551078621726
60,313,5.0
60,314,5.0
60,315,5.0
60,316,7.180456064458132
60,317,5.0
60,318,6.795880017344075
60,319,5.3872161432802645
60,320,5.0
60,321,5.0
60,322,5.0
60,323,5.958607314841775
60,324,5.0
60,325,7.0
60,326,6.552841968657781
60,327,5.619788758288394
60,328,5.795880017344075
60,329,7.017728766960432
60,330,5.0
60,331,5.091514981121351
60,332,5.0
60,333,5.0
60,334,5.0
60,335,5.0
60,336,5.0
60,337,5.017728766960431
60,338,5.42021640338319
60,339,5.795880017344075
60,340,5.958607314841775
60,341,5.0
60,342,6.4089353929735005
60,343,6.657577319177793
60,344,5.721246399047171
60,345,5.0
60,346,6.886056647693163
60,347,6.823908740944319
60,348,7.1487416512809245
60,349,7.091514981121351
60,350,7.0
60,351,5.585026652029182
60,352,7.040958607678906
60,353,5.275724130399211
60,354,5.214670164989233
60,355,5.008773924307505
60,356,5.769551078621726
60,357,5.6777807052660805
60,358,5.657577319177793
60,359,6.221848749616356
60,360,5.0
60,361,6.853871964321762
60,362,5.356547323513812
60,363,5.657577319177793
60,364,5.920818753952375
60,365,6.376750709602099
60,366,5.091514981121351
60,367,5.113509274827518
60,368,5.638272163982407
60,369,5.0
60,370,6.443697499232713
60,371,5.698970004336019
60,372,6.102372908709558
60,373,5.537602002101044
60,374,5.6020599913279625
60,375,7.4089353929735005
60,376,7.008773924307505
60,377,6.167491087293763
60,378,7.309803919971486
60,379,6.638272163982407
60,380,7.1249387366083
60,381,5.301029995663981
60,382,6.795880017344075
60,383,7.0
60,384,6.769551078621726
60,385,8.18045606445813
60,386,6.657577319177793
60,387,5.0
60,388,6.060480747381382
60,389,5.795880017344075
60,390,5.568636235841013
60,391,5.508638306165727
60,392,5.886056647693163
60,393,6.119186407719209
60,394,5.721246399047171
60,395,7.036212172654444
60,396,5.0
60,397,5.494850021680094
60,398,5.0
60,399,5.958607314841775
60,400,6.154901959985743
60,401,5.721246399047171
60,402,5.886056647693163
60,403,5.698970004336019
60,404,5.0
60,405,6.443697499232713
60,406,7.1938200260161125
60,407,5.7447274948966935
60,408,6.075720713938118
60,409,5.508638306165727
60,410,5.0655015487564325
60,411,5.0
60,412,5.886056647693163
60,413,6.346787486224656
60,414,5.823908740944319
60,415,7.67778070526608
60,416,6.346787486224656
60,417,5.0
60,418,6.568636235841013
60,419,7.102372908709558
60,420,6.537602002101044
60,421,5.2839966563652006
60,422,5.0
60,423,6.4089353929735005
60,424,5.221848749616356
60,425,5.0
60,426,5.0
60,427,5.0
60,428,6.920818753952375
60,429,5.142667503568732
60,430,7.721246399047171
60,431,6.187086643357144
60,432,5.42021640338319
61,0,5.0
61,1,5.0
61,2,5.0
61,3,5.0
61,4,5.0
61,5,5.0
61,6,5.0
61,7,5.0
61,8,5.0
61,9,5.0
61,10,5.0
61,11,5.6020599913279625
61,12,5.0
61,13,5.0
61,14,5.0
61,15,5.0
61,16,5.0
61,17,5.0
61,18,5.0
61,19,5.0
61,20,5.0
61,21,5.0
61,22,5.0
61,23,5.0
61,24,5.0
61,25,5.0
61,26,5.0
61,27,5.0
61,28,5.0
61,29,5.769551078621726
61,30,5.795880017344075
61,31,5.200659450546418
61,32,5.0
61,33,5.0
61,34,5.0
61,35,5.0
61,36,5.0
61,37,5.0
61,38,5.0
61,39,5.0
61,40,5.0
61,41,5.0
61,42,5.0
61,43,5.0
61,44,5.0
61,45,5.0
61,46,5.0
61,47,5.0
61,48,5.0
61,49,5.0
61,50,5.0
61,51,5.0
61,52,5.0
61,53,5.0
61,54,5.0
61,55,5.0
61,56,5.0
61,57,5.0
61,58,5.0
61,59,5.0
61,60,5.0
61,61,5.0
61,62,5.508638306165727
61,63,5.0
61,64,5.0
61,65,5.0
61,66,5.537602002101044
61,67,5.0
61,68,5.0
61,69,5.0
61,70,5.0
61,71,5.0
61,72,6.200659450546418
61,73,5.187086643357144
61,74,5.180456064458132
61,75,5.795880017344075
61,76,8.309803919971486
61,77,5.0
61,78,5.0
61,79,5.0
61,80,5.0
61,81,5.0
61,82,5.0
61,83,5.0
61,84,5.0
61,85,5.0
61,86,5.0
61,87,5.0
61,88,5.0
61,89,5.0
61,90,5.0
61,91,5.0
61,92,5.0
61,93,5.0
61,94,5.853871964321762
61,95,6.920818753952375
61,96,5.0
61,97,5.0
61,98,5.0
61,99,5.0
61,100,5.0
61,101,5.0
61,102,5.0
61,103,5.0
61,104,6.3872161432802645
61,105,6.481486060122113
61,106,6.6777807052660805
61,107,6.638272163982407
61,108,6.585026652029182
61,109,6.3872161432802645
61,110,6.327902142064283
61,111,6.3979400086720375
61,112,5.0
61,113,6.060480747381382
61,114,6.455931955649724
61,115,5.0
61,116,5.0
61,117,5.0
61,118,5.0
61,119,5.0
61,120,5.0
61,121,5.0
61,122,5.0
61,123,5.0
61,124,5.0
61,125,5.0
61,126,5.0
61,127,5.0
61,128,5.0
61,129,5.886056647693163
61,130,5.0
61,131,5.0
61,132,5.0
61,133,5.0
61,134,5.0
61,135,5.0
61,136,5.0
61,137,5.0
61,138,5.0
61,139,5.0
61,140,5.0
61,141,5.0
61,142,5.0
61,143,5.0
61,144,5.0
61,145,5.0
61,146,5.0
61,147,5.0
61,148,5.0
61,149,5.508638306165727
61,150,8.522878745280337
61,151,6.508638306165727
61,152,5.7447274948966935
61,153,8.823908740944319
61,154,7.5376020021010435
61,155,6.3872161432802645
61,156,5.142667503568732
61,157,5.0
61,158,5.0
61,159,5.431798275933005
61,160,5.0
61,161,5.0
61,162,5.0
61,163,5.0
61,164,5.0
61,165,5.0
61,166,5.0
61,167,5.0
61,168,5.0
61,169,5.0
61,170,5.619788758288394
61,171,5.0
61,172,5.0
61,173,5.0
61,174,5.0
61,175,5.0
61,176,5.0
61,177,5.0
61,178,5.0
61,179,5.0
61,180,5.568636235841013
61,181,6.136677139879544
61,182,5.0
61,183,5.0
61,184,5.0
61,185,5.0
61,186,5.0
61,187,5.0
61,188,5.0
61,189,5.0
61,190,5.0
61,191,8.568636235841012
61,192,7.638272163982407
61,193,6.920818753952375
61,194,7.5376020021010435
61,195,8.221848749616356
61,196,8.42021640338319
61,197,5.958607314841775
61,198,7.585026652029182
61,199,5.0
61,200,5.0
61,201,5.142667503568732
61,202,5.0
61,203,5.0
61,204,5.0
61,205,5.022276394711152
61,206,5.0
61,207,5.0
61,208,5.0
61,209,5.0
61,210,5.0
61,211,5.0
61,212,5.0
61,213,5.0
61,214,5.0
61,215,5.0
61,216,5.0
61,217,5.0
61,218,5.0
61,219,5.0
61,220,6.107905397309519
61,221,5.0
61,222,5.0
61,223,5.0
61,224,5.0
61,225,5.0
61,226,5.0
61,227,5.0
61,228,5.0
61,229,5.0
61,230,5.0
61,231,5.0
61,232,5.508638306165727
61,233,5.0
61,234,5.0
61,235,5.455931955649724
61,236,5.0
61,237,5.0
61,238,5.0
61,239,5.0
61,240,5.0
61,241,5.0
61,242,5.0
61,243,5.0
61,244,5.0
61,245,5.0
61,246,5.0
61,247,5.0
61,248,5.0
61,249,5.0
61,250,5.0
61,251,5.0
61,252,5.0
61,253,5.0
61,254,5.0
61,255,5.0
61,256,5.0
61,257,5.0
61,258,5.0
61,259,5.0
61,260,5.0
61,261,5.0
61,262,5.0
61,263,5.0
61,264,5.0
61,265,5.0
61,266,5.0
61,267,5.0
61,268,5.0
61,269,5.0
61,270,5.0
61,271,5.0
61,272,5.0
61,273,5.0
61,274,5.0
61,275,5.0
61,276,5.0
61,277,5.0
61,278,5.0
61,279,5.0
61,280,5.0
61,281,5.0
61,282,5.0
61,283,5.0
61,284,5.0
61,285,5.221848749616356
61,286,5.0
61,287,5.0
61,288,8.619788758288394
61,289,8.346787486224656
61,290,5.0
61,291,5.0
61,292,5.0
61,293,5.0
61,294,5.0
61,295,5.0
61,296,5.0
61,297,5.0
61,298,5.0
61,299,5.0
61,300,5.0
61,301,5.0
61,302,5.0
61,303,5.0
61,304,5.0
61,305,5.0
61,306,5.0
61,307,5.0
61,308,5.0
61,309,5.0
61,310,5.0
61,311,5.0
61,312,5.0
61,313,5.0
61,314,5.0
61,315,5.0
61,316,5.0
61,317,5.0
61,318,5.0
61,319,5.0
61,320,5.0
61,321,5.0
61,322,5.0
61,323,5.0
61,324,5.0
61,325,5.0
61,326,5.0
61,327,5.0
61,328,5.0
61,329,5.119186407719209
61,330,5.0
61,331,5.0
61,332,5.0
61,333,5.0
61,334,5.0
61,335,5.0
61,336,5.0
61,337,5.0
61,338,5.0
61,339,5.0
61,340,5.0
61,341,5.0
61,342,5.0
61,343,5.0
61,344,5.0
61,345,5.0
61,346,5.0
61,347,5.0
61,348,5.0
61,349,5.0
61,350,5.0
61,351,5.0
61,352,5.0
61,353,5.0
61,354,5.0
61,355,5.0
61,356,5.0
61,357,5.0
61,358,5.0
61,359,5.0
61,360,5.0
61,361,5.0
61,362,5.0
61,363,5.0
61,364,5.0
61,365,5.0
61,366,5.0
61,367,5.0
61,368,5.0
61,369,5.0
61,370,5.0
61,371,5.0
61,372,5.0
61,373,5.0
61,374,5.0
61,375,5.0
61,376,5.0
61,377,5.0
61,378,5.0
61,379,5.0
61,380,5.017728766960431
61,381,5.0
61,382,5.0
61,383,5.0
61,384,5.0
61,385,5.0
61,386,5.0
61,387,5.0
61,388,5.0
61,389,5.0
61,390,5.0
61,391,5.0
61,392,5.0
61,393,5.0
61,394,5.0
61,395,5.0
61,396,5.0
61,397,5.0
61,398,5.0
61,399,5.0
61,400,5.0
61,401,5.0
61,402,5.0
61,403,5.0
61,404,5.0
61,405,5.0
61,406,5.0
61,407,5.0
61,408,6.346787486224656
61,409,6.130768280269024
61,410,5.698970004336019
61,411,5.0
61,412,5.0
61,413,5.0
61,414,5.0
61,415,5.0
61,416,5.0
61,417,5.0
61,418,5.0
61,419,5.0
61,420,5.0
61,421,5.0
61,422,5.0
61,423,5.0
61,424,5.0
61,425,5.0
61,426,5.0
61,427,5.0
61,428,5.0
61,429,5.0
61,430,5.229147988357856
61,431,5.0
61,432,5.0
62,0,5.0
62,1,5.0
62,2,5.0
62,3,5.0
62,4,5.173925197299173
62,5,5.0
62,6,5.0
62,7,5.657577319177793
62,8,5.0
62,9,5.0
62,10,5.0
62,11,5.0
62,12,5.0
62,13,5.0
62,14,5.0
62,15,5.0
62,16,5.0
62,17,5.0
62,18,5.0
62,19,5.0
62,20,5.0
62,21,5.0
62,22,5.0
62,23,5.0
62,24,5.0
62,25,5.0
62,26,5.0
62,27,5.0
62,28,5.0
62,29,5.0
62,30,5.0
62,31,5.0
62,32,5.1487416512809245
62,33,5.0
62,34,5.0
62,35,5.0
62,36,5.0
62,37,5.0
62,38,5.0
62,39,5.0
62,40,5.0
62,41,5.0
62,42,5.0
62,43,5.0
62,44,5.920818753952375
62,45,5.795880017344075
62,46,5.0
62,47,5.455931955649724
62,48,5.0
62,49,5.568636235841013
62,50,5.0
62,51,5.0
62,52,5.0
62,53,5.0
62,54,5.0
62,55,5.0
62,56,5.0
62,57,5.0
62,58,5.0
62,59,5.0
62,60,5.0
62,61,5.0
62,62,5.0
62,63,5.0
62,64,5.0
62,65,5.0
62,66,5.0
62,67,5.0
62,68,5.0
62,69,5.0
62,70,5.0
62,71,5.0
62,72,5.0
62,73,5.0
62,74,5.0
62,75,5.0
62,76,5.0
62,77,5.0
62,78,5.0
62,79,5.0
62,80,5.0
62,81,5.0
62,82,5.0
62,83,5.0
62,84,5.0
62,85,5.0
62,86,5.0
62,87,5.0
62,88,5.0
62,89,5.0
62,90,5.0
62,91,5.173925197299173
62,92,5.0
62,93,7.920818753952375
62,94,5.0
62,95,5.0
62,96,5.0
62,97,5.920818753952375
62,98,5.0
62,99,5.0
62,100,5.0
62,101,5.0
62,102,5.0
62,103,5.0
62,104,5.0
62,105,5.0
62,106,5.0
62,107,5.0
62,108,5.0
62,109,5.0
62,110,5.0
62,111,5.0
62,112,5.0
62,113,5.0
62,114,5.0
62,115,5.0
62,116,5.0
62,117,5.0
62,118,5.0
62,119,5.0
62,120,5.0
62,121,5.0
62,122,5.0
62,123,5.0
62,124,5.0
62,125,5.0
62,126,5.0
62,127,5.0
62,128,5.0
62,129,5.0
62,130,5.0
62,131,5.0
62,132,5.0
62,133,5.0
62,134,5.0
62,135,5.0
62,136,5.0
62,137,5.0
62,138,5.0
62,139,5.0
62,140,5.0
62,141,5.0
62,142,5.0
62,143,5.0
62,144,5.0
62,145,5.0
62,146,5.0
62,147,5.0
62,148,5.0
62,149,5.0
62,150,5.0
62,151,5.0
62,152,5.0
62,153,5.0
62,154,5.0
62,155,5.0
62,156,5.0
62,157,5.0
62,158,5.958607314841775
62,159,5.0
62,160,5.0
62,161,5.0
62,162,5.0
62,163,5.366531544420414
62,164,5.0
62,165,5.0
62,166,5.0
62,167,5.0
62,168,5.0
62,169,5.0
62,170,5.0
62,171,5.0
62,172,5.0
62,173,5.0
62,174,5.0
62,175,5.0
62,176,5.0
62,177,5.0
62,178,5.0
62,179,5.0
62,180,5.0
62,181,5.0
62,182,5.0
62,183,5.0
62,184,8.795880017344075
62,185,5.0
62,186,9.236572006437065
62,187,9.795880017344077
62,188,5.0
62,189,5.0
62,190,5.0
62,191,5.0
62,192,5.0
62,193,5.0
62,194,5.0
62,195,5.0
62,196,5.0
62,197,5.0
62,198,5.0
62,199,5.0
62,200,5.0
62,201,6.337242168318426
62,202,5.0
62,203,5.0
62,204,5.0
62,205,5.0
62,206,5.886056647693163
62,207,6.259637310505756
62,208,5.0
62,209,5.0
62,210,5.0
62,211,5.0
62,212,5.0
62,213,5.0
62,214,5.0
62,215,5.0
62,216,5.0
62,217,5.318758762624412
62,218,5.0
62,219,5.0
62,220,5.0
62,221,5.0
62,222,5.0
62,223,5.0
62,224,5.0
62,225,5.0
62,226,5.0
62,227,5.0
62,228,5.0
62,229,5.0
62,230,5.0
62,231,5.0
62,232,5.0
62,233,5.0
62,234,5.0
62,235,5.0
62,236,5.0
62,237,5.0
62,238,5.0
62,239,5.0
62,240,5.0
62,241,5.0
62,242,5.795880017344075
62,243,5.0
62,244,5.0
62,245,5.0
62,246,5.0
62,247,5.0
62,248,5.0
62,249,5.0
62,250,5.0
62,251,5.0
62,252,5.0
62,253,5.0
62,254,5.0
62,255,5.0
62,256,5.0
62,257,5.0
62,258,5.0
62,259,5.0
62,260,5.0
62,261,5.0
62,262,5.0
62,263,5.0
62,264,5.0
62,265,5.0
62,266,5.0
62,267,5.0
62,268,5.0
62,269,5.0
62,270,5.0
62,271,5.0
62,272,5.0
62,273,5.0
62,274,5.0
62,275,5.0
62,276,5.0
62,277,5.0
62,278,5.0
62,279,5.0
62,280,5.0
62,281,5.0
62,282,5.0
62,283,5.0
62,284,5.0
62,285,5.0
62,286,5.0
62,287,5.0
62,288,5.0
62,289,5.0
62,290,5.0
62,291,5.0
62,292,5.0
62,293,5.0
62,294,5.0
62,295,5.0
62,296,5.0
62,297,5.0
62,298,5.0
62,299,5.0
62,300,5.0
62,301,5.0
62,302,5.0
62,303,5.0
62,304,5.0
62,305,5.0
62,306,5.0
62,307,5.0
62,308,5.0
62,309,5.0
62,310,5.0
62,311,5.0
62,312,5.0
62,313,5.0
62,314,5.0
62,315,5.0
62,316,5.0
62,317,5.0
62,318,5.0
62,319,5.0
62,320,5.0
62,321,5.0
62,322,5.0
62,323,6.769551078621726
62,324,5.920818753952375
62,325,5.698970004336019
62,326,5.0
62,327,5.0
62,328,5.0
62,329,5.0
62,330,5.698970004336019
62,331,5.0
62,332,5.0
62,333,5.0
62,334,5.0
62,335,5.0
62,336,5.0
62,337,5.0
62,338,5.0
62,339,5.0
62,340,5.0
62,341,5.0
62,342,5.0
62,343,5.0
62,344,5.0
62,345,5.0
62,346,5.0
62,347,5.481486060122113
62,348,5.0
62,349,5.0
62,350,5.0
62,351,5.0
62,352,5.0
62,353,5.0
62,354,5.0
62,355,5.0
62,356,5.0
62,357,6.327902142064283
62,358,6.376750709602099
62,359,5.0
62,360,5.0
62,361,5.0
62,362,5.0
62,363,5.0
62,364,5.0
62,365,5.853871964321762
62,366,5.0
62,367,5.0
62,368,6.221848749616356
62,369,5.0
62,370,6.267606240177032
62,371,5.0
62,372,5.0
62,373,5.0
62,374,5.0
62,375,5.0
62,376,5.0
62,377,5.0
62,378,6.619788758288394
62,379,5.0
62,380,5.0
62,381,5.0
62,382,5.0
62,383,5.0
62,384,5.0
62,385,5.0
62,386,5.0
62,387,5.0
62,388,5.0
62,389,5.0
62,390,5.0
62,391,5.0
62,392,5.0
62,393,5.0
62,394,5.0
62,395,5.0
62,396,5.0
62,397,5.0
62,398,5.0
62,399,5.0
62,400,5.0
62,401,5.0
62,402,5.0
62,403,5.0
62,404,5.0
62,405,6.920818753952375
62,406,5.0
62,407,5.0
62,408,5.0
62,409,5.0
62,410,5.0
62,411,5.0
62,412,5.0
62,413,5.0
62,414,5.0
62,415,8.318758762624412
62,416,5.0
62,417,5.0
62,418,5.0
62,419,5.0
62,420,5.1938200260161125
62,421,5.0
62,422,5.0
62,423,5.0
62,424,5.0
62,425,5.0
62,426,5.0
62,427,5.0
62,428,5.0
62,429,5.0
62,430,5.0
62,431,5.0
62,432,5.0
63,0,6.537602002101044
63,1,8.522878745280337
63,2,5.6777807052660805
63,3,6.3979400086720375
63,4,8.508638306165727
63,5,8.275724130399212
63,6,8.0268721464003
63,7,8.031517051446064
63,8,8.10790539730952
63,9,8.1249387366083
63,10,8.397940008672037
63,11,5.721246399047171
63,12,5.0
63,13,5.0
63,14,5.0
63,15,5.022276394711152
63,16,5.0
63,17,5.0
63,18,5.0
63,19,5.0
63,20,5.0
63,21,5.508638306165727
63,22,5.958607314841775
63,23,6.455931955649724
63,24,5.251811972993799
63,25,6.698970004336019
63,26,5.0
63,27,5.0
63,28,8.4089353929735
63,29,8.130768280269024
63,30,8.200659450546418
63,31,6.6777807052660805
63,32,7.187086643357144
63,33,5.657577319177793
63,34,5.0
63,35,5.958607314841775
63,36,5.1487416512809245
63,37,5.585026652029182
63,38,5.0
63,39,5.0
63,40,5.0
63,41,5.075720713938118
63,42,5.0
63,43,5.356547323513812
63,44,5.154901959985743
63,45,5.309803919971486
63,46,5.187086643357144
63,47,5.0
63,48,5.0
63,49,5.0
63,50,5.0
63,51,5.0
63,52,5.337242168318426
63,53,5.0
63,54,5.0
63,55,6.537602002101044
63,56,6.585026652029182
63,57,5.0
63,58,5.0
63,59,5.0
63,60,5.0
63,61,5.0
63,62,5.0
63,63,5.0
63,64,5.0
63,65,5.0
63,66,7.309803919971486
63,67,6.455931955649724
63,68,5.552841968657781
63,69,5.060480747381382
63,70,5.0
63,71,5.0
63,72,5.0
63,73,5.0
63,74,5.0
63,75,5.0
63,76,5.7447274948966935
63,77,5.318758762624412
63,78,5.0
63,79,5.0
63,80,5.0
63,81,5.0
63,82,5.0
63,83,5.0
63,84,5.0
63,85,5.0
63,86,5.0
63,87,5.0
63,88,5.0
63,89,5.0
63,90,5.00436480540245
63,91,5.0
63,92,5.0
63,93,5.443697499232713
63,94,7.552841968657781
63,95,6.638272163982407
63,96,6.721246399047171
63,97,5.0
63,98,5.0
63,99,5.045757490560675
63,100,5.0
63,101,5.0
63,102,5.0
63,103,5.0
63,104,5.0
63,105,5.0
63,106,5.0
63,107,5.0
63,108,5.0
63,109,5.0
63,110,5.0
63,111,5.0
63,112,5.0
63,113,5.0
63,114,5.0
63,115,5.0
63,116,5.0
63,117,6.0
63,118,6.075720713938118
63,119,5.823908740944319
63,120,5.366531544420414
63,121,5.0
63,122,5.327902142064283
63,123,5.0
63,124,6.301029995663981
63,125,5.721246399047171
63,126,5.251811972993799
63,127,5.0
63,128,5.769551078621726
63,129,7.552841968657781
63,130,5.0
63,131,5.1487416512809245
63,132,5.0
63,133,5.0
63,134,5.0
63,135,5.0
63,136,5.0
63,137,5.167491087293763
63,138,5.0
63,139,5.251811972993799
63,140,5.0
63,141,5.376750709602099
63,142,5.130768280269024
63,143,6.259637310505756
63,144,6.2441251443275085
63,145,6.0655015487564325
63,146,6.086186147616283
63,147,5.142667503568732
63,148,6.102372908709558
63,149,7.0
63,150,8.187086643357144
63,151,7.853871964321762
63,152,7.259637310505756
63,153,8.318758762624412
63,154,8.366531544420413
63,155,6.886056647693163
63,156,5.721246399047171
63,157,5.42021640338319
63,158,6.275724130399211
63,159,5.494850021680094
63,160,5.721246399047171
63,161,5.0
63,162,6.3979400086720375
63,163,5.0
63,164,5.0
63,165,5.0
63,166,5.2076083105017466
63,167,5.0
63,168,5.0
63,169,5.0
63,170,5.0
63,171,7.142667503568732
63,172,5.008773924307505
63,173,5.0
63,174,6.130768280269024
63,175,5.0
63,176,5.0
63,177,5.585026652029182
63,178,6.200659450546418
63,179,6.537602002101044
63,180,5.0
63,181,5.0
63,182,5.431798275933005
63,183,6.455931955649724
63,184,5.229147988357856
63,185,5.0
63,186,6.721246399047171
63,187,6.200659450546418
63,188,5.0
63,189,5.0
63,190,5.552841968657781
63,191,6.619788758288394
63,192,6.42021640338319
63,193,5.721246399047171
63,194,6.537602002101044
63,195,6.638272163982407
63,196,6.619788758288394
63,197,6.366531544420414
63,198,5.638272163982407
63,199,5.259637310505756
63,200,5.187086643357144
63,201,7.214670164989233
63,202,5.585026652029182
63,203,5.585026652029182
63,204,5.886056647693163
63,205,6.920818753952375
63,206,5.0
63,207,5.0
63,208,5.1249387366083
63,209,6.187086643357144
63,210,6.7447274948966935
63,211,5.0
63,212,5.0
63,213,5.0
63,214,5.958607314841775
63,215,5.721246399047171
63,216,5.6020599913279625
63,217,5.585026652029182
63,218,6.537602002101044
63,219,5.619788758288394
63,220,7.080921907623926
63,221,5.42021640338319
63,222,5.0
63,223,5.309803919971486
63,224,5.853871964321762
63,225,5.6020599913279625
63,226,5.309803919971486
63,227,5.0
63,228,5.7447274948966935
63,229,5.698970004336019
63,230,5.0
63,231,5.0
63,232,6.585026652029182
63,233,5.585026652029182
63,234,6.619788758288394
63,235,5.769551078621726
63,236,6.173925197299173
63,237,6.318758762624412
63,238,6.443697499232713
63,239,5.958607314841775
63,240,5.0
63,241,5.0
63,242,5.2839966563652006
63,243,7.823908740944319
63,244,6.4089353929735005
63,245,5.7447274948966935
63,246,6.167491087293763
63,247,5.0
63,248,5.0
63,249,6.698970004336019
63,250,5.886056647693163
63,251,6.292429823902063
63,252,5.443697499232713
63,253,5.455931955649724
63,254,5.0
63,255,6.522878745280337
63,256,5.0
63,257,7.366531544420414
63,258,5.657577319177793
63,259,5.0
63,260,5.0
63,261,5.0
63,262,5.161150909262744
63,263,5.0
63,264,5.0
63,265,5.0
63,266,5.0
63,267,5.0
63,268,5.376750709602099
63,269,5.0
63,270,5.060480747381382
63,271,5.0
63,272,5.0
63,273,5.0
63,274,5.0
63,275,5.0
63,276,5.0
63,277,5.0
63,278,5.0
63,279,5.356547323513812
63,280,5.2441251443275085
63,281,5.481486060122113
63,282,5.366531544420414
63,283,5.013228265733755
63,284,5.481486060122113
63,285,6.638272163982407
63,286,5.251811972993799
63,287,5.0
63,288,5.795880017344075
63,289,6.508638306165727
63,290,5.0
63,291,5.0
63,292,5.0
63,293,5.0
63,294,5.0
63,295,5.657577319177793
63,296,5.356547323513812
63,297,5.0
63,298,5.0
63,299,5.0
63,300,5.0
63,301,5.0
63,302,5.0
63,303,5.0
63,304,5.0
63,305,5.0
63,306,5.0
63,307,5.0
63,308,5.0
63,309,5.0
63,310,5.0
63,311,5.0
63,312,5.0
63,313,5.0
63,314,5.0
63,315,5.0
63,316,6.886056647693163
63,317,5.0
63,318,6.853871964321762
63,319,5.0
63,320,5.0
63,321,5.0
63,322,5.0
63,323,5.823908740944319
63,324,5.301029995663981
63,325,5.657577319177793
63,326,5.0
63,327,5.0
63,328,5.0
63,329,8.036212172654444
63,330,5.0
63,331,5.0
63,332,5.0
63,333,5.0
63,334,5.275724130399211
63,335,5.0
63,336,5.0
63,337,5.0
63,338,5.0
63,339,5.0
63,340,5.0
63,341,5.0
63,342,5.6020599913279625
63,343,5.585026652029182
63,344,5.0
63,345,5.0
63,346,7.552841968657781
63,347,7.585026652029182
63,348,8.065501548756432
63,349,7.886056647693163
63,350,6.443697499232713
63,351,6.6020599913279625
63,352,6.221848749616356
63,353,7.698970004336019
63,354,5.0
63,355,6.522878745280337
63,356,5.0
63,357,5.0
63,358,5.0
63,359,6.214670164989233
63,360,5.0
63,361,5.0
63,362,5.0
63,363,5.0
63,364,5.102372908709558
63,365,5.0
63,366,5.1938200260161125
63,367,5.698970004336019
63,368,5.0
63,369,5.0
63,370,5.0
63,371,5.0
63,372,5.0
63,373,6.275724130399211
63,374,5.0
63,375,5.6020599913279625
63,376,5.769551078621726
63,377,7.086186147616283
63,378,6.275724130399211
63,379,5.0
63,380,6.769551078621726
63,381,5.0
63,382,7.086186147616283
63,383,6.167491087293763
63,384,6.619788758288394
63,385,6.214670164989233
63,386,5.0
63,387,5.0
63,388,5.0
63,389,5.0
63,390,5.7447274948966935
63,391,5.638272163982407
63,392,6.537602002101044
63,393,6.366531544420414
63,394,7.091514981121351
63,395,6.309803919971486
63,396,5.060480747381382
63,397,5.251811972993799
63,398,5.075720713938118
63,399,5.0
63,400,6.568636235841013
63,401,6.346787486224656
63,402,5.3979400086720375
63,403,5.0
63,404,5.7447274948966935
63,405,7.080921907623926
63,406,5.356547323513812
63,407,5.0
63,408,7.42021640338319
63,409,6.619788758288394
63,410,6.698970004336019
63,411,5.0
63,412,5.0
63,413,5.091514981121351
63,414,5.568636235841013
63,415,6.292429823902063
63,416,5.180456064458132
63,417,5.0
63,418,5.0
63,419,5.0
63,420,6.508638306165727
63,421,5.698970004336019
63,422,5.0
63,423,5.494850021680094
63,424,5.376750709602099
63,425,5.0
63,426,5.0
63,427,5.0
63,428,6.327902142064283
63,429,5.318758762624412
63,430,7.292429823902063
63,431,5.552841968657781
63,432,5.0
64,0,5.0
64,1,5.0
64,2,5.0
64,3,5.0
64,4,5.0
64,5,5.0
64,6,5.0
64,7,5.0
64,8,5.0
64,9,5.0
64,10,5.721246399047171
64,11,5.0
64,12,5.0
64,13,5.0
64,14,5.0
64,15,5.0
64,16,5.0
64,17,5.0
64,18,5.0
64,19,5.0
64,20,5.0
64,21,5.0
64,22,5.0
64,23,5.0
64,24,5.0
64,25,5.0
64,26,5.0
64,27,5.0
64,28,5.0
64,29,5.0
64,30,5.0
64,31,5.0
64,32,5.0
64,33,5.508638306165727
64,34,5.0
64,35,5.0
64,36,5.0
64,37,5.0
64,38,5.0
64,39,5.0
64,40,5.0
64,41,5.0
64,42,5.0
64,43,5.0
64,44,5.0
64,45,5.0
64,46,5.0
64,47,5.0
64,48,5.0
64,49,5.0
64,50,5.0
64,51,5.0
64,52,5.0
64,53,5.0
64,54,5.0
64,55,5.0
64,56,5.0
64,57,5.0
64,58,5.0
64,59,5.0
64,60,5.0
64,61,5.0
64,62,5.0
64,63,5.0
64,64,5.0
64,65,5.0
64,66,5.0
64,67,5.0
64,68,5.0
64,69,5.0
64,70,5.0
64,71,5.0
64,72,5.0
64,73,5.0
64,74,5.0
64,75,5.0
64,76,5.585026652029182
64,77,5.0
64,78,5.0
64,79,5.0
64,80,5.0
64,81,5.0
64,82,5.0
64,83,5.0
64,84,5.0
64,85,5.0
64,86,5.0
64,87,5.0
64,88,5.0
64,89,5.0
64,90,5.0
64,91,5.0
64,92,5.0
64,93,5.0
64,94,5.958607314841775
64,95,5.0
64,96,5.0
64,97,5.0
64,98,5.0
64,99,5.0
64,100,5.0
64,101,5.0
64,102,5.0
64,103,5.0
64,104,5.0
64,105,5.0
64,106,5.0
64,107,5.0
64,108,5.0
64,109,5.0
64,110,5.0
64,111,5.0
64,112,5.0
64,113,5.0
64,114,5.0
64,115,5.0
64,116,5.0
64,117,5.327902142064283
64,118,5.0
64,119,5.0
64,120,5.0
64,121,5.0
64,122,5.0
64,123,5.0
64,124,5.0
64,125,5.2076083105017466
64,126,5.0
64,127,5.0
64,128,5.0
64,129,5.0
64,130,5.0
64,131,5.0
64,132,5.0
64,133,5.0
64,134,5.0
64,135,5.0
64,136,5.0
64,137,5.0
64,138,5.0
64,139,5.0
64,140,5.0
64,141,5.0
64,142,5.0
64,143,5.0
64,144,5.0
64,145,5.0
64,146,5.0
64,147,5.0
64,148,5.886056647693163
64,149,5.0
64,150,5.0
64,151,5.0
64,152,5.0
64,153,5.0
64,154,5.0
64,155,5.0
64,156,5.0
64,157,5.0
64,158,5.6777807052660805
64,159,5.0
64,160,5.0
64,161,5.0
64,162,5.0
64,163,5.0
64,164,5.0
64,165,5.0
64,166,5.0
64,167,5.0
64,168,5.0
64,169,5.0
64,170,5.0
64,171,5.0
64,172,5.0
64,173,5.0
64,174,5.0
64,175,5.0
64,176,5.0
64,177,5.0
64,178,5.0
64,179,5.0
64,180,5.0
64,181,5.0
64,182,5.0
64,183,5.0
64,184,5.0
64,185,5.0
64,186,5.0
64,187,5.0
64,188,5.0
64,189,5.0
64,190,5.0
64,191,5.0
64,192,5.0
64,193,5.0
64,194,5.0
64,195,5.0
64,196,5.0
64,197,5.0
64,198,5.0
64,199,5.0
64,200,5.0
64,201,5.337242168318426
64,202,5.0
64,203,5.0
64,204,5.0
64,205,5.0
64,206,5.0
64,207,5.0
64,208,5.0
64,209,5.769551078621726
64,210,5.0
64,211,5.0
64,212,5.0
64,213,5.0
64,214,5.0
64,215,5.0
64,216,5.0
64,217,5.0
64,218,5.0
64,219,5.0
64,220,5.0
64,221,5.0
64,222,5.0
64,223,5.0
64,224,5.0
64,225,5.0
64,226,5.0
64,227,5.0
64,228,5.0
64,229,5.0
64,230,5.0
64,231,5.0
64,232,5.0
64,233,5.0
64,234,5.0
64,235,5.0
64,236,5.0
64,237,5.0
64,238,5.0
64,239,5.0
64,240,5.0
64,241,5.0
64,242,5.0
64,243,5.0
64,244,5.0
64,245,5.0
64,246,5.0
64,247,5.0
64,248,5.0
64,249,5.0
64,250,5.0
64,251,5.0
64,252,5.0
64,253,5.0
64,254,5.0
64,255,5.0
64,256,5.0
64,257,5.0
64,258,5.0
64,259,5.0
64,260,5.0
64,261,5.0
64,262,5.0
64,263,5.0
64,264,5.0
64,265,5.0
64,266,5.0
64,267,5.0
64,268,5.0
64,269,5.0
64,270,5.0
64,271,5.0
64,272,5.0
64,273,5.0
64,274,5.0
64,275,8.55284196865778
64,276,7.130768280269024
64,277,5.0
64,278,5.0
64,279,5.0
64,280,5.0
64,281,5.0
64,282,5.0
64,283,5.0
64,284,5.0
64,285,5.0
64,286,5.0
64,287,5.0
64,288,5.055517327849831
64,289,5.075720713938118
64,290,5.0
64,291,5.0
64,292,5.0
64,293,5.0
64,294,5.0
64,295,5.0
64,296,5.0
64,297,5.0
64,298,5.0
64,299,5.0
64,300,5.0
64,301,5.0
64,302,5.0
64,303,5.0
64,304,5.0
64,305,5.0
64,306,5.0
64,307,5.0
64,308,5.0
64,309,5.0
64,310,5.0
64,311,5.0
64,312,5.0
64,313,5.0
64,314,5.0
64,315,5.0
64,316,5.0
64,317,5.0
64,318,5.0
64,319,5.0
64,320,5.0
64,321,5.0
64,322,5.0
64,323,5.0
64,324,5.0
64,325,5.0
64,326,5.0
64,327,5.0
64,328,5.0
64,329,5.0
64,330,5.0
64,331,5.0
64,332,5.0
64,333,5.0
64,334,5.0
64,335,5.0
64,336,5.0
64,337,5.0
64,338,5.0
64,339,5.0
64,340,5.0
64,341,5.0
64,342,5.0
64,343,5.0
64,344,5.0
64,345,5.0
64,346,5.0
64,347,5.0
64,348,5.0
64,349,5.0
64,350,5.0
64,351,5.0
64,352,5.0
64,353,5.0
64,354,5.0
64,355,5.0
64,356,5.0
64,357,5.0
64,358,5.0
64,359,5.0
64,360,5.0
64,361,5.0
64,362,5.0
64,363,5.0
64,364,5.0
64,365,5.0
64,366,5.0
64,367,5.0
64,368,5.0
64,369,5.0
64,370,5.0
64,371,5.0
64,372,5.0
64,373,5.0
64,374,5.0
64,375,5.0
64,376,5.0
64,377,5.0
64,378,5.0
64,379,5.0
64,380,5.259637310505756
64,381,5.0
64,382,5.0
64,383,5.0
64,384,5.0
64,385,5.0
64,386,5.0
64,387,5.0
64,388,5.0
64,389,5.0
64,390,5.0
64,391,5.0
64,392,5.0
64,393,5.0
64,394,5.0
64,395,5.0
64,396,5.0
64,397,5.0
64,398,5.0
64,399,5.0
64,400,5.0
64,401,5.0
64,402,5.0
64,403,5.0
64,404,5.0
64,405,5.0
64,406,5.0
64,407,5.0
64,408,5.0
64,409,5.0
64,410,5.0
64,411,5.0
64,412,5.0
64,413,5.0
64,414,5.0
64,415,5.0
64,416,5.0
64,417,5.0
64,418,5.0
64,419,5.0
64,420,5.0
64,421,5.0
64,422,5.0
64,423,5.0
64,424,5.0
64,425,5.0
64,426,5.0
64,427,5.0
64,428,5.795880017344075
64,429,5.0
64,430,5.0
64,431,5.0
64,432,5.0
65,0,5.0
65,1,7.886056647693163
65,2,6.769551078621726
65,3,7.481486060122113
65,4,7.853871964321762
65,5,7.823908740944319
65,6,7.795880017344075
65,7,7.698970004336019
65,8,8.045757490560675
65,9,7.795880017344075
65,10,7.161150909262744
65,11,6.823908740944319
65,12,5.0
65,13,5.0
65,14,5.0
65,15,6.327902142064283
65,16,5.346787486224656
65,17,5.769551078621726
65,18,5.0
65,19,5.0
65,20,5.0
65,21,5.6777807052660805
65,22,5.522878745280337
65,23,5.0
65,24,5.0
65,25,5.0
65,26,5.0
65,27,5.0
65,28,5.0
65,29,5.0
65,30,5.823908740944319
65,31,6.6020599913279625
65,32,5.0
65,33,7.180456064458132
65,34,5.0
65,35,6.619788758288394
65,36,5.0
65,37,5.0
65,38,5.0
65,39,5.0
65,40,6.795880017344075
65,41,5.0
65,42,5.0
65,43,5.769551078621726
65,44,5.0
65,45,5.0
65,46,5.0
65,47,5.0
65,48,5.0
65,49,5.0
65,50,5.0
65,51,5.0
65,52,5.0
65,53,5.0
65,54,5.0
65,55,5.0
65,56,5.0
65,57,5.0
65,58,5.0
65,59,5.0
65,60,5.0
65,61,5.0
65,62,5.3872161432802645
65,63,5.0
65,64,5.0
65,65,5.0
65,66,5.0
65,67,5.0
65,68,5.0
65,69,5.0
65,70,5.0
65,71,5.7447274948966935
65,72,5.0
65,73,5.0
65,74,5.0
65,75,5.0
65,76,5.920818753952375
65,77,5.6020599913279625
65,78,5.0
65,79,5.0
65,80,5.0
65,81,5.522878745280337
65,82,5.0
65,83,5.0
65,84,5.0
65,85,5.0
65,86,5.0
65,87,5.0
65,88,5.0
65,89,5.0
65,90,5.0
65,91,5.0
65,92,5.0
65,93,5.0
65,94,7.958607314841775
65,95,6.494850021680094
65,96,5.0
65,97,5.0
65,98,5.657577319177793
65,99,5.0
65,100,5.0
65,101,5.0
65,102,5.0
65,103,5.0
65,104,8.022276394711152
65,105,8.318758762624412
65,106,8.017728766960431
65,107,8.229147988357855
65,108,7.920818753952375
65,109,8.102372908709558
65,110,8.050609993355087
65,111,8.060480747381382
65,112,6.638272163982407
65,113,7.958607314841775
65,114,7.920818753952375
65,115,7.0
65,116,5.0
65,117,6.638272163982407
65,118,5.958607314841775
65,119,5.698970004336019
65,120,5.795880017344075
65,121,6.619788758288394
65,122,7.301029995663981
65,123,5.619788758288394
65,124,7.040958607678906
65,125,6.537602002101044
65,126,6.356547323513812
65,127,5.0
65,128,6.2839966563652006
65,129,7.119186407719209
65,130,5.585026652029182
65,131,6.795880017344075
65,132,6.318758762624412
65,133,5.0
65,134,5.0
65,135,5.823908740944319
65,136,5.0
65,137,5.0
65,138,5.0
65,139,5.0
65,140,5.0
65,141,5.0
65,142,5.0
65,143,6.251811972993799
65,144,5.958607314841775
65,145,5.795880017344075
65,146,5.161150909262744
65,147,5.638272163982407
65,148,6.568636235841013
65,149,6.585026652029182
65,150,6.070581074285707
65,151,6.251811972993799
65,152,6.080921907623926
65,153,6.721246399047171
65,154,5.920818753952375
65,155,5.886056647693163
65,156,5.958607314841775
65,157,6.769551078621726
65,158,6.443697499232713
65,159,7.0655015487564325
65,160,5.0
65,161,5.0
65,162,5.0
65,163,5.0
65,164,5.0
65,165,5.0
65,166,6.443697499232713
65,167,5.0
65,168,5.0
65,169,5.0
65,170,5.0
65,171,5.259637310505756
65,172,5.3872161432802645
65,173,5.0
65,174,5.0
65,175,5.0
65,176,5.0
65,177,5.0
65,178,5.0
65,179,5.0
65,180,5.920818753952375
65,181,5.0
65,182,7.1249387366083
65,183,5.0
65,184,5.0
65,185,5.0
65,186,5.0
65,187,5.0
65,188,5.0
65,189,5.0
65,190,5.0
65,191,6.585026652029182
65,192,7.468521082957745
65,193,6.376750709602099
65,194,6.537602002101044
65,195,6.853871964321762
65,196,6.7447274948966935
65,197,5.698970004336019
65,198,6.251811972993799
65,199,5.0
65,200,5.0
65,201,7.769551078621726
65,202,5.0
65,203,5.0
65,204,5.0
65,205,7.091514981121351
65,206,5.0
65,207,5.0
65,208,6.259637310505756
65,209,6.958607314841775
65,210,5.0
65,211,5.0
65,212,5.0
65,213,5.0
65,214,5.0
65,215,5.0
65,216,5.522878745280337
65,217,5.795880017344075
65,218,5.823908740944319
65,219,5.853871964321762
65,220,6.346787486224656
65,221,5.0
65,222,5.0
65,223,5.0
65,224,5.0
65,225,5.0
65,226,5.0
65,227,5.0
65,228,5.7447274948966935
65,229,5.958607314841775
65,230,5.0
65,231,5.0
65,232,7.309803919971486
65,233,5.0
65,234,5.0
65,235,5.853871964321762
65,236,5.2441251443275085
65,237,5.0
65,238,5.3872161432802645
65,239,5.468521082957745
65,240,5.0
65,241,6.443697499232713
65,242,5.769551078621726
65,243,5.0
65,244,5.0
65,245,5.0
65,246,5.0
65,247,5.585026652029182
65,248,5.6020599913279625
65,249,5.0
65,250,5.0
65,251,5.0
65,252,5.0
65,253,5.0
65,254,5.0
65,255,5.0
65,256,5.0
65,257,5.0
65,258,5.0
65,259,5.0
65,260,5.0
65,261,5.0
65,262,5.0
65,263,5.0
65,264,5.0
65,265,5.0
65,266,5.0
65,267,5.0
65,268,5.0
65,269,5.0
65,270,5.0
65,271,5.0
65,272,5.0
65,273,5.0
65,274,5.0
65,275,5.0
65,276,5.0
65,277,5.0
65,278,5.0
65,279,5.0
65,280,5.0
65,281,5.0
65,282,5.0
65,283,5.0
65,284,5.0
65,285,5.0
65,286,5.0
65,287,5.0
65,288,6.638272163982407
65,289,7.055517327849832
65,290,5.0
65,291,5.0
65,292,5.0
65,293,5.0
65,294,5.0
65,295,5.958607314841775
65,296,5.102372908709558
65,297,5.0
65,298,5.0
65,299,5.0
65,300,5.0
65,301,5.0
65,302,5.0
65,303,5.0
65,304,5.0
65,305,5.0
65,306,5.0
65,307,5.0
65,308,5.0
65,309,5.0
65,310,5.0
65,311,5.0
65,312,5.0
65,313,5.0
65,314,5.0
65,315,5.0
65,316,5.0
65,317,5.0
65,318,5.0
65,319,5.0
65,320,5.0
65,321,5.0
65,322,5.0
65,323,5.0
65,324,5.0
65,325,5.0
65,326,5.0
65,327,5.0
65,328,5.0
65,329,6.2076083105017466
65,330,5.0
65,331,5.0
65,332,5.0
65,333,5.0
65,334,5.0
65,335,5.0
65,336,5.0
65,337,5.0
65,338,5.0
65,339,5.0
65,340,5.0
65,341,5.0
65,342,5.0
65,343,5.0
65,344,5.4089353929735005
65,345,5.0
65,346,7.468521082957745
65,347,7.853871964321762
65,348,5.0
65,349,5.0
65,350,5.0
65,351,5.0
65,352,5.0
65,353,5.0
65,354,8.337242168318426
65,355,6.2076083105017466
65,356,5.0
65,357,5.0
65,358,5.443697499232713
65,359,5.0
65,360,5.0
65,361,5.0
65,362,5.0
65,363,5.0
65,364,5.0
65,365,6.3979400086720375
65,366,5.0
65,367,5.0
65,368,5.0
65,369,5.0
65,370,6.619788758288394
65,371,5.795880017344075
65,372,5.0
65,373,5.0
65,374,5.0
65,375,5.721246399047171
65,376,6.366531544420414
65,377,7.022276394711152
65,378,5.0
65,379,5.0
65,380,7.154901959985743
65,381,5.721246399047171
65,382,5.0
65,383,5.0
65,384,5.0
65,385,5.0
65,386,5.853871964321762
65,387,7.251811972993799
65,388,5.0
65,389,5.0
65,390,5.0
65,391,5.0
65,392,5.0
65,393,5.0
65,394,5.0
65,395,5.0
65,396,5.0
65,397,5.431798275933005
65,398,5.0
65,399,5.0
65,400,5.823908740944319
65,401,6.0
65,402,5.0
65,403,5.0
65,404,5.638272163982407
65,405,5.0
65,406,5.0
65,407,5.552841968657781
65,408,5.0
65,409,5.0
65,410,5.0
65,411,5.0
65,412,5.0
65,413,5.0
65,414,5.431798275933005
65,415,5.0
65,416,5.0
65,417,7.031517051446065
65,418,5.0
65,419,5.0
65,420,5.1938200260161125
65,421,6.086186147616283
65,422,5.0
65,423,5.0
65,424,5.0
65,425,5.301029995663981
65,426,5.0
65,427,5.0
65,428,6.920818753952375
65,429,5.0
65,430,6.008773924307505
65,431,5.292429823902063
65,432,5.0
66,0,7.200659450546418
66,1,7.200659450546418
66,2,5.585026652029182
66,3,6.1938200260161125
66,4,7.309803919971486
66,5,7.2839966563652
66,6,7.552841968657781
66,7,8.0
66,8,7.431798275933005
66,9,7.1938200260161125
66,10,5.698970004336019
66,11,6.221848749616356
66,12,5.309803919971486
66,13,5.0
66,14,5.0
66,15,5.376750709602099
66,16,5.0
66,17,5.0
66,18,5.0
66,19,5.0
66,20,5.0
66,21,7.508638306165727
66,22,7.060480747381382
66,23,7.075720713938118
66,24,5.0
66,25,6.795880017344075
66,26,5.0
66,27,5.0
66,28,5.0
66,29,6.376750709602099
66,30,6.721246399047171
66,31,7.920818753952375
66,32,8.657577319177793
66,33,6.42021640338319
66,34,5.0
66,35,5.0
66,36,7.251811972993799
66,37,5.0
66,38,5.0
66,39,5.0
66,40,5.0
66,41,5.0
66,42,5.0
66,43,6.508638306165727
66,44,5.229147988357856
66,45,5.657577319177793
66,46,6.585026652029182
66,47,5.443697499232713
66,48,5.0
66,49,5.0
66,50,5.0
66,51,5.431798275933005
66,52,6.200659450546418
66,53,6.036212172654444
66,54,5.0
66,55,5.0
66,56,5.0
66,57,5.0
66,58,5.0
66,59,5.853871964321762
66,60,5.0
66,61,5.0
66,62,6.522878745280337
66,63,5.0
66,64,5.0
66,65,5.0
66,66,5.886056647693163
66,67,5.0
66,68,5.0
66,69,6.537602002101044
66,70,5.0
66,71,5.0
66,72,8.05551732784983
66,73,6.119186407719209
66,74,5.0
66,75,7.744727494896693
66,76,7.318758762624412
66,77,5.0
66,78,5.0
66,79,5.0
66,80,5.886056647693163
66,81,6.638272163982407
66,82,5.0
66,83,5.0
66,84,5.0
66,85,5.1249387366083
66,86,6.050609993355088
66,87,5.0
66,88,5.0
66,89,5.494850021680094
66,90,5.6777807052660805
66,91,6.267606240177032
66,92,5.0
66,93,6.113509274827518
66,94,7.920818753952375
66,95,7.376750709602099
66,96,6.853871964321762
66,97,5.0
66,98,5.0
66,99,6.958607314841775
66,100,6.173925197299173
66,101,5.0
66,102,5.795880017344075
66,103,5.0
66,104,5.0
66,105,5.0
66,106,5.0
66,107,5.0
66,108,5.0
66,109,5.0
66,110,5.0
66,111,5.0
66,112,5.0
66,113,5.0
66,114,5.0
66,115,5.0
66,116,5.0
66,117,5.920818753952375
66,118,5.537602002101044
66,119,5.0655015487564325
66,120,5.0
66,121,5.0
66,122,6.026872146400302
66,123,5.0
66,124,5.0
66,125,6.259637310505756
66,126,5.0
66,127,5.0
66,128,5.958607314841775
66,129,6.853871964321762
66,130,5.0
66,131,5.0
66,132,5.0
66,133,5.0
66,134,5.0
66,135,5.0
66,136,5.0
66,137,5.6020599913279625
66,138,5.0
66,139,5.698970004336019
66,140,6.6777807052660805
66,141,7.136677139879544
66,142,5.920818753952375
66,143,7.036212172654444
66,144,6.455931955649724
66,145,7.031517051446065
66,146,6.853871964321762
66,147,5.7447274948966935
66,148,6.522878745280337
66,149,7.200659450546418
66,150,8.42021640338319
66,151,9.148741651280924
66,152,9.3767507096021
66,153,8.346787486224656
66,154,8.585026652029182
66,155,7.769551078621726
66,156,7.022276394711152
66,157,5.568636235841013
66,158,6.200659450546418
66,159,5.0
66,160,5.698970004336019
66,161,6.0
66,162,7.769551078621726
66,163,5.920818753952375
66,164,6.366531544420414
66,165,7.080921907623926
66,166,5.275724130399211
66,167,5.886056647693163
66,168,6.102372908709558
66,169,6.070581074285707
66,170,5.920818753952375
66,171,7.455931955649724
66,172,5.0
66,173,5.769551078621726
66,174,7.207608310501746
66,175,5.346787486224656
66,176,5.0
66,177,6.769551078621726
66,178,7.619788758288394
66,179,7.67778070526608
66,180,6.920818753952375
66,181,5.275724130399211
66,182,6.091514981121351
66,183,6.6777807052660805
66,184,5.6020599913279625
66,185,8.318758762624412
66,186,7.853871964321762
66,187,8.086186147616283
66,188,6.200659450546418
66,189,5.0
66,190,6.568636235841013
66,191,8.244125144327509
66,192,7.060480747381382
66,193,6.508638306165727
66,194,7.327902142064283
66,195,8.568636235841012
66,196,8.200659450546418
66,197,8.537602002101044
66,198,7.5376020021010435
66,199,6.376750709602099
66,200,6.42021640338319
66,201,8.207608310501746
66,202,5.0
66,203,5.0
66,204,7.744727494896693
66,205,7.060480747381382
66,206,7.337242168318426
66,207,7.431798275933005
66,208,6.823908740944319
66,209,6.026872146400302
66,210,6.853871964321762
66,211,5.0
66,212,5.0
66,213,5.853871964321762
66,214,8.0268721464003
66,215,7.468521082957745
66,216,5.0
66,217,6.537602002101044
66,218,6.537602002101044
66,219,6.823908740944319
66,220,6.4089353929735005
66,221,5.0
66,222,5.0
66,223,5.853871964321762
66,224,5.853871964321762
66,225,6.113509274827518
66,226,5.698970004336019
66,227,5.337242168318426
66,228,8.0
66,229,7.376750709602099
66,230,5.6777807052660805
66,231,5.431798275933005
66,232,8.744727494896694
66,233,5.0
66,234,8.309803919971486
66,235,8.070581074285707
66,236,6.698970004336019
66,237,6.468521082957745
66,238,6.337242168318426
66,239,7.086186147616283
66,240,5.0
66,241,5.0
66,242,5.0
66,243,6.958607314841775
66,244,6.657577319177793
66,245,5.638272163982407
66,246,6.154901959985743
66,247,5.0
66,248,5.0
66,249,8.045757490560675
66,250,5.0
66,251,7.42021640338319
66,252,6.958607314841775
66,253,7.309803919971486
66,254,5.0
66,255,6.229147988357856
66,256,6.537602002101044
66,257,5.3979400086720375
66,258,6.356547323513812
66,259,5.0
66,260,5.568636235841013
66,261,5.0
66,262,5.0
66,263,5.0
66,264,5.0
66,265,5.0
66,266,5.0
66,267,5.0
66,268,5.0
66,269,5.0
66,270,5.0
66,271,5.0
66,272,5.0
66,273,5.0
66,274,5.886056647693163
66,275,5.0
66,276,5.0
66,277,5.0
66,278,5.0
66,279,5.0
66,280,5.481486060122113
66,281,6.6777807052660805
66,282,5.522878745280337
66,283,5.0
66,284,5.886056647693163
66,285,7.67778070526608
66,286,7.031517051446065
66,287,6.292429823902063
66,288,7.795880017344075
66,289,7.823908740944319
66,290,5.552841968657781
66,291,5.920818753952375
66,292,5.0
66,293,5.0
66,294,6.327902142064283
66,295,6.853871964321762
66,296,6.585026652029182
66,297,5.0
66,298,5.0
66,299,5.0
66,300,5.0
66,301,5.0
66,302,5.0
66,303,5.0
66,304,5.0
66,305,5.0
66,306,5.0
66,307,5.0
66,308,5.0
66,309,5.0
66,310,5.0
66,311,5.0
66,312,5.0
66,313,5.0
66,314,5.0
66,315,5.0
66,316,7.309803919971486
66,317,5.0
66,318,7.769551078621726
66,319,5.0
66,320,5.0
66,321,5.0
66,322,5.0
66,323,6.130768280269024
66,324,5.853871964321762
66,325,8.443697499232712
66,326,5.0
66,327,5.0
66,328,5.0
66,329,7.275724130399211
66,330,5.0
66,331,5.0
66,332,5.0
66,333,5.0
66,334,5.259637310505756
66,335,6.00436480540245
66,336,6.142667503568732
66,337,6.1938200260161125
66,338,7.853871964321762
66,339,5.0
66,340,5.0
66,341,5.0
66,342,8.075720713938118
66,343,7.091514981121351
66,344,5.0
66,345,5.0
66,346,7.508638306165727
66,347,7.522878745280337
66,348,8.008773924307505
66,349,8.017728766960431
66,350,7.638272163982407
66,351,5.0
66,352,7.443697499232713
66,353,6.619788758288394
66,354,5.0
66,355,6.356547323513812
66,356,5.0
66,357,5.0
66,358,5.0
66,359,5.431798275933005
66,360,6.2076083105017466
66,361,5.0
66,362,6.698970004336019
66,363,5.0
66,364,6.7447274948966935
66,365,5.0
66,366,7.187086643357144
66,367,7.236572006437063
66,368,5.0
66,369,6.638272163982407
66,370,5.0
66,371,6.721246399047171
66,372,6.958607314841775
66,373,5.698970004336019
66,374,6.0
66,375,6.173925197299173
66,376,6.552841968657781
66,377,7.292429823902063
66,378,7.67778070526608
66,379,5.0
66,380,6.236572006437063
66,381,5.0
66,382,7.431798275933005
66,383,7.443697499232713
66,384,7.920818753952375
66,385,7.744727494896693
66,386,5.958607314841775
66,387,6.091514981121351
66,388,5.0
66,389,6.2839966563652006
66,390,5.0
66,391,8.387216143280265
66,392,5.0
66,393,5.0
66,394,5.0
66,395,6.823908740944319
66,396,5.0
66,397,5.0
66,398,5.376750709602099
66,399,5.0
66,400,5.657577319177793
66,401,5.853871964321762
66,402,5.0
66,403,5.0
66,404,7.275724130399211
66,405,6.6777807052660805
66,406,5.795880017344075
66,407,5.0
66,408,8.346787486224656
66,409,7.721246399047171
66,410,7.494850021680094
66,411,5.0
66,412,5.214670164989233
66,413,7.657577319177793
66,414,6.0655015487564325
66,415,7.431798275933005
66,416,6.301029995663981
66,417,5.309803919971486
66,418,6.468521082957745
66,419,6.42021640338319
66,420,7.221848749616356
66,421,8.537602002101044
66,422,5.0
66,423,5.537602002101044
66,424,5.0
66,425,5.0
66,426,5.0
66,427,5.0
66,428,7.096910013008056
66,429,5.0
66,430,8.2839966563652
66,431,5.0
66,432,5.455931955649724
67,0,5.0
67,1,5.0
67,2,5.0
67,3,5.0
67,4,5.0
67,5,5.0
67,6,5.0
67,7,5.0
67,8,5.0
67,9,5.0
67,10,5.0
67,11,5.0
67,12,5.0
67,13,5.0
67,14,5.0
67,15,5.0
67,16,5.0
67,17,5.0
67,18,5.0
67,19,5.0
67,20,5.0
67,21,5.0
67,22,5.0
67,23,5.0
67,24,5.0
67,25,5.0
67,26,5.0
67,27,5.0
67,28,5.0
67,29,5.0
67,30,5.0
67,31,5.0
67,32,5.0
67,33,5.0
67,34,5.0
67,35,5.0
67,36,5.0
67,37,5.0
67,38,5.0
67,39,5.0
67,40,5.619788758288394
67,41,5.0
67,42,5.0
67,43,5.0
67,44,5.0
67,45,5.0
67,46,5.0
67,47,5.0
67,48,5.0
67,49,5.0
67,50,5.0
67,51,5.0
67,52,5.0
67,53,5.0
67,54,5.0
67,55,5.0
67,56,5.0
67,57,5.0
67,58,5.823908740944319
67,59,5.0
67,60,5.0
67,61,5.0
67,62,5.0
67,63,5.346787486224656
67,64,5.0
67,65,5.0
67,66,5.0
67,67,5.0
67,68,5.0
67,69,5.0
67,70,5.0
67,71,5.055517327849831
67,72,5.0
67,73,5.0
67,74,5.0
67,75,5.0
67,76,7.346787486224656
67,77,5.0
67,78,5.0
67,79,5.0
67,80,5.0
67,81,5.0
67,82,5.0
67,83,5.0
67,84,5.0
67,85,5.0
67,86,5.0
67,87,5.0
67,88,5.0
67,89,5.0
67,90,5.0
67,91,5.0
67,92,5.0
67,93,5.0
67,94,6.568636235841013
67,95,5.0
67,96,5.0
67,97,5.0
67,98,5.0
67,99,5.0
67,100,5.0
67,101,5.0
67,102,5.0
67,103,5.0
67,104,5.0
67,105,5.0
67,106,5.0
67,107,5.0
67,108,5.0
67,109,5.0
67,110,5.0
67,111,5.0
67,112,5.0
67,113,5.0
67,114,5.0
67,115,5.0
67,116,5.0
67,117,5.0
67,118,5.0
67,119,5.0
67,120,5.0
67,121,5.0
67,122,5.0
67,123,5.0
67,124,5.0
67,125,5.0
67,126,5.0
67,127,5.0
67,128,5.0
67,129,5.0
67,130,5.0
67,131,5.0
67,132,5.0
67,133,5.0
67,134,5.0
67,135,5.0
67,136,5.0
67,137,5.0
67,138,5.0
67,139,5.0
67,140,5.0
67,141,5.0
67,142,5.0
67,143,5.0
67,144,5.0
67,145,5.0
67,146,5.0
67,147,5.0
67,148,5.0
67,149,8.017728766960431
67,150,5.0
67,151,5.0
67,152,5.0
67,153,5.0
67,154,5.0
67,155,5.0
67,156,6.481486060122113
67,157,5.7447274948966935
67,158,5.0
67,159,5.0
67,160,5.0
67,161,5.0
67,162,5.0
67,163,5.0
67,164,5.0
67,165,5.0
67,166,5.0
67,167,5.0
67,168,5.0
67,169,5.0
67,170,5.0
67,171,5.0
67,172,5.0
67,173,5.0
67,174,5.0
67,175,5.0
67,176,5.0
67,177,5.0
67,178,5.0
67,179,5.0
67,180,5.0
67,181,5.0
67,182,5.0
67,183,5.0
67,184,5.0
67,185,5.0
67,186,5.0
67,187,5.0
67,188,5.0
67,189,5.0
67,190,5.0
67,191,8.292429823902063
67,192,5.0
67,193,5.0
67,194,5.0
67,195,6.958607314841775
67,196,7.769551078621726
67,197,5.0
67,198,6.6777807052660805
67,199,5.0
67,200,5.0
67,201,5.0
67,202,5.0
67,203,5.0
67,204,5.0
67,205,5.0
67,206,5.0
67,207,5.0
67,208,5.0
67,209,5.0
67,210,5.0
67,211,5.0
67,212,5.0
67,213,5.0
67,214,5.0
67,215,5.0
67,216,5.0
67,217,5.0
67,218,5.0
67,219,5.0
67,220,5.0
67,221,5.0
67,222,5.0
67,223,5.0
67,224,5.0
67,225,5.0
67,226,5.0
67,227,5.0
67,228,5.0
67,229,5.0
67,230,5.0
67,231,5.0
67,232,5.0
67,233,5.0
67,234,5.0
67,235,5.0
67,236,5.0
67,237,5.0
67,238,5.0
67,239,5.0
67,240,5.0
67,241,5.0
67,242,5.0
67,243,5.0
67,244,5.0
67,245,5.0
67,246,5.0
67,247,5.0
67,248,5.0
67,249,5.0
67,250,5.0
67,251,5.0
67,252,5.0
67,253,5.0
67,254,5.0
67,255,5.0
67,256,5.0
67,257,5.0
67,258,5.0
67,259,5.0
67,260,5.0
67,261,5.0
67,262,5.0
67,263,5.0
67,264,5.0
67,265,5.0
67,266,5.0
67,267,5.0
67,268,5.0
67,269,5.0
67,270,5.0
67,271,5.0
67,272,5.0
67,273,5.0
67,274,5.0
67,275,5.0
67,276,5.0
67,277,5.0
67,278,5.0
67,279,5.0
67,280,5.0
67,281,5.0
67,282,5.0
67,283,5.0
67,284,5.0
67,285,5.0
67,286,5.0
67,287,5.0
67,288,7.017728766960432
67,289,7.602059991327962
67,290,5.0
67,291,5.0
67,292,5.0
67,293,5.0
67,294,5.0
67,295,5.0
67,296,5.0
67,297,5.0
67,298,5.0
67,299,5.0
67,300,5.0
67,301,5.0
67,302,5.0
67,303,5.0
67,304,5.0
67,305,5.0
67,306,5.0
67,307,5.0
67,308,5.0
67,309,5.0
67,310,5.0
67,311,5.0
67,312,5.0
67,313,5.0
67,314,5.0
67,315,5.0
67,316,5.0
67,317,5.0
67,318,5.0
67,319,5.0
67,320,5.0
67,321,5.0
67,322,5.0
67,323,5.0
67,324,5.0
67,325,5.0
67,326,5.0
67,327,5.0
67,328,5.0
67,329,5.0
67,330,5.0
67,331,5.0
67,332,5.0
67,333,5.0
67,334,5.0
67,335,5.0
67,336,5.0
67,337,5.0
67,338,5.0
67,339,5.0
67,340,5.0
67,341,5.0
67,342,5.0
67,343,5.0
67,344,5.0
67,345,5.0
67,346,5.0
67,347,5.119186407719209
67,348,5.0
67,349,5.0
67,350,5.0
67,351,5.0
67,352,5.0
67,353,5.0
67,354,5.0
67,355,5.0
67,356,5.0
67,357,5.0
67,358,5.0
67,359,5.0
67,360,5.0
67,361,5.0
67,362,5.0
67,363,5.0
67,364,5.0
67,365,5.0
67,366,5.0
67,367,5.0
67,368,5.0
67,369,5.0
67,370,5.0
67,371,5.0
67,372,5.0
67,373,5.0
67,374,5.0
67,375,5.0
67,376,5.0
67,377,5.0
67,378,5.0
67,379,5.0
67,380,5.0
67,381,5.0
67,382,5.0
67,383,5.0
67,384,5.0
67,385,5.0
67,386,5.0
67,387,5.0
67,388,5.0
67,389,5.0
67,390,5.0
67,391,5.0
67,392,5.0
67,393,5.0
67,394,5.0
67,395,5.0
67,396,5.0
67,397,5.0
67,398,5.0
67,399,5.0
67,400,5.0
67,401,5.0
67,402,5.0
67,403,5.0
67,404,5.0
67,405,5.0
67,406,5.0
67,407,5.0
67,408,5.0
67,409,5.0
67,410,5.0
67,411,5.0
67,412,5.0
67,413,5.0
67,414,5.0
67,415,5.0
67,416,5.0
67,417,5.0
67,418,5.0
67,419,5.0
67,420,5.0
67,421,7.207608310501746
67,422,5.0
67,423,5.0
67,424,5.0
67,425,5.0
67,426,5.0
67,427,5.0
67,428,5.0
67,429,5.0
67,430,5.721246399047171
67,431,5.356547323513812
67,432,5.0
